logs/job_AIS_2019-20_1000_West_Ep-F-2274115_ATL03_20200206111502_06370611_006_01.h5-0.log,The job restarted too many times
logs/job_AIS_2019-20_1000_West_Ep-F-2274115_ATL03_20200301041337_09990612_006_01.h5-1.log,The job restarted too many times
logs/job_AIS_2020-21_1000_West_Ep-F-2274115_ATL03_20201203221707_10800910_006_01.h5-2.log,The job restarted too many times
logs/job_AIS_2018-19_1000_Peninsula_Ipp-J-2274115_ATL03_20190122150622_03840212_006_02.h5-3.log,The job restarted too many times
logs/job_AIS_2018-19_1000_East_Dp-E-2274115_ATL03_20190223103751_08700210_006_02.h5-4.log,The job restarted too many times
logs/job_AIS_2019-20_1000_East_Dp-E-2274115_ATL03_20200119062813_03590612_006_01.h5-5.log,The job restarted too many times
logs/job_AIS_2020-21_1000_East_Dp-E-2274115_ATL03_20201211155644_11980912_006_01.h5-6.log,The job restarted too many times
logs/job_AIS_2019-20_1000_West_G-H-2274115_ATL03_20191201021643_09950512_006_01.h5-7.log,The job restarted too many times
logs/job_GrIS_2020_2000_NO-2274115_ATL03_20200724120410_04450804_006_01.h5-8.log,The job restarted too many times
logs/job_GrIS_2022_2000_NO-2274115_ATL03_20220819215356_09011603_006_01.h5-9.log,The job restarted too many times
logs/job_GrIS_2022_2000_NO-2274115_ATL03_20220822112150_09401605_006_01.h5-10.log,The job restarted too many times
logs/job_GrIS_2019_2000_SE-2274115_ATL03_20190807163046_06200405_006_02.h5-11.log,The job restarted too many times
logs/job_GrIS_2019_2000_CW-2274115_ATL03_20190801173024_05290405_006_02.h5-12.log,The job restarted too many times
logs/job_GrIS_2020_2000_CW-2274115_ATL03_20200730000939_05290805_006_01.h5-13.log,The job restarted too many times
logs/job_GrIS_2019_2000_NO-2274115_ATL03_20190510071453_06420303_006_02.h5-14.log,The job restarted too many times
logs/job_GrIS_2019_2000_NO-2274115_ATL03_20190512204245_06810305_006_02.h5-15.log,The job restarted too many times
logs/job_GrIS_2020_2000_NO-2274115_ATL03_20200507135402_06420703_006_01.h5-16.log,The job restarted too many times
logs/job_GrIS_2021_2000_NO-2274115_ATL03_20210508100114_06811105_006_01.h5-17.log,The job restarted too many times
logs/job_GrIS_2022_2000_NO-2274115_ATL03_20220506164046_06811505_006_01.h5-18.log,The job restarted too many times
logs/job_GrIS_2023_2000_NO-2274115_ATL03_20230502095208_06421903_006_01.h5-19.log,The job restarted too many times
logs/job_GrIS_2019_2000_SE-2274115_ATL03_20190507083151_05970303_006_02.h5-20.log,The job restarted too many times
logs/job_GrIS_2019_2000_SE-2274115_ATL03_20190508205105_06200305_006_02.h5-21.log,The job restarted too many times
logs/job_GrIS_2020_2000_SE-2274115_ATL03_20200504151059_05970703_006_01.h5-22.log,The job restarted too many times
logs/job_GrIS_2021_2000_SE-2274115_ATL03_20210502215019_05971103_006_01.h5-23.log,The job restarted too many times
logs/job_GrIS_2021_2000_SE-2274115_ATL03_20210504100933_06201105_006_01.h5-24.log,The job restarted too many times
logs/job_GrIS_2022_2000_NW-2274115_ATL03_20220511191525_07591505_006_01.h5-25.log,The job restarted too many times
logs/job_AIS_2020-21_1000_East_Dp-E-2274115_ATL03_20210116130731_03591012_006_01.h5-26.log,The job restarted too many times
logs/job_GrIS_2022_2000_CW-2274115_ATL03_20220726132845_05291605_006_02.h5-27.log,The job restarted too many times
logs/job_GrIS_2019_2000_NO-2274115_ATL03_20190503225412_05450304_006_02.h5-28.log,The job restarted too many times
logs/job_GrIS_2020_2000_NO-2274115_ATL03_20200510032155_06810705_006_01.h5-29.log,The job restarted too many times
logs/job_GrIS_2020_2000_SE-2274115_ATL03_20200506033014_06200705_006_01.h5-30.log,The job restarted too many times
logs/job_GrIS_2022_2000_SE-2274115_ATL03_20220501042951_05971503_006_01.h5-31.log,The job restarted too many times
logs/job_GrIS_2022_2000_SE-2274115_ATL03_20220502164904_06201505_006_01.h5-32.log,The job restarted too many times
logs/job_AIS_2022_1000_East_Dp-E-2274115_ATL03_20221116173514_08701710_006_01.h5-33.log,The job restarted too many times
logs/job_AIS_2020-21_1000_West_Ep-F-2274115_ATL03_20210227105255_09991012_006_01.h5-34.log,The job restarted too many times
logs/job_GrIS_2019_2000_NE-2274115_ATL03_20190506200257_05890304_006_02.h5-35.log,The job restarted too many times
logs/job_GrIS_2021_2000_NO-2274115_ATL03_20210505203321_06421103_006_01.h5-36.log,The job restarted too many times
logs/job_GrIS_2022_2000_NO-2274115_ATL03_20220504031254_06421503_006_01.h5-37.log,The job restarted too many times
logs/job_GrIS_2022_2000_NO-2274115_ATL03_20220511191525_07591505_006_01.h5-38.log,The job restarted too many times
logs/job_GrIS_2022_2000_NE-2274115_ATL03_20220929201025_01391704_006_01.h5-39.log,The job restarted too many times
logs/job_GrIS_2020_2000_NE-2274115_ATL03_20200504024205_05890704_006_01.h5-40.log,The job restarted too many times
logs/job_GrIS_2023_2000_NO-2274115_ATL03_20230504231958_06811905_006_01.h5-41.log,The job restarted too many times
logs/job_GrIS_2019_2000_CW-2274115_ATL03_20190502215043_05290305_006_02.h5-42.log,The job restarted too many times
logs/job_AIS_2021_1000_West_Ep-F-2274115_ATL03_20211128174703_10271311_006_01.h5-43.log,The job restarted too many times
