logs/job_AIS_2021-22_1000_Peninsula_Hp-I-123993_ATL03_20211204134432_11161312_006_01.h5-1229.log,memory usage exceeded request_memory
logs/job_AIS_2022-23_1000_Peninsula_Hp-I-123993_ATL03_20221222194213_00341812_006_01.h5-1317.log,memory usage exceeded request_memory
logs/job_AIS_2022-23_1000_Peninsula_Hp-I-123993_ATL03_20230104185133_02321812_006_01.h5-1328.log,memory usage exceeded request_memory
logs/job_AIS_2022-23_1000_Peninsula_Hp-I-123993_ATL03_20230206171923_07351812_006_01.h5-1344.log,memory usage exceeded request_memory
logs/job_AIS_2021-22_1000_Peninsula_Ipp-J-123993_ATL03_20211127133533_10091312_006_01.h5-1358.log,memory usage exceeded request_memory
logs/job_AIS_2021-22_1000_Peninsula_Ipp-J-123993_ATL03_20211205131854_11311312_006_01.h5-1361.log,memory usage exceeded request_memory
logs/job_AIS_2021-22_1000_Peninsula_Ipp-J-123993_ATL03_20211226121136_00641412_006_01.h5-1368.log,memory usage exceeded request_memory
logs/job_AIS_2022-23_1000_Peninsula_Ipp-J-123993_ATL03_20221129200636_10701712_006_01.h5-1392.log,memory usage exceeded request_memory
logs/job_AIS_2022-23_1000_Peninsula_Ipp-J-123993_ATL03_20230101183418_01861812_006_01.h5-1399.log,memory usage exceeded request_memory
logs/job_AIS_2022-23_1000_Peninsula_Ipp-J-123993_ATL03_20230126171849_05671812_006_01.h5-1406.log,memory usage exceeded request_memory
logs/job_AIS_2022-23_1000_Peninsula_Ipp-J-123993_ATL03_20230224155458_10091812_006_01.h5-1416.log,memory usage exceeded request_memory
logs/job_AIS_2022-23_1000_Peninsula_Ipp-J-123993_ATL03_20230228154624_10701812_006_01.h5-1418.log,memory usage exceeded request_memory
logs/job_AIS_2021-22_1000_East_Dp-E-123993_ATL03_20211128223538_10301312_006_01.h5-2712.log,memory usage exceeded request_memory
logs/job_AIS_2021-22_1000_East_Dp-E-123993_ATL03_20211210221040_12131312_006_01.h5-2719.log,memory usage exceeded request_memory
logs/job_AIS_2021-22_1000_East_Dp-E-123993_ATL03_20211214220221_12741312_006_01.h5-2724.log,memory usage exceeded request_memory
logs/job_AIS_2021-22_1000_East_Dp-E-123993_ATL03_20211227211141_00851412_006_01.h5-2734.log,memory usage exceeded request_memory
logs/job_AIS_2021-22_1000_East_Dp-E-123993_ATL03_20220211060103_07781410_006_01.h5-2761.log,memory usage exceeded request_memory
logs/job_AIS_2022-23_1000_East_Dp-E-123993_ATL03_20221127051502_10301712_006_01.h5-2783.log,memory usage exceeded request_memory
logs/job_AIS_2022-23_1000_East_Dp-E-123993_ATL03_20230111031740_03291812_006_01.h5-2806.log,memory usage exceeded request_memory
logs/job_AIS_2022-23_1000_East_Dp-E-123993_ATL03_20230124022724_05271812_006_01.h5-2815.log,memory usage exceeded request_memory
logs/job_AIS_2021-22_1000_Peninsula_I-Ipp-123993_ATL03_20211123134353_09481312_006_01.h5-3157.log,memory usage exceeded request_memory
logs/job_AIS_2021-22_1000_Peninsula_I-Ipp-123993_ATL03_20211209131037_11921312_006_01.h5-3163.log,memory usage exceeded request_memory
logs/job_AIS_2021-22_1000_Peninsula_I-Ipp-123993_ATL03_20211213130216_12531312_006_01.h5-3164.log,memory usage exceeded request_memory
logs/job_AIS_2021-22_1000_Peninsula_I-Ipp-123993_ATL03_20211217125356_13141312_006_01.h5-3165.log,memory usage exceeded request_memory
logs/job_AIS_2021-22_1000_Peninsula_I-Ipp-123993_ATL03_20220107114637_02471412_006_01.h5-3174.log,memory usage exceeded request_memory
logs/job_AIS_2021-22_1000_Peninsula_I-Ipp-123993_ATL03_20220111113818_03081412_006_01.h5-3175.log,memory usage exceeded request_memory
logs/job_AIS_2021-22_1000_Peninsula_I-Ipp-123993_ATL03_20220122222536_04831410_006_01.h5-3180.log,memory usage exceeded request_memory
logs/job_AIS_2021-22_1000_Peninsula_I-Ipp-123993_ATL03_20220126221715_05441410_006_01.h5-3181.log,memory usage exceeded request_memory
logs/job_AIS_2021-22_1000_Peninsula_I-Ipp-123993_ATL03_20220220210139_09251410_006_01.h5-3189.log,memory usage exceeded request_memory
logs/job_AIS_2021-22_1000_Peninsula_I-Ipp-123993_ATL03_20220224205325_09861410_006_01.h5-3193.log,memory usage exceeded request_memory
logs/job_AIS_2022-23_1000_Peninsula_I-Ipp-123993_ATL03_20221116205713_08721712_006_01.h5-3197.log,memory usage exceeded request_memory
logs/job_AIS_2022-23_1000_Peninsula_I-Ipp-123993_ATL03_20221207194954_11921712_006_01.h5-3205.log,memory usage exceeded request_memory
logs/job_AIS_2022-23_1000_Peninsula_I-Ipp-123993_ATL03_20221215193311_13141712_006_01.h5-3207.log,memory usage exceeded request_memory
logs/job_AIS_2022-23_1000_Peninsula_I-Ipp-123993_ATL03_20221216190734_13291712_006_01.h5-3208.log,memory usage exceeded request_memory
logs/job_AIS_2022-23_1000_Peninsula_I-Ipp-123993_ATL03_20221228184239_01251812_006_01.h5-3214.log,memory usage exceeded request_memory
logs/job_AIS_2022-23_1000_Peninsula_I-Ipp-123993_ATL03_20230105182553_02471812_006_01.h5-3217.log,memory usage exceeded request_memory
logs/job_AIS_2022-23_1000_Peninsula_I-Ipp-123993_ATL03_20230109181735_03081812_006_01.h5-3219.log,memory usage exceeded request_memory
logs/job_AIS_2022-23_1000_Peninsula_I-Ipp-123993_ATL03_20230113180917_03691812_006_01.h5-3220.log,memory usage exceeded request_memory
logs/job_AIS_2022-23_1000_Peninsula_I-Ipp-123993_ATL03_20230203170201_06891812_006_01.h5-3231.log,memory usage exceeded request_memory
logs/job_AIS_2022-23_1000_Peninsula_I-Ipp-123993_ATL03_20230207165341_07501812_006_01.h5-3233.log,memory usage exceeded request_memory
logs/job_AIS_2022-23_1000_Peninsula_I-Ipp-123993_ATL03_20230211164520_08111812_006_01.h5-3234.log,memory usage exceeded request_memory
logs/job_AIS_2022-23_1000_Peninsula_I-Ipp-123993_ATL03_20230215163705_08721812_006_01.h5-3237.log,memory usage exceeded request_memory
logs/job_AIS_2021-22_1000_East_E-Ep-123993_ATL03_20211213222217_12591311_006_01.h5-3297.log,memory usage exceeded request_memory
logs/job_AIS_2021-22_1000_East_E-Ep-123993_ATL03_20211221220536_13811311_006_01.h5-3309.log,memory usage exceeded request_memory
logs/job_AIS_2021-22_1000_East_E-Ep-123993_ATL03_20220111205819_03141411_006_01.h5-3349.log,memory usage exceeded request_memory
logs/job_AIS_2021-22_1000_East_E-Ep-123993_ATL03_20220115205000_03751411_006_01.h5-3357.log,memory usage exceeded request_memory
logs/job_AIS_2022-23_1000_East_E-Ep-123993_ATL03_20221130052636_10761711_006_01.h5-3461.log,memory usage exceeded request_memory
logs/job_AIS_2022-23_1000_East_E-Ep-123993_ATL03_20221204051816_11371711_006_01.h5-3467.log,memory usage exceeded request_memory
logs/job_AIS_2022-23_1000_East_E-Ep-123993_ATL03_20221208050954_11981711_006_01.h5-3475.log,memory usage exceeded request_memory
logs/job_AIS_2022-23_1000_East_E-Ep-123993_ATL03_20221212050136_12591711_006_01.h5-3484.log,memory usage exceeded request_memory
logs/job_AIS_2022-23_1000_East_E-Ep-123993_ATL03_20230102035418_01921811_006_01.h5-3513.log,memory usage exceeded request_memory
logs/job_AIS_2022-23_1000_East_E-Ep-123993_ATL03_20230110033736_03141811_006_01.h5-3524.log,memory usage exceeded request_memory
logs/job_AIS_2022-23_1000_East_E-Ep-123993_ATL03_20230114032919_03751811_006_01.h5-3532.log,memory usage exceeded request_memory
logs/job_AIS_2021-22_1000_East_Ap-B-123993_ATL03_20211120070926_08981312_006_01.h5-8.log,The job restarted too many times
logs/job_AIS_2021-22_1000_East_Ap-B-123993_ATL03_20211219041110_13391312_006_01.h5-41.log,The job restarted too many times
logs/job_AIS_2021-22_1000_East_Ap-B-123993_ATL03_20211228032850_00891412_006_01.h5-52.log,The job restarted too many times
logs/job_AIS_2021-22_1000_East_Ap-B-123993_ATL03_20220213143529_08141410_006_01.h5-104.log,The job restarted too many times
logs/job_AIS_2022-23_1000_East_Ap-B-123993_ATL03_20221117232646_08891710_006_01.h5-127.log,The job restarted too many times
logs/job_AIS_2022-23_1000_East_Ap-B-123993_ATL03_20230123213048_05241810_006_01.h5-201.log,The job restarted too many times
logs/job_AIS_2022-23_1000_East_Ap-B-123993_ATL03_20230220203230_09511810_006_01.h5-219.log,The job restarted too many times
logs/job_AIS_2021-22_1000_East_Jpp-K-123993_ATL03_20211123133810_09481311_006_01.h5-242.log,The job restarted too many times
logs/job_AIS_2021-22_1000_East_Jpp-K-123993_ATL03_20211128222214_10301310_006_01.h5-251.log,The job restarted too many times
logs/job_AIS_2021-22_1000_East_Jpp-K-123993_ATL03_20211129233833_10461311_006_01.h5-254.log,The job restarted too many times
logs/job_AIS_2021-22_1000_East_Jpp-K-123993_ATL03_20211209223038_11981311_006_01.h5-271.log,The job restarted too many times
logs/job_AIS_2021-22_1000_East_Jpp-K-123993_ATL03_20211214110219_12671312_006_01.h5-279.log,The job restarted too many times
logs/job_AIS_2021-22_1000_East_Jpp-K-123993_ATL03_20211217221357_13201311_006_01.h5-285.log,The job restarted too many times
logs/job_AIS_2021-22_1000_East_Jpp-K-123993_ATL03_20211228203237_01001410_006_01.h5-300.log,The job restarted too many times
logs/job_AIS_2021-22_1000_East_Jpp-K-123993_ATL03_20220114210758_03601410_006_01.h5-332.log,The job restarted too many times
logs/job_AIS_2021-22_1000_East_Jpp-K-123993_ATL03_20220201102516_06281411_006_01.h5-354.log,The job restarted too many times
logs/job_AIS_2021-22_1000_East_Jpp-K-123993_ATL03_20220214093437_08261411_006_01.h5-368.log,The job restarted too many times
logs/job_AIS_2021-22_1000_West_Ep-F-123993_ATL03_20211209051327_11871311_006_01.h5-438.log,The job restarted too many times
logs/job_AIS_2021-22_1000_West_Ep-F-123993_ATL03_20220205021748_06841410_006_01.h5-477.log,The job restarted too many times
logs/job_AIS_2022-23_1000_West_Ep-F-123993_ATL03_20221117013423_08751711_006_01.h5-528.log,The job restarted too many times
logs/job_AIS_2022-23_1000_West_Ep-F-123993_ATL03_20221119035722_09071712_006_01.h5-534.log,The job restarted too many times
logs/job_AIS_2022-23_1000_West_Ep-F-123993_ATL03_20221216001020_13171711_006_01.h5-603.log,The job restarted too many times
logs/job_AIS_2022-23_1000_West_Ep-F-123993_ATL03_20230112090328_03481811_006_01.h5-662.log,The job restarted too many times
logs/job_AIS_2022-23_1000_West_Ep-F-123993_ATL03_20230219224016_09371811_006_01.h5-758.log,The job restarted too many times
logs/job_AIS_2021-22_1000_East_A-Ap-123993_ATL03_20220215151826_08451410_006_01.h5-2555.log,The job restarted too many times
logs/job_AIS_2022-23_1000_East_A-Ap-123993_ATL03_20221214134143_12951712_006_01.h5-2603.log,The job restarted too many times
logs/job_AIS_2022-23_1000_East_A-Ap-123993_ATL03_20230108011239_02821810_006_01.h5-2634.log,The job restarted too many times
logs/job_AIS_2021-22_1000_East_Dp-E-123993_ATL03_20211211085718_12201310_006_01.h5-2720.log,The job restarted too many times
logs/job_AIS_2021-22_1000_West_G-H-123993_ATL03_20211217014031_13071310_006_01.h5-2865.log,The job restarted too many times
logs/job_AIS_2021-22_1000_West_J-Jpp-123993_ATL03_20211123134353_09481312_006_01.h5-1617.log,Job was held manually.
logs/job_AIS_2021-22_1000_West_J-Jpp-123993_ATL03_20211206000532_11381310_006_01.h5-1652.log,Job was held manually.
logs/job_AIS_2022-23_1000_West_J-Jpp-123993_ATL03_20230119042931_04521811_006_01.h5-2111.log,Job was held manually.
logs/job_AIS_2021-22_1000_East_A-Ap-123993_ATL03_20220225141031_09971410_006_01.h5-2567.log,Job was held manually.
logs/job_AIS_2022-23_1000_East_A-Ap-123993_ATL03_20221211132425_12491712_006_01.h5-2601.log,Job was held manually.
logs/job_AIS_2022-23_1000_East_Dp-E-123993_ATL03_20221124045740_09841712_006_01.h5-2781.log,Job was held manually.
logs/job_AIS_2022-23_1000_East_Dp-E-123993_ATL03_20230107032559_02681812_006_01.h5-2805.log,Job was held manually.
logs/job_AIS_2021-22_1000_West_G-H-123993_ATL03_20211225012349_00421410_006_01.h5-2876.log,Job was held manually.
logs/job_AIS_2022-23_1000_West_G-H-123993_ATL03_20230207054016_07431810_006_01.h5-2991.log,Job was held manually.
logs/job_AIS_2022-23_1000_West_H-Hp-123993_ATL03_20221201222349_11021712_006_01.h5-3091.log,Job was held manually.
logs/job_AIS_2021-22_1000_Peninsula_I-Ipp-123993_ATL03_20211201132713_10701312_006_01.h5-3160.log,Job was held manually.
logs/job_AIS_2021-22_1000_Peninsula_I-Ipp-123993_ATL03_20211221124535_13751312_006_01.h5-3168.log,Job was held manually.
logs/job_AIS_2021-22_1000_Peninsula_I-Ipp-123993_ATL03_20220118223356_04221410_006_01.h5-3177.log,Job was held manually.
logs/job_AIS_2021-22_1000_Peninsula_I-Ipp-123993_ATL03_20220119112139_04301412_006_01.h5-3178.log,Job was held manually.
logs/job_AIS_2022-23_1000_Peninsula_I-Ipp-123993_ATL03_20221203071032_11231710_006_01.h5-3202.log,Job was held manually.
logs/job_AIS_2022-23_1000_Peninsula_I-Ipp-123993_ATL03_20221219192450_13751712_006_01.h5-3209.log,Job was held manually.
logs/job_AIS_2022-23_1000_Peninsula_I-Ipp-123993_ATL03_20230114174339_03841812_006_01.h5-3222.log,Job was held manually.
logs/job_AIS_2022-23_1000_Peninsula_I-Ipp-123993_ATL03_20230117180055_04301812_006_01.h5-3224.log,Job was held manually.
logs/job_AIS_2022-23_1000_Peninsula_I-Ipp-123993_ATL03_20230216161125_08871812_006_01.h5-3238.log,Job was held manually.
logs/job_AIS_2021-22_1000_East_E-Ep-123993_ATL03_20211127225534_10151311_006_01.h5-3270.log,Job was held manually.
logs/job_AIS_2021-22_1000_East_E-Ep-123993_ATL03_20211130090417_10521311_006_01.h5-3273.log,Job was held manually.
logs/job_AIS_2021-22_1000_East_E-Ep-123993_ATL03_20211205223855_11371311_006_01.h5-3281.log,Job was held manually.
logs/job_AIS_2021-22_1000_East_E-Ep-123993_ATL03_20211206080440_11431311_006_01.h5-3283.log,Job was held manually.
logs/job_AIS_2021-22_1000_East_E-Ep-123993_ATL03_20211209223038_11981311_006_01.h5-3288.log,Job was held manually.
logs/job_AIS_2021-22_1000_East_E-Ep-123993_ATL03_20211217221357_13201311_006_01.h5-3303.log,Job was held manually.
logs/job_AIS_2022-23_1000_East_E-Ep-123993_ATL03_20221216045313_13201711_006_01.h5-3489.log,Job was held manually.
logs/job_AIS_2022-23_1000_East_E-Ep-123993_ATL03_20221220044452_13811711_006_01.h5-3495.log,Job was held manually.
logs/job_AIS_2022-23_1000_East_E-Ep-123993_ATL03_20230111031156_03291811_006_01.h5-3526.log,Job was held manually.
logs/job_AIS_2021-22_1000_East_B-C-123993_ATL03_20211120162146_09041310_006_01.h5-3601.log,Job was held manually.
logs/job_AIS_2021-22_1000_East_B-C-123993_ATL03_20211223144927_00201410_006_01.h5-3618.log,Job was held manually.
logs/job_AIS_2021-22_1000_East_Cp-D-123993_ATL03_20211216004516_12911312_006_01.h5-3704.log,Job was held manually.
