logs/job_GrIS_2019_2000_NE-117771_ATL03_20190527190044_09090305_006_02.h5-17.log,memory usage exceeded request_memory
logs/job_GrIS_2019_2000_NE-117771_ATL03_20190617175325_12290305_006_02.h5-50.log,memory usage exceeded request_memory
logs/job_GrIS_2019_2000_NE-117771_ATL03_20190716162917_02840405_006_02.h5-66.log,memory usage exceeded request_memory
logs/job_GrIS_2019_2000_NE-117771_ATL03_20190720162059_03450405_006_02.h5-71.log,memory usage exceeded request_memory
logs/job_GrIS_2019_2000_NE-117771_ATL03_20190724161242_04060405_006_02.h5-77.log,memory usage exceeded request_memory
logs/job_GrIS_2019_2000_NE-117771_ATL03_20190728160425_04670405_006_02.h5-82.log,memory usage exceeded request_memory
logs/job_GrIS_2019_2000_NE-117771_ATL03_20190801155607_05280405_006_02.h5-87.log,memory usage exceeded request_memory
logs/job_GrIS_2019_2000_NE-117771_ATL03_20190830143213_09700405_006_02.h5-125.log,memory usage exceeded request_memory
logs/job_GrIS_2020_2000_NE-117771_ATL03_20200611113024_11750703_006_01.h5-180.log,memory usage exceeded request_memory
logs/job_GrIS_2021_2000_NE-117771_ATL03_20210519082737_08481105_006_01.h5-315.log,memory usage exceeded request_memory
logs/job_GrIS_2021_2000_NE-117771_ATL03_20210519191705_08551103_006_01.h5-316.log,memory usage exceeded request_memory
logs/job_GrIS_2021_2000_NE-117771_ATL03_20210523190845_09161103_006_01.h5-320.log,memory usage exceeded request_memory
logs/job_GrIS_2021_2000_NE-117771_ATL03_20210527081057_09701105_006_01.h5-325.log,memory usage exceeded request_memory
logs/job_GrIS_2021_2000_NE-117771_ATL03_20210527190025_09771103_006_01.h5-326.log,memory usage exceeded request_memory
logs/job_GrIS_2021_2000_NE-117771_ATL03_20210604075418_10921105_006_01.h5-335.log,memory usage exceeded request_memory
logs/job_GrIS_2021_2000_NE-117771_ATL03_20210617175307_12971103_006_01.h5-349.log,memory usage exceeded request_memory
logs/job_GrIS_2021_2000_NE-117771_ATL03_20210629063841_00861205_006_01.h5-359.log,memory usage exceeded request_memory
logs/job_GrIS_2021_2000_NE-117771_ATL03_20210818145659_08551203_006_01.h5-417.log,memory usage exceeded request_memory
logs/job_GrIS_2022_2000_NE-117771_ATL03_20220521145848_09091505_006_01.h5-459.log,memory usage exceeded request_memory
logs/job_GrIS_2022_2000_NE-117771_ATL03_20220525145029_09701505_006_01.h5-463.log,memory usage exceeded request_memory
logs/job_GrIS_2022_2000_NE-117771_ATL03_20220529144215_10311505_006_01.h5-469.log,memory usage exceeded request_memory
logs/job_GrIS_2022_2000_NE-117771_ATL03_20220623132645_00251605_006_01.h5-494.log,memory usage exceeded request_memory
logs/job_GrIS_2022_2000_NE-117771_ATL03_20220706123604_02231605_006_02.h5-516.log,memory usage exceeded request_memory
logs/job_GrIS_2022_2000_NE-117771_ATL03_20220722120246_04671605_006_02.h5-535.log,memory usage exceeded request_memory
logs/job_GrIS_2022_2000_NE-117771_ATL03_20220726115427_05281605_006_02.h5-541.log,memory usage exceeded request_memory
logs/job_GrIS_2022_2000_NE-117771_ATL03_20220803113748_06501605_006_01.h5-550.log,memory usage exceeded request_memory
logs/job_GrIS_2023_2000_NE-117771_ATL03_20230523212939_09701905_006_01.h5-615.log,memory usage exceeded request_memory
logs/job_GrIS_2023_2000_NE-117771_ATL03_20230524081907_09771903_006_01.h5-616.log,memory usage exceeded request_memory
logs/job_GrIS_2023_2000_NE-117771_ATL03_20230527212116_10311905_006_01.h5-621.log,memory usage exceeded request_memory
logs/job_GrIS_2023_2000_NE-117771_ATL03_20230610071953_12361903_006_01.h5-639.log,memory usage exceeded request_memory
logs/job_GrIS_2023_2000_NE-117771_ATL03_20230617201346_13511905_006_01.h5-646.log,memory usage exceeded request_memory
logs/job_GrIS_2023_2000_NE-117771_ATL03_20230621200525_00252005_006_01.h5-654.log,memory usage exceeded request_memory
logs/job_GrIS_2020_2000_SW-117771_ATL03_20200520143742_08410703_006_01.h5-696.log,memory usage exceeded request_memory
logs/job_GrIS_2020_2000_SW-117771_ATL03_20200618131341_12830703_006_01.h5-706.log,memory usage exceeded request_memory
logs/job_GrIS_2021_2000_SW-117771_ATL03_20210624193624_00181203_006_01.h5-756.log,memory usage exceeded request_memory
logs/job_GrIS_2021_2000_SW-117771_ATL03_20210719182049_03991203_006_01.h5-767.log,memory usage exceeded request_memory
logs/job_GrIS_2022_2000_SW-117771_ATL03_20220526155907_09861505_006_01.h5-785.log,memory usage exceeded request_memory
logs/job_GrIS_2022_2000_SW-117771_ATL03_20220530155054_10471505_006_01.h5-787.log,memory usage exceeded request_memory
logs/job_GrIS_2023_2000_SW-117771_ATL03_20230515103543_08411903_006_01.h5-826.log,memory usage exceeded request_memory
logs/job_GrIS_2023_2000_SW-117771_ATL03_20230519102721_09021903_006_01.h5-827.log,memory usage exceeded request_memory
logs/job_GrIS_2019_2000_CE-117771_ATL03_20190531185224_09700305_006_02.h5-847.log,memory usage exceeded request_memory
logs/job_GrIS_2020_2000_CE-117771_ATL03_20200528124644_09620703_006_01.h5-914.log,memory usage exceeded request_memory
logs/job_GrIS_2020_2000_CE-117771_ATL03_20200630111425_00780803_006_01.h5-935.log,memory usage exceeded request_memory
logs/job_GrIS_2020_2000_CE-117771_ATL03_20200704110604_01390803_006_01.h5-937.log,memory usage exceeded request_memory
logs/job_GrIS_2021_2000_CE-117771_ATL03_20210530191745_10231103_006_01.h5-989.log,memory usage exceeded request_memory
logs/job_GrIS_2021_2000_CE-117771_ATL03_20210628175348_00781203_006_01.h5-1009.log,memory usage exceeded request_memory
logs/job_GrIS_2021_2000_CE-117771_ATL03_20210702174528_01391203_006_01.h5-1012.log,memory usage exceeded request_memory
logs/job_GrIS_2021_2000_CE-117771_ATL03_20210727162953_05201203_006_01.h5-1030.log,memory usage exceeded request_memory
logs/job_GrIS_2022_2000_CE-117771_ATL03_20220602143357_10921505_006_01.h5-1072.log,memory usage exceeded request_memory
logs/job_GrIS_2022_2000_CE-117771_ATL03_20220627131820_00861605_006_01.h5-1088.log,memory usage exceeded request_memory
logs/job_GrIS_2022_2000_CE-117771_ATL03_20220701131000_01471605_006_02.h5-1089.log,memory usage exceeded request_memory
logs/job_GrIS_2022_2000_CE-117771_ATL03_20220828102214_10311605_006_01.h5-1121.log,memory usage exceeded request_memory
logs/job_GrIS_2023_2000_CE-117771_ATL03_20230523084446_09621903_006_01.h5-1135.log,memory usage exceeded request_memory
logs/job_GrIS_2019_2000_SE-117771_ATL03_20190726165542_04370405_006_02.h5-2335.log,memory usage exceeded request_memory
logs/job_GrIS_2020_2000_SE-117771_ATL03_20200611130441_11760703_006_01.h5-2355.log,memory usage exceeded request_memory
logs/job_GrIS_2021_2000_SE-117771_ATL03_20210720175509_04141203_006_01.h5-2399.log,memory usage exceeded request_memory
logs/job_GrIS_2022_2000_SE-117771_ATL03_20220523154147_09401505_006_01.h5-2414.log,memory usage exceeded request_memory
logs/job_GrIS_2022_2000_SE-117771_ATL03_20220613143434_12601505_006_01.h5-2422.log,memory usage exceeded request_memory
logs/job_GrIS_2022_2000_SE-117771_ATL03_20220617142615_13211505_006_01.h5-2423.log,memory usage exceeded request_memory
logs/job_GrIS_2022_2000_SE-117771_ATL03_20220621141801_13821505_006_01.h5-2425.log,memory usage exceeded request_memory
logs/job_GrIS_2022_2000_SE-117771_ATL03_20220716130221_03761605_006_02.h5-2434.log,memory usage exceeded request_memory
logs/job_GrIS_2022_2000_SE-117771_ATL03_20220720125403_04371605_006_02.h5-2435.log,memory usage exceeded request_memory
logs/job_GrIS_2020_2000_NW-117771_ATL03_20200626125702_00180803_006_01.h5-2532.log,memory usage exceeded request_memory
logs/job_GrIS_2021_2000_NW-117771_ATL03_20210706191124_02011203_006_01.h5-2603.log,memory usage exceeded request_memory
logs/job_GrIS_2020_2000_CW-117771_ATL03_20200516144602_07800703_006_01.h5-2730.log,memory usage exceeded request_memory
logs/job_GrIS_2021_2000_CW-117771_ATL03_20210715182907_03381203_006_01.h5-2755.log,memory usage exceeded request_memory
logs/job_GrIS_2021_2000_NE-117771_ATL03_20210531080238_10311105_006_01.h5-2798.log,memory usage exceeded request_memory
logs/job_GrIS_2021_2000_NE-117771_ATL03_20210912134123_12361203_006_02.h5-2802.log,memory usage exceeded request_memory
logs/job_GrIS_2022_2000_NE-117771_ATL03_20220619133458_13511505_006_01.h5-2806.log,memory usage exceeded request_memory
logs/job_GrIS_2019_2000_CE-117771_ATL03_20190728160425_04670405_006_02.h5-2818.log,memory usage exceeded request_memory
logs/job_GrIS_2019_2000_CE-117771_ATL03_20190805154748_05890405_006_02.h5-2819.log,memory usage exceeded request_memory
logs/job_GrIS_2020_2000_CE-117771_ATL03_20200802094208_05810803_006_01.h5-2822.log,memory usage exceeded request_memory
logs/job_GrIS_2019_2000_SE-117771_ATL03_20190602193522_10010305_006_02.h5-3130.log,memory usage exceeded request_memory
logs/job_GrIS_2022_2000_SE-117771_ATL03_20220515155834_08181505_006_01.h5-3195.log,memory usage exceeded request_memory
logs/job_GrIS_2022_2000_SE-117771_ATL03_20220527153329_10011505_006_01.h5-3198.log,memory usage exceeded request_memory
logs/job_GrIS_2022_2000_SE-117771_ATL03_20220728123724_05591605_006_02.h5-3206.log,memory usage exceeded request_memory
logs/job_GrIS_2022_2000_SE-117771_ATL03_20220822112150_09401605_006_01.h5-3211.log,memory usage exceeded request_memory
logs/job_GrIS_2019_2000_NE-117771_ATL03_20190515192547_07260305_006_02.h5-0.log,The job (shadow) restarted too many times
logs/job_GrIS_2019_2000_NE-117771_ATL03_20190517200335_07570304_006_02.h5-2.log,The job (shadow) restarted too many times
logs/job_GrIS_2019_2000_NE-117771_ATL03_20190523062936_08400304_006_02.h5-11.log,The job (shadow) restarted too many times
logs/job_GrIS_2019_2000_NE-117771_ATL03_20190525053252_08700303_006_02.h5-13.log,The job (shadow) restarted too many times
logs/job_GrIS_2019_2000_NE-117771_ATL03_20190527061551_09010303_006_02.h5-16.log,The job (shadow) restarted too many times
logs/job_GrIS_2019_2000_NE-117771_ATL03_20190531060731_09620303_006_02.h5-23.log,The job (shadow) restarted too many times
logs/job_GrIS_2019_2000_NE-117771_ATL03_20190531185224_09700305_006_02.h5-25.log,The job (shadow) restarted too many times
logs/job_GrIS_2019_2000_NE-117771_ATL03_20190603190433_10160304_006_02.h5-30.log,The job (shadow) restarted too many times
logs/job_GrIS_2019_2000_NE-117771_ATL03_20190604184403_10310305_006_02.h5-32.log,The job (shadow) restarted too many times
logs/job_GrIS_2019_2000_NE-117771_ATL03_20190605053331_10380303_006_02.h5-33.log,The job (shadow) restarted too many times
logs/job_GrIS_2019_2000_NE-117771_ATL03_20190605181824_10460305_006_02.h5-34.log,The job (shadow) restarted too many times
logs/job_GrIS_2019_2000_NE-117771_ATL03_20190606192702_10620305_006_02.h5-37.log,The job (shadow) restarted too many times
logs/job_GrIS_2019_2000_NE-117771_ATL03_20190607190123_10770305_006_02.h5-38.log,The job (shadow) restarted too many times
logs/job_GrIS_2019_2000_NE-117771_ATL03_20190609052512_10990303_006_02.h5-41.log,The job (shadow) restarted too many times
logs/job_GrIS_2019_2000_NE-117771_ATL03_20190617051357_12210304_006_02.h5-49.log,The job (shadow) restarted too many times
logs/job_GrIS_2019_2000_NE-117771_ATL03_20190625045716_13430304_006_02.h5-57.log,The job (shadow) restarted too many times
logs/job_GrIS_2019_2000_NE-117771_ATL03_20190712163736_02230405_006_02.h5-62.log,The job (shadow) restarted too many times
logs/job_GrIS_2019_2000_NE-117771_ATL03_20190714172035_02540405_006_02.h5-64.log,The job (shadow) restarted too many times
logs/job_GrIS_2019_2000_NE-117771_ATL03_20190717031845_02910403_006_02.h5-67.log,The job (shadow) restarted too many times
logs/job_GrIS_2019_2000_NE-117771_ATL03_20190805154239_05890404_006_02.h5-92.log,The job (shadow) restarted too many times
logs/job_GrIS_2019_2000_NE-117771_ATL03_20190807163046_06200405_006_02.h5-96.log,The job (shadow) restarted too many times
logs/job_GrIS_2019_2000_NE-117771_ATL03_20190809153928_06500405_006_02.h5-98.log,The job (shadow) restarted too many times
logs/job_GrIS_2019_2000_NE-117771_ATL03_20190814150529_07260405_006_02.h5-106.log,The job (shadow) restarted too many times
logs/job_GrIS_2019_2000_NE-117771_ATL03_20190826020105_09010404_006_02.h5-121.log,The job (shadow) restarted too many times
logs/job_GrIS_2019_2000_NE-117771_ATL03_20190902144933_10160405_006_02.h5-126.log,The job (shadow) restarted too many times
logs/job_GrIS_2019_2000_NE-117771_ATL03_20190903013900_10230403_006_02.h5-127.log,The job (shadow) restarted too many times
logs/job_GrIS_2019_2000_NE-117771_ATL03_20190905150142_10620404_006_02.h5-131.log,The job (shadow) restarted too many times
logs/job_GrIS_2019_2000_NE-117771_ATL03_20190907141024_10920404_006_02.h5-133.log,The job (shadow) restarted too many times
logs/job_GrIS_2019_2000_NE-117771_ATL03_20190909145324_11230404_006_02.h5-138.log,The job (shadow) restarted too many times
logs/job_GrIS_2019_2000_NE-117771_ATL03_20190911140714_11530405_006_02.h5-142.log,The job (shadow) restarted too many times
logs/job_GrIS_2019_2000_NE-117771_ATL03_20190912005641_11600403_006_02.h5-143.log,The job (shadow) restarted too many times
logs/job_GrIS_2019_2000_NE-117771_ATL03_20190915135346_12140404_006_02.h5-147.log,The job (shadow) restarted too many times
logs/job_GrIS_2020_2000_NE-117771_ATL03_20200523022608_08790704_006_01.h5-155.log,The job (shadow) restarted too many times
logs/job_GrIS_2020_2000_NE-117771_ATL03_20200524125505_09010703_006_01.h5-158.log,The job (shadow) restarted too many times
logs/job_GrIS_2020_2000_NE-117771_ATL03_20200525123450_09160704_006_01.h5-160.log,The job (shadow) restarted too many times
logs/job_GrIS_2020_2000_NE-117771_ATL03_20200526120345_09310703_006_01.h5-161.log,The job (shadow) restarted too many times
logs/job_GrIS_2020_2000_NE-117771_ATL03_20200529122105_09770703_006_01.h5-165.log,The job (shadow) restarted too many times
logs/job_GrIS_2020_2000_NE-117771_ATL03_20200602121810_10380704_006_01.h5-172.log,The job (shadow) restarted too many times
logs/job_GrIS_2020_2000_NE-117771_ATL03_20200606120424_10990703_006_01.h5-177.log,The job (shadow) restarted too many times
logs/job_GrIS_2020_2000_NE-117771_ATL03_20200611113549_11750704_006_01.h5-181.log,The job (shadow) restarted too many times
logs/job_GrIS_2020_2000_NE-117771_ATL03_20200615112729_12360704_006_01.h5-187.log,The job (shadow) restarted too many times
logs/job_GrIS_2020_2000_NE-117771_ATL03_20200623110525_13580703_006_01.h5-196.log,The job (shadow) restarted too many times
logs/job_GrIS_2020_2000_NE-117771_ATL03_20200626112810_00170804_006_01.h5-203.log,The job (shadow) restarted too many times
logs/job_GrIS_2020_2000_NE-117771_ATL03_20200627105706_00320803_006_01.h5-205.log,The job (shadow) restarted too many times
logs/job_GrIS_2020_2000_NE-117771_ATL03_20200629004528_00560804_006_01.h5-206.log,The job (shadow) restarted too many times
logs/job_GrIS_2020_2000_NE-117771_ATL03_20200630235918_00860805_006_01.h5-209.log,The job (shadow) restarted too many times
logs/job_GrIS_2020_2000_NE-117771_ATL03_20200702102831_01080804_006_01.h5-211.log,The job (shadow) restarted too many times
logs/job_GrIS_2020_2000_NE-117771_ATL03_20200705104549_01540804_006_01.h5-216.log,The job (shadow) restarted too many times
logs/job_GrIS_2020_2000_NE-117771_ATL03_20200706102007_01690804_006_01.h5-218.log,The job (shadow) restarted too many times
logs/job_GrIS_2020_2000_NE-117771_ATL03_20200708000306_01930804_006_01.h5-221.log,The job (shadow) restarted too many times
logs/job_GrIS_2020_2000_NE-117771_ATL03_20200717101528_03370803_006_01.h5-236.log,The job (shadow) restarted too many times
logs/job_GrIS_2020_2000_NE-117771_ATL03_20200724230412_04520804_006_01.h5-243.log,The job (shadow) restarted too many times
logs/job_GrIS_2020_2000_NE-117771_ATL03_20200725095847_04590803_006_01.h5-244.log,The job (shadow) restarted too many times
logs/job_GrIS_2020_2000_NE-117771_ATL03_20200725100412_04590804_006_01.h5-245.log,The job (shadow) restarted too many times
logs/job_GrIS_2020_2000_NE-117771_ATL03_20200725224340_04670805_006_01.h5-246.log,The job (shadow) restarted too many times
logs/job_GrIS_2020_2000_NE-117771_ATL03_20200726093309_04740803_006_01.h5-247.log,The job (shadow) restarted too many times
logs/job_GrIS_2020_2000_NE-117771_ATL03_20200728230101_05130805_006_01.h5-252.log,The job (shadow) restarted too many times
logs/job_GrIS_2020_2000_NE-117771_ATL03_20200730092449_05350803_006_01.h5-254.log,The job (shadow) restarted too many times
logs/job_GrIS_2020_2000_NE-117771_ATL03_20200803092154_05960804_006_01.h5-259.log,The job (shadow) restarted too many times
logs/job_GrIS_2020_2000_NE-117771_ATL03_20200804085049_06110803_006_01.h5-260.log,The job (shadow) restarted too many times
logs/job_GrIS_2020_2000_NE-117771_ATL03_20200804230450_06200804_006_01.h5-261.log,The job (shadow) restarted too many times
logs/job_GrIS_2020_2000_NE-117771_ATL03_20200804230959_06200805_006_01.h5-262.log,The job (shadow) restarted too many times
logs/job_GrIS_2020_2000_NE-117771_ATL03_20200806221331_06500804_006_01.h5-263.log,The job (shadow) restarted too many times
logs/job_GrIS_2020_2000_NE-117771_ATL03_20200807215301_06650805_006_01.h5-264.log,The job (shadow) restarted too many times
logs/job_GrIS_2020_2000_NE-117771_ATL03_20200808084754_06720804_006_01.h5-265.log,The job (shadow) restarted too many times
logs/job_GrIS_2020_2000_NE-117771_ATL03_20200816082550_07940803_006_01.h5-272.log,The job (shadow) restarted too many times
logs/job_GrIS_2020_2000_NE-117771_ATL03_20200819084835_08400804_006_01.h5-277.log,The job (shadow) restarted too many times
logs/job_GrIS_2020_2000_NE-117771_ATL03_20200829074037_09920804_006_01.h5-287.log,The job (shadow) restarted too many times
logs/job_GrIS_2020_2000_NE-117771_ATL03_20200901075231_10380803_006_02.h5-290.log,The job (shadow) restarted too many times
logs/job_GrIS_2020_2000_NE-117771_ATL03_20200909202045_11680805_006_02.h5-301.log,The job (shadow) restarted too many times
logs/job_GrIS_2020_2000_NE-117771_ATL03_20200913072732_12210803_006_02.h5-305.log,The job (shadow) restarted too many times
logs/job_GrIS_2021_2000_NE-117771_ATL03_20210516185946_08091103_006_01.h5-310.log,The job (shadow) restarted too many times
logs/job_GrIS_2021_2000_NE-117771_ATL03_20210517091856_08181105_006_01.h5-312.log,The job (shadow) restarted too many times
logs/job_GrIS_2021_2000_NE-117771_ATL03_20210518084807_08331104_006_01.h5-313.log,The job (shadow) restarted too many times
logs/job_GrIS_2021_2000_NE-117771_ATL03_20210525085707_09401104_006_01.h5-321.log,The job (shadow) restarted too many times
logs/job_GrIS_2021_2000_NE-117771_ATL03_20210525090216_09401105_006_01.h5-322.log,The job (shadow) restarted too many times
logs/job_GrIS_2021_2000_NE-117771_ATL03_20210531185205_10381103_006_01.h5-329.log,The job (shadow) restarted too many times
logs/job_GrIS_2021_2000_NE-117771_ATL03_20210531185730_10381104_006_01.h5-330.log,The job (shadow) restarted too many times
logs/job_GrIS_2021_2000_NE-117771_ATL03_20210612073230_12141104_006_01.h5-342.log,The job (shadow) restarted too many times
logs/job_GrIS_2021_2000_NE-117771_ATL03_20210613180652_12361104_006_01.h5-346.log,The job (shadow) restarted too many times
logs/job_GrIS_2021_2000_NE-117771_ATL03_20210620071550_13361104_006_01.h5-353.log,The job (shadow) restarted too many times
logs/job_GrIS_2021_2000_NE-117771_ATL03_20210626171049_00471203_006_01.h5-356.log,The job (shadow) restarted too many times
logs/job_GrIS_2021_2000_NE-117771_ATL03_20210705071319_01781205_006_01.h5-366.log,The job (shadow) restarted too many times
logs/job_GrIS_2021_2000_NE-117771_ATL03_20210707061651_02081204_006_01.h5-367.log,The job (shadow) restarted too many times
logs/job_GrIS_2021_2000_NE-117771_ATL03_20210708165114_02301204_006_01.h5-371.log,The job (shadow) restarted too many times
logs/job_GrIS_2021_2000_NE-117771_ATL03_20210715060013_03301204_006_01.h5-374.log,The job (shadow) restarted too many times
logs/job_GrIS_2021_2000_NE-117771_ATL03_20210723054335_04521204_006_01.h5-383.log,The job (shadow) restarted too many times
logs/job_GrIS_2021_2000_NE-117771_ATL03_20210727053516_05131204_006_01.h5-390.log,The job (shadow) restarted too many times
logs/job_GrIS_2021_2000_NE-117771_ATL03_20210802153538_06111204_006_01.h5-402.log,The job (shadow) restarted too many times
logs/job_GrIS_2021_2000_NE-117771_ATL03_20210806152720_06721204_006_01.h5-406.log,The job (shadow) restarted too many times
logs/job_GrIS_2021_2000_NE-117771_ATL03_20210808051525_06961205_006_01.h5-408.log,The job (shadow) restarted too many times
logs/job_GrIS_2021_2000_NE-117771_ATL03_20210821042450_08941205_006_01.h5-420.log,The job (shadow) restarted too many times
logs/job_GrIS_2021_2000_NE-117771_ATL03_20210902035443_10771204_006_02.h5-437.log,The job (shadow) restarted too many times
logs/job_GrIS_2021_2000_NE-117771_ATL03_20210905041203_11231204_006_02.h5-441.log,The job (shadow) restarted too many times
logs/job_GrIS_2021_2000_NE-117771_ATL03_20210907142047_11601204_006_02.h5-445.log,The job (shadow) restarted too many times
logs/job_GrIS_2021_2000_NE-117771_ATL03_20210910034314_11991205_006_02.h5-447.log,The job (shadow) restarted too many times
logs/job_GrIS_2022_2000_NE-117771_ATL03_20220517022744_08401504_006_01.h5-454.log,The job (shadow) restarted too many times
logs/job_GrIS_2022_2000_NE-117771_ATL03_20220521021355_09011503_006_01.h5-458.log,The job (shadow) restarted too many times
logs/job_GrIS_2022_2000_NE-117771_ATL03_20220526014522_09771504_006_01.h5-465.log,The job (shadow) restarted too many times
logs/job_GrIS_2022_2000_NE-117771_ATL03_20220531152007_10621504_006_01.h5-472.log,The job (shadow) restarted too many times
logs/job_GrIS_2022_2000_NE-117771_ATL03_20220531152516_10621505_006_01.h5-473.log,The job (shadow) restarted too many times
logs/job_GrIS_2022_2000_NE-117771_ATL03_20220604005743_11141503_006_01.h5-476.log,The job (shadow) restarted too many times
logs/job_GrIS_2022_2000_NE-117771_ATL03_20220608005448_11751504_006_01.h5-480.log,The job (shadow) restarted too many times
logs/job_GrIS_2022_2000_NE-117771_ATL03_20220611135135_12291505_006_01.h5-482.log,The job (shadow) restarted too many times
logs/job_GrIS_2022_2000_NE-117771_ATL03_20220612004102_12361503_006_01.h5-483.log,The job (shadow) restarted too many times
logs/job_GrIS_2022_2000_NE-117771_ATL03_20220615134315_12901505_006_01.h5-485.log,The job (shadow) restarted too many times
logs/job_GrIS_2022_2000_NE-117771_ATL03_20220617142105_13211504_006_01.h5-486.log,The job (shadow) restarted too many times
logs/job_GrIS_2022_2000_NE-117771_ATL03_20220620235850_13731503_006_01.h5-490.log,The job (shadow) restarted too many times
logs/job_GrIS_2022_2000_NE-117771_ATL03_20220624235028_00471603_006_01.h5-496.log,The job (shadow) restarted too many times
logs/job_GrIS_2022_2000_NE-117771_ATL03_20220629140122_01171605_006_01.h5-501.log,The job (shadow) restarted too many times
logs/job_GrIS_2022_2000_NE-117771_ATL03_20220701002507_01391603_006_02.h5-504.log,The job (shadow) restarted too many times
logs/job_GrIS_2022_2000_NE-117771_ATL03_20220702000453_01541604_006_02.h5-508.log,The job (shadow) restarted too many times
logs/job_GrIS_2022_2000_NE-117771_ATL03_20220704132722_01931605_006_02.h5-513.log,The job (shadow) restarted too many times
logs/job_GrIS_2022_2000_NE-117771_ATL03_20220705130144_02081605_006_02.h5-514.log,The job (shadow) restarted too many times
logs/job_GrIS_2022_2000_NE-117771_ATL03_20220715224312_03671603_006_02.h5-525.log,The job (shadow) restarted too many times
logs/job_GrIS_2022_2000_NE-117771_ATL03_20220718230557_04131604_006_02.h5-530.log,The job (shadow) restarted too many times
logs/job_GrIS_2022_2000_NE-117771_ATL03_20220725121458_05131604_006_02.h5-538.log,The job (shadow) restarted too many times
logs/job_GrIS_2022_2000_NE-117771_ATL03_20220729230645_05811604_006_02.h5-544.log,The job (shadow) restarted too many times
logs/job_GrIS_2022_2000_NE-117771_ATL03_20220801122905_06201605_006_01.h5-549.log,The job (shadow) restarted too many times
logs/job_GrIS_2022_2000_NE-117771_ATL03_20220803222716_06571603_006_01.h5-551.log,The job (shadow) restarted too many times
logs/job_GrIS_2022_2000_NE-117771_ATL03_20220810114649_07571605_006_01.h5-558.log,The job (shadow) restarted too many times
logs/job_GrIS_2022_2000_NE-117771_ATL03_20220812215018_07941604_006_01.h5-562.log,The job (shadow) restarted too many times
logs/job_GrIS_2022_2000_NE-117771_ATL03_20220819110428_08941605_006_01.h5-571.log,The job (shadow) restarted too many times
logs/job_GrIS_2022_2000_NE-117771_ATL03_20220819215356_09011603_006_01.h5-572.log,The job (shadow) restarted too many times
logs/job_GrIS_2022_2000_NE-117771_ATL03_20220824212001_09771603_006_01.h5-578.log,The job (shadow) restarted too many times
logs/job_GrIS_2022_2000_NE-117771_ATL03_20220825205947_09921604_006_01.h5-581.log,The job (shadow) restarted too many times
logs/job_GrIS_2022_2000_NE-117771_ATL03_20220827104754_10161605_006_01.h5-582.log,The job (shadow) restarted too many times
logs/job_GrIS_2022_2000_NE-117771_ATL03_20220903105651_11231605_006_01.h5-589.log,The job (shadow) restarted too many times
logs/job_GrIS_2022_2000_NE-117771_ATL03_20220905100024_11531604_006_01.h5-591.log,The job (shadow) restarted too many times
logs/job_GrIS_2023_2000_NE-117771_ATL03_20230523084446_09621903_006_01.h5-614.log,The job (shadow) restarted too many times
logs/job_GrIS_2023_2000_NE-117771_ATL03_20230526214654_10161905_006_01.h5-620.log,The job (shadow) restarted too many times
logs/job_GrIS_2023_2000_NE-117771_ATL03_20230601080221_10991903_006_01.h5-627.log,The job (shadow) restarted too many times
logs/job_GrIS_2023_2000_NE-117771_ATL03_20230603212503_11381904_006_01.h5-629.log,The job (shadow) restarted too many times
logs/job_GrIS_2023_2000_NE-117771_ATL03_20230604210430_11531905_006_01.h5-632.log,The job (shadow) restarted too many times
logs/job_GrIS_2023_2000_NE-117771_ATL03_20230608205055_12141904_006_01.h5-636.log,The job (shadow) restarted too many times
logs/job_GrIS_2023_2000_NE-117771_ATL03_20230608205604_12141905_006_01.h5-637.log,The job (shadow) restarted too many times
logs/job_GrIS_2023_2000_NE-117771_ATL03_20230610072518_12361904_006_01.h5-640.log,The job (shadow) restarted too many times
logs/job_GrIS_2023_2000_NE-117771_ATL03_20230619205137_13821904_006_01.h5-649.log,The job (shadow) restarted too many times
logs/job_GrIS_2023_2000_NE-117771_ATL03_20230619205646_13821905_006_01.h5-650.log,The job (shadow) restarted too many times
logs/job_GrIS_2019_2000_SW-117771_ATL03_20190527075008_09020303_006_02.h5-660.log,The job (shadow) restarted too many times
logs/job_GrIS_2019_2000_SW-117771_ATL03_20190604073327_10240303_006_02.h5-662.log,The job (shadow) restarted too many times
logs/job_GrIS_2019_2000_SW-117771_ATL03_20190621063429_12830303_006_02.h5-671.log,The job (shadow) restarted too many times
logs/job_GrIS_2019_2000_SW-117771_ATL03_20190826032957_09020403_006_02.h5-688.log,The job (shadow) restarted too many times
logs/job_GrIS_2020_2000_SW-117771_ATL03_20200624012436_13670705_006_01.h5-707.log,The job (shadow) restarted too many times
logs/job_GrIS_2020_2000_SW-117771_ATL03_20200705121441_01550803_006_01.h5-711.log,The job (shadow) restarted too many times
logs/job_GrIS_2020_2000_SW-117771_ATL03_20200706005932_01630805_006_01.h5-712.log,The job (shadow) restarted too many times
logs/job_GrIS_2020_2000_SW-117771_ATL03_20200811231859_07270805_006_01.h5-726.log,The job (shadow) restarted too many times
logs/job_GrIS_2020_2000_SW-117771_ATL03_20200901221141_10470805_006_02.h5-731.log,The job (shadow) restarted too many times
logs/job_GrIS_2020_2000_SW-117771_ATL03_20200909215502_11690805_006_02.h5-736.log,The job (shadow) restarted too many times
logs/job_GrIS_2021_2000_SW-117771_ATL03_20210522210842_09021103_006_01.h5-741.log,The job (shadow) restarted too many times
logs/job_GrIS_2021_2000_SW-117771_ATL03_20210620194444_13441103_006_01.h5-755.log,The job (shadow) restarted too many times
logs/job_GrIS_2021_2000_SW-117771_ATL03_20210703185406_01551203_006_01.h5-760.log,The job (shadow) restarted too many times
logs/job_GrIS_2021_2000_SW-117771_ATL03_20210711183727_02771203_006_01.h5-763.log,The job (shadow) restarted too many times
logs/job_GrIS_2021_2000_SW-117771_ATL03_20210806060645_06661205_006_01.h5-772.log,The job (shadow) restarted too many times
logs/job_GrIS_2021_2000_SW-117771_ATL03_20210829163156_10241203_006_01.h5-776.log,The job (shadow) restarted too many times
logs/job_GrIS_2021_2000_SW-117771_ATL03_20210905041712_11231205_006_02.h5-780.log,The job (shadow) restarted too many times
logs/job_GrIS_2022_2000_SW-117771_ATL03_20220608150833_11841505_006_01.h5-790.log,The job (shadow) restarted too many times
logs/job_GrIS_2022_2000_SW-117771_ATL03_20220706012528_02161603_006_02.h5-797.log,The job (shadow) restarted too many times
logs/job_GrIS_2022_2000_SW-117771_ATL03_20220710140201_02851605_006_02.h5-800.log,The job (shadow) restarted too many times
logs/job_GrIS_2022_2000_SW-117771_ATL03_20220711133622_03001605_006_02.h5-801.log,The job (shadow) restarted too many times
logs/job_GrIS_2022_2000_SW-117771_ATL03_20220719131943_04221605_006_02.h5-804.log,The job (shadow) restarted too many times
logs/job_GrIS_2022_2000_SW-117771_ATL03_20220727001811_05361603_006_02.h5-807.log,The job (shadow) restarted too many times
logs/job_GrIS_2022_2000_SW-117771_ATL03_20220727130304_05441605_006_02.h5-808.log,The job (shadow) restarted too many times
logs/job_GrIS_2022_2000_SW-117771_ATL03_20220804124627_06661605_006_01.h5-812.log,The job (shadow) restarted too many times
logs/job_GrIS_2022_2000_SW-117771_ATL03_20220828224559_10391603_006_01.h5-819.log,The job (shadow) restarted too many times
logs/job_GrIS_2022_2000_SW-117771_ATL03_20220909222056_12221603_006_01.h5-823.log,The job (shadow) restarted too many times
logs/job_GrIS_2023_2000_SW-117771_ATL03_20230523101904_09631903_006_01.h5-828.log,The job (shadow) restarted too many times
logs/job_GrIS_2019_2000_CE-117771_ATL03_20190527061551_09010303_006_02.h5-844.log,The job (shadow) restarted too many times
logs/job_GrIS_2019_2000_CE-117771_ATL03_20190527190044_09090305_006_02.h5-845.log,The job (shadow) restarted too many times
logs/job_GrIS_2019_2000_CE-117771_ATL03_20190603062449_10080303_006_02.h5-849.log,The job (shadow) restarted too many times
logs/job_GrIS_2019_2000_CE-117771_ATL03_20190604184403_10310305_006_02.h5-851.log,The job (shadow) restarted too many times
logs/job_GrIS_2019_2000_CE-117771_ATL03_20190620181044_12750305_006_02.h5-859.log,The job (shadow) restarted too many times
logs/job_GrIS_2019_2000_CE-117771_ATL03_20190624051731_13280303_006_02.h5-861.log,The job (shadow) restarted too many times
logs/job_GrIS_2019_2000_CE-117771_ATL03_20190719164637_03300405_006_02.h5-871.log,The job (shadow) restarted too many times
logs/job_GrIS_2019_2000_CE-117771_ATL03_20190720033605_03370403_006_02.h5-872.log,The job (shadow) restarted too many times
logs/job_GrIS_2019_2000_CE-117771_ATL03_20190724161242_04060405_006_02.h5-877.log,The job (shadow) restarted too many times
logs/job_GrIS_2019_2000_CE-117771_ATL03_20190727163004_04520405_006_02.h5-878.log,The job (shadow) restarted too many times
logs/job_GrIS_2019_2000_CE-117771_ATL03_20190729025353_04740403_006_02.h5-880.log,The job (shadow) restarted too many times
logs/job_GrIS_2019_2000_CE-117771_ATL03_20190731162146_05130405_006_02.h5-881.log,The job (shadow) restarted too many times
logs/job_GrIS_2019_2000_CE-117771_ATL03_20190802024535_05350403_006_02.h5-882.log,The job (shadow) restarted too many times
logs/job_GrIS_2019_2000_CE-117771_ATL03_20190814022036_07180403_006_02.h5-889.log,The job (shadow) restarted too many times
logs/job_GrIS_2019_2000_CE-117771_ATL03_20190816030335_07490403_006_02.h5-890.log,The job (shadow) restarted too many times
logs/job_GrIS_2019_2000_CE-117771_ATL03_20190817152250_07720405_006_02.h5-892.log,The job (shadow) restarted too many times
logs/job_GrIS_2019_2000_CE-117771_ATL03_20190830143213_09700405_006_02.h5-899.log,The job (shadow) restarted too many times
logs/job_GrIS_2020_2000_CE-117771_ATL03_20200516131144_07790703_006_01.h5-907.log,The job (shadow) restarted too many times
logs/job_GrIS_2020_2000_CE-117771_ATL03_20200520021358_08330705_006_01.h5-908.log,The job (shadow) restarted too many times
logs/job_GrIS_2020_2000_CE-117771_ATL03_20200526011418_09240705_006_01.h5-912.log,The job (shadow) restarted too many times
logs/job_GrIS_2020_2000_CE-117771_ATL03_20200606011457_10920705_006_01.h5-921.log,The job (shadow) restarted too many times
logs/job_GrIS_2020_2000_CE-117771_ATL03_20200611004056_11680705_006_01.h5-924.log,The job (shadow) restarted too many times
logs/job_GrIS_2020_2000_CE-117771_ATL03_20200615003237_12290705_006_01.h5-927.log,The job (shadow) restarted too many times
logs/job_GrIS_2020_2000_CE-117771_ATL03_20200627105706_00320803_006_01.h5-933.log,The job (shadow) restarted too many times
logs/job_GrIS_2020_2000_CE-117771_ATL03_20200705232517_01620805_006_01.h5-938.log,The job (shadow) restarted too many times
logs/job_GrIS_2020_2000_CE-117771_ATL03_20200711111504_02460803_006_01.h5-941.log,The job (shadow) restarted too many times
logs/job_GrIS_2020_2000_CE-117771_ATL03_20200713230840_02840805_006_01.h5-943.log,The job (shadow) restarted too many times
logs/job_GrIS_2020_2000_CE-117771_ATL03_20200728230101_05130805_006_01.h5-951.log,The job (shadow) restarted too many times
logs/job_GrIS_2020_2000_CE-117771_ATL03_20200729095028_05200803_006_01.h5-952.log,The job (shadow) restarted too many times
logs/job_GrIS_2020_2000_CE-117771_ATL03_20200730092449_05350803_006_01.h5-953.log,The job (shadow) restarted too many times
logs/job_GrIS_2020_2000_CE-117771_ATL03_20200809095107_06880803_006_01.h5-960.log,The job (shadow) restarted too many times
logs/job_GrIS_2020_2000_CE-117771_ATL03_20200815085129_07790803_006_01.h5-966.log,The job (shadow) restarted too many times
logs/job_GrIS_2020_2000_CE-117771_ATL03_20200826213703_09550805_006_01.h5-971.log,The job (shadow) restarted too many times
logs/job_GrIS_2020_2000_CE-117771_ATL03_20200905074411_10990803_006_02.h5-980.log,The job (shadow) restarted too many times
logs/job_GrIS_2021_2000_CE-117771_ATL03_20210527081057_09701105_006_01.h5-988.log,The job (shadow) restarted too many times
logs/job_GrIS_2021_2000_CE-117771_ATL03_20210603190925_10841103_006_01.h5-992.log,The job (shadow) restarted too many times
logs/job_GrIS_2021_2000_CE-117771_ATL03_20210616072919_12751105_006_01.h5-1001.log,The job (shadow) restarted too many times
logs/job_GrIS_2021_2000_CE-117771_ATL03_20210620181026_13431103_006_01.h5-1003.log,The job (shadow) restarted too many times
logs/job_GrIS_2021_2000_CE-117771_ATL03_20210625173628_00321203_006_01.h5-1006.log,The job (shadow) restarted too many times
logs/job_GrIS_2021_2000_CE-117771_ATL03_20210626062121_00401205_006_01.h5-1007.log,The job (shadow) restarted too many times
logs/job_GrIS_2021_2000_CE-117771_ATL03_20210629172808_00931203_006_01.h5-1010.log,The job (shadow) restarted too many times
logs/job_GrIS_2021_2000_CE-117771_ATL03_20210706173707_02001203_006_01.h5-1014.log,The job (shadow) restarted too many times
logs/job_GrIS_2021_2000_CE-117771_ATL03_20210707171127_02151203_006_01.h5-1015.log,The job (shadow) restarted too many times
logs/job_GrIS_2021_2000_CE-117771_ATL03_20210712054803_02841205_006_01.h5-1020.log,The job (shadow) restarted too many times
logs/job_GrIS_2021_2000_CE-117771_ATL03_20210723054844_04521205_006_01.h5-1024.log,The job (shadow) restarted too many times
logs/job_GrIS_2021_2000_CE-117771_ATL03_20210729044908_05431205_006_01.h5-1032.log,The job (shadow) restarted too many times
logs/job_GrIS_2021_2000_CE-117771_ATL03_20210730164714_05661203_006_01.h5-1033.log,The job (shadow) restarted too many times
logs/job_GrIS_2021_2000_CE-117771_ATL03_20210801155554_05961203_006_01.h5-1034.log,The job (shadow) restarted too many times
logs/job_GrIS_2021_2000_CE-117771_ATL03_20210814041550_07871205_006_01.h5-1041.log,The job (shadow) restarted too many times
logs/job_GrIS_2021_2000_CE-117771_ATL03_20210903033412_10921205_006_02.h5-1052.log,The job (shadow) restarted too many times
logs/job_GrIS_2021_2000_CE-117771_ATL03_20210908030015_11681205_006_02.h5-1056.log,The job (shadow) restarted too many times
logs/job_GrIS_2021_2000_CE-117771_ATL03_20210915030915_12751205_006_02.h5-1058.log,The job (shadow) restarted too many times
logs/job_GrIS_2022_2000_CE-117771_ATL03_20220521145848_09091505_006_01.h5-1064.log,The job (shadow) restarted too many times
logs/job_GrIS_2022_2000_CE-117771_ATL03_20220526013957_09771503_006_01.h5-1066.log,The job (shadow) restarted too many times
logs/job_GrIS_2022_2000_CE-117771_ATL03_20220603140816_11071505_006_01.h5-1074.log,The job (shadow) restarted too many times
logs/job_GrIS_2022_2000_CE-117771_ATL03_20220611010641_12211503_006_01.h5-1078.log,The job (shadow) restarted too many times
logs/job_GrIS_2022_2000_CE-117771_ATL03_20220615005821_12821503_006_01.h5-1080.log,The job (shadow) restarted too many times
logs/job_GrIS_2022_2000_CE-117771_ATL03_20220623132645_00251605_006_01.h5-1084.log,The job (shadow) restarted too many times
logs/job_GrIS_2022_2000_CE-117771_ATL03_20220819215356_09011603_006_01.h5-1115.log,The job (shadow) restarted too many times
logs/job_GrIS_2022_2000_CE-117771_ATL03_20220827213722_10231603_006_01.h5-1120.log,The job (shadow) restarted too many times
logs/job_GrIS_2022_2000_CE-117771_ATL03_20220909204639_12211603_006_01.h5-1126.log,The job (shadow) restarted too many times
logs/job_GrIS_2022_2000_CE-117771_ATL03_20220910093132_12291605_006_01.h5-1127.log,The job (shadow) restarted too many times
logs/job_GrIS_2023_2000_CE-117771_ATL03_20230518091841_08861903_006_01.h5-1131.log,The job (shadow) restarted too many times
logs/job_GrIS_2023_2000_CE-117771_ATL03_20230527083622_10231903_006_01.h5-1138.log,The job (shadow) restarted too many times
logs/job_GrIS_2023_2000_CE-117771_ATL03_20230605075357_11601903_006_02.h5-1145.log,The job (shadow) restarted too many times
logs/job_GrIS_2023_2000_CE-117771_ATL03_20230612080252_12671903_006_01.h5-1148.log,The job (shadow) restarted too many times
logs/job_GrIS_2023_2000_CE-117771_ATL03_20230613073712_12821903_006_01.h5-1149.log,The job (shadow) restarted too many times
logs/job_GrIS_2023_2000_CE-117771_ATL03_20230613202205_12901905_006_01.h5-1150.log,The job (shadow) restarted too many times
logs/job_GrIS_2023_2000_CE-117771_ATL03_20230617072852_13431903_006_01.h5-1152.log,The job (shadow) restarted too many times
logs/job_GrIS_2019_2000_NO-117771_ATL03_20190515064618_07180304_006_02.h5-1155.log,The job (shadow) restarted too many times
logs/job_GrIS_2019_2000_NO-117771_ATL03_20190515223421_07280305_006_02.h5-1156.log,The job (shadow) restarted too many times
logs/job_GrIS_2019_2000_NO-117771_ATL03_20190518070336_07640304_006_02.h5-1163.log,The job (shadow) restarted too many times
logs/job_GrIS_2019_2000_NO-117771_ATL03_20190520074634_07950304_006_02.h5-1169.log,The job (shadow) restarted too many times
logs/job_GrIS_2019_2000_NO-117771_ATL03_20190521195513_08180304_006_02.h5-1172.log,The job (shadow) restarted too many times
logs/job_GrIS_2019_2000_NO-117771_ATL03_20190525071235_08710304_006_02.h5-1179.log,The job (shadow) restarted too many times
logs/job_GrIS_2019_2000_NO-117771_ATL03_20190529194342_09400305_006_02.h5-1188.log,The job (shadow) restarted too many times
logs/job_GrIS_2019_2000_NO-117771_ATL03_20190530191254_09550304_006_02.h5-1192.log,The job (shadow) restarted too many times
logs/job_GrIS_2019_2000_NO-117771_ATL03_20190531074713_09630304_006_02.h5-1196.log,The job (shadow) restarted too many times
logs/job_GrIS_2019_2000_NO-117771_ATL03_20190601195552_09860304_006_02.h5-1202.log,The job (shadow) restarted too many times
logs/job_GrIS_2019_2000_NO-117771_ATL03_20190603063014_10080304_006_02.h5-1206.log,The job (shadow) restarted too many times
logs/job_GrIS_2019_2000_NO-117771_ATL03_20190605070748_10390303_006_02.h5-1211.log,The job (shadow) restarted too many times
logs/job_GrIS_2019_2000_NO-117771_ATL03_20190607203032_10780304_006_02.h5-1216.log,The job (shadow) restarted too many times
logs/job_GrIS_2019_2000_NO-117771_ATL03_20190615073408_11920303_006_02.h5-1232.log,The job (shadow) restarted too many times
logs/job_GrIS_2019_2000_NO-117771_ATL03_20190622184834_13060304_006_02.h5-1247.log,The job (shadow) restarted too many times
logs/job_GrIS_2019_2000_NO-117771_ATL03_20190624193641_13370305_006_02.h5-1257.log,The job (shadow) restarted too many times
logs/job_GrIS_2019_2000_NO-117771_ATL03_20190710044925_01850404_006_02.h5-1263.log,The job (shadow) restarted too many times
logs/job_GrIS_2019_2000_NO-117771_ATL03_20190711183729_02090405_006_02.h5-1267.log,The job (shadow) restarted too many times
logs/job_GrIS_2019_2000_NO-117771_ATL03_20190714044107_02460404_006_02.h5-1276.log,The job (shadow) restarted too many times
logs/job_GrIS_2019_2000_NO-117771_ATL03_20190716051841_02770403_006_02.h5-1281.log,The job (shadow) restarted too many times
logs/job_GrIS_2019_2000_NO-117771_ATL03_20190718060141_03080403_006_02.h5-1290.log,The job (shadow) restarted too many times
logs/job_GrIS_2019_2000_NO-117771_ATL03_20190722055323_03690403_006_02.h5-1303.log,The job (shadow) restarted too many times
logs/job_GrIS_2019_2000_NO-117771_ATL03_20190722183817_03770405_006_02.h5-1305.log,The job (shadow) restarted too many times
logs/job_GrIS_2019_2000_NO-117771_ATL03_20190723180729_03920404_006_02.h5-1307.log,The job (shadow) restarted too many times
logs/job_GrIS_2019_2000_NO-117771_ATL03_20190727175912_04530404_006_02.h5-1316.log,The job (shadow) restarted too many times
logs/job_GrIS_2019_2000_NO-117771_ATL03_20190730040757_04900404_006_02.h5-1324.log,The job (shadow) restarted too many times
logs/job_GrIS_2019_2000_NO-117771_ATL03_20190809025959_06420404_006_02.h5-1346.log,The job (shadow) restarted too many times
logs/job_GrIS_2019_2000_NO-117771_ATL03_20190810023420_06570404_006_02.h5-1348.log,The job (shadow) restarted too many times
logs/job_GrIS_2019_2000_NO-117771_ATL03_20190810182223_06670405_006_02.h5-1351.log,The job (shadow) restarted too many times
logs/job_GrIS_2019_2000_NO-117771_ATL03_20190811020841_06720404_006_02.h5-1352.log,The job (shadow) restarted too many times
logs/job_GrIS_2019_2000_NO-117771_ATL03_20190812173105_06970405_006_02.h5-1357.log,The job (shadow) restarted too many times
logs/job_GrIS_2019_2000_NO-117771_ATL03_20190813170525_07120405_006_02.h5-1360.log,The job (shadow) restarted too many times
logs/job_GrIS_2019_2000_NO-117771_ATL03_20190817041739_07650404_006_02.h5-1370.log,The job (shadow) restarted too many times
logs/job_GrIS_2019_2000_NO-117771_ATL03_20190817165158_07730404_006_02.h5-1371.log,The job (shadow) restarted too many times
logs/job_GrIS_2019_2000_NO-117771_ATL03_20190823172639_08650404_006_02.h5-1383.log,The job (shadow) restarted too many times
logs/job_GrIS_2019_2000_NO-117771_ATL03_20190824025223_08710404_006_02.h5-1384.log,The job (shadow) restarted too many times
logs/job_GrIS_2019_2000_NO-117771_ATL03_20190825040101_08870404_006_02.h5-1387.log,The job (shadow) restarted too many times
logs/job_GrIS_2019_2000_NO-117771_ATL03_20190826015540_09010403_006_02.h5-1388.log,The job (shadow) restarted too many times
logs/job_GrIS_2019_2000_NO-117771_ATL03_20190826174907_09110405_006_02.h5-1390.log,The job (shadow) restarted too many times
logs/job_GrIS_2019_2000_NO-117771_ATL03_20190830015245_09620404_006_02.h5-1398.log,The job (shadow) restarted too many times
logs/job_GrIS_2019_2000_NO-117771_ATL03_20190830032702_09630404_006_02.h5-1400.log,The job (shadow) restarted too many times
logs/job_GrIS_2019_2000_NO-117771_ATL03_20190831170959_09870404_006_02.h5-1402.log,The job (shadow) restarted too many times
logs/job_GrIS_2019_2000_NO-117771_ATL03_20190905022723_10540404_006_02.h5-1413.log,The job (shadow) restarted too many times
logs/job_GrIS_2020_2000_NO-117771_ATL03_20200516144602_07800703_006_01.h5-1448.log,The job (shadow) restarted too many times
logs/job_GrIS_2020_2000_NO-117771_ATL03_20200522152041_08720703_006_01.h5-1463.log,The job (shadow) restarted too many times
logs/job_GrIS_2020_2000_NO-117771_ATL03_20200523132609_08860704_006_01.h5-1466.log,The job (shadow) restarted too many times
logs/job_GrIS_2020_2000_NO-117771_ATL03_20200525140342_09170703_006_01.h5-1473.log,The job (shadow) restarted too many times
logs/job_GrIS_2020_2000_NO-117771_ATL03_20200528032625_09560704_006_01.h5-1482.log,The job (shadow) restarted too many times
logs/job_GrIS_2020_2000_NO-117771_ATL03_20200601124349_10230704_006_01.h5-1496.log,The job (shadow) restarted too many times
logs/job_GrIS_2020_2000_NO-117771_ATL03_20200607114410_11140704_006_01.h5-1510.log,The job (shadow) restarted too many times
logs/job_GrIS_2020_2000_NO-117771_ATL03_20200617011027_12600704_006_01.h5-1533.log,The job (shadow) restarted too many times
logs/job_GrIS_2020_2000_NO-117771_ATL03_20200701122303_00940803_006_01.h5-1573.log,The job (shadow) restarted too many times
logs/job_GrIS_2020_2000_NO-117771_ATL03_20200704014545_01330804_006_01.h5-1581.log,The job (shadow) restarted too many times
logs/job_GrIS_2020_2000_NO-117771_ATL03_20200705121441_01550803_006_01.h5-1583.log,The job (shadow) restarted too many times
logs/job_GrIS_2020_2000_NO-117771_ATL03_20200707020303_01790804_006_01.h5-1588.log,The job (shadow) restarted too many times
logs/job_GrIS_2020_2000_NO-117771_ATL03_20200710114042_02310803_006_01.h5-1597.log,The job (shadow) restarted too many times
logs/job_GrIS_2020_2000_NO-117771_ATL03_20200711002027_02390804_006_01.h5-1600.log,The job (shadow) restarted too many times
logs/job_GrIS_2020_2000_NO-117771_ATL03_20200714113750_02920804_006_01.h5-1610.log,The job (shadow) restarted too many times
logs/job_GrIS_2020_2000_NO-117771_ATL03_20200718112406_03530803_006_01.h5-1619.log,The job (shadow) restarted too many times
logs/job_GrIS_2020_2000_NO-117771_ATL03_20200722020036_04080805_006_01.h5-1628.log,The job (shadow) restarted too many times
logs/job_GrIS_2020_2000_NO-117771_ATL03_20200725113304_04600803_006_01.h5-1636.log,The job (shadow) restarted too many times
logs/job_GrIS_2020_2000_NO-117771_ATL03_20200728225552_05130804_006_01.h5-1645.log,The job (shadow) restarted too many times
logs/job_GrIS_2020_2000_NO-117771_ATL03_20200806235258_06510805_006_01.h5-1672.log,The job (shadow) restarted too many times
logs/job_GrIS_2020_2000_NO-117771_ATL03_20200809095632_06880804_006_01.h5-1679.log,The job (shadow) restarted too many times
logs/job_GrIS_2020_2000_NO-117771_ATL03_20200810001018_06970805_006_01.h5-1682.log,The job (shadow) restarted too many times
logs/job_GrIS_2020_2000_NO-117771_ATL03_20200821001058_08650805_006_01.h5-1711.log,The job (shadow) restarted too many times
logs/job_GrIS_2020_2000_NO-117771_ATL03_20200908094113_11460804_006_02.h5-1760.log,The job (shadow) restarted too many times
logs/job_GrIS_2020_2000_NO-117771_ATL03_20200910230341_11850805_006_02.h5-1765.log,The job (shadow) restarted too many times
logs/job_GrIS_2020_2000_NO-117771_ATL03_20200914225011_12460804_006_02.h5-1771.log,The job (shadow) restarted too many times
logs/job_GrIS_2021_2000_NO-117771_ATL03_20210515205942_07951103_006_01.h5-1775.log,The job (shadow) restarted too many times
logs/job_GrIS_2021_2000_NO-117771_ATL03_20210601200609_10541104_006_01.h5-1819.log,The job (shadow) restarted too many times
logs/job_GrIS_2021_2000_NO-117771_ATL03_20210605195749_11151104_006_01.h5-1828.log,The job (shadow) restarted too many times
logs/job_GrIS_2021_2000_NO-117771_ATL03_20210623091236_13831105_006_01.h5-1869.log,The job (shadow) restarted too many times
logs/job_GrIS_2021_2000_NO-117771_ATL03_20210624180207_00171203_006_01.h5-1872.log,The job (shadow) restarted too many times
logs/job_GrIS_2021_2000_NO-117771_ATL03_20210702082508_01331204_006_01.h5-1896.log,The job (shadow) restarted too many times
logs/job_GrIS_2021_2000_NO-117771_ATL03_20210702191945_01401203_006_01.h5-1899.log,The job (shadow) restarted too many times
logs/job_GrIS_2021_2000_NO-117771_ATL03_20210709083408_02401204_006_01.h5-1915.log,The job (shadow) restarted too many times
logs/job_GrIS_2021_2000_NO-117771_ATL03_20210803054415_06201204_006_01.h5-1976.log,The job (shadow) restarted too many times
logs/job_GrIS_2021_2000_NO-117771_ATL03_20210803181309_06281203_006_01.h5-1978.log,The job (shadow) restarted too many times
logs/job_GrIS_2021_2000_NO-117771_ATL03_20210815065336_08041204_006_01.h5-1998.log,The job (shadow) restarted too many times
logs/job_GrIS_2021_2000_NO-117771_ATL03_20210819051100_08641204_006_01.h5-2004.log,The job (shadow) restarted too many times
logs/job_GrIS_2021_2000_NO-117771_ATL03_20210822162821_09171204_006_01.h5-2015.log,The job (shadow) restarted too many times
logs/job_GrIS_2021_2000_NO-117771_ATL03_20210824043701_09401204_006_01.h5-2017.log,The job (shadow) restarted too many times
logs/job_GrIS_2022_2000_NO-117771_ATL03_20220524164517_09561504_006_01.h5-2084.log,The job (shadow) restarted too many times
logs/job_GrIS_2022_2000_NO-117771_ATL03_20220702233915_01691604_006_02.h5-2158.log,The job (shadow) restarted too many times
logs/job_GrIS_2022_2000_NO-117771_ATL03_20220804000659_06581604_006_01.h5-2207.log,The job (shadow) restarted too many times
logs/job_GrIS_2022_2000_NO-117771_ATL03_20220825130820_09871604_006_01.h5-2240.log,The job (shadow) restarted too many times
logs/job_GrIS_2022_2000_NO-117771_ATL03_20220912114849_12611605_006_01.h5-2271.log,The job (shadow) restarted too many times
logs/job_GrIS_2019_2000_SE-117771_ATL03_20190827030418_09170403_006_02.h5-2344.log,The job (shadow) restarted too many times
logs/job_GrIS_2020_2000_SE-117771_ATL03_20200604020616_10620705_006_01.h5-2354.log,The job (shadow) restarted too many times
logs/job_GrIS_2021_2000_SE-117771_ATL03_20210714063102_03151205_006_01.h5-2397.log,The job (shadow) restarted too many times
logs/job_GrIS_2021_2000_NW-117771_ATL03_20210611202703_12071103_006_01.h5-2593.log,The job (shadow) restarted too many times
logs/job_GrIS_2021_2000_NW-117771_ATL03_20210629081258_00871205_006_01.h5-2597.log,The job (shadow) restarted too many times
logs/job_GrIS_2022_2000_NW-117771_ATL03_20220529033139_10241503_006_01.h5-2647.log,The job (shadow) restarted too many times
logs/job_GrIS_2023_2000_NW-117771_ATL03_20230524003814_09721905_006_01.h5-2695.log,The job (shadow) restarted too many times
logs/job_GrIS_2023_2000_CW-117771_ATL03_20230605092814_11611903_006_02.h5-2785.log,The job (shadow) restarted too many times
logs/job_GrIS_2022_2000_NO-117771_ATL03_20220621013832_13741504_006_01.h5-2966.log,The job (shadow) restarted too many times
logs/job_GrIS_2019_2000_NW-117771_ATL03_20190525212620_08800305_006_02.h5-3228.log,The job (shadow) restarted too many times
logs/job_GrIS_2019_2000_NW-117771_ATL03_20190804050251_05670403_006_02.h5-3257.log,The job (shadow) restarted too many times
logs/job_GrIS_2020_2000_NE-117771_ATL03_20200617011027_12600704_006_01.h5-188.log,The job restarted too many times
logs/job_GrIS_2020_2000_NE-117771_ATL03_20200626003317_00100805_006_01.h5-201.log,The job restarted too many times
logs/job_GrIS_2020_2000_NE-117771_ATL03_20200823211943_09090805_006_01.h5-283.log,The job restarted too many times
logs/job_GrIS_2021_2000_NE-117771_ATL03_20210601182626_10531103_006_01.h5-332.log,The job restarted too many times
logs/job_GrIS_2021_2000_NE-117771_ATL03_20210616182411_12821104_006_01.h5-348.log,The job restarted too many times
logs/job_GrIS_2021_2000_NE-117771_ATL03_20210724161757_04741204_006_01.h5-387.log,The job restarted too many times
logs/job_GrIS_2021_2000_NE-117771_ATL03_20210822145404_09161204_006_01.h5-422.log,The job restarted too many times
logs/job_GrIS_2022_2000_NE-117771_ATL03_20220815111248_08331605_006_01.h5-567.log,The job restarted too many times
logs/job_GrIS_2021_2000_SW-117771_ATL03_20210530205202_10241103_006_01.h5-744.log,The job restarted too many times
logs/job_GrIS_2019_2000_CE-117771_ATL03_20190911140714_11530405_006_02.h5-905.log,The job restarted too many times
logs/job_GrIS_2020_2000_CE-117771_ATL03_20200627000738_00250805_006_01.h5-932.log,The job restarted too many times
logs/job_GrIS_2022_2000_CE-117771_ATL03_20220706123604_02231605_006_02.h5-1092.log,The job restarted too many times
logs/job_GrIS_2019_2000_NO-117771_ATL03_20190801031639_05200404_006_02.h5-1328.log,The job restarted too many times
logs/job_GrIS_2021_2000_NO-117771_ATL03_20210528201428_09931104_006_01.h5-1806.log,The job restarted too many times
logs/job_GrIS_2021_2000_NO-117771_ATL03_20210819065027_08651205_006_01.h5-2005.log,The job restarted too many times
logs/job_GrIS_2021_2000_NO-117771_ATL03_20210825164541_09631204_006_01.h5-2020.log,The job restarted too many times
logs/job_GrIS_2021_2000_NO-117771_ATL03_20210913145526_12521204_006_02.h5-2058.log,The job restarted too many times
logs/job_GrIS_2019_2000_NE-117771_ATL03_20190519191724_07870305_006_02.h5-5.log,Transfer input files failure
logs/job_GrIS_2019_2000_NE-117771_ATL03_20190526192114_08940304_006_02.h5-15.log,Transfer input files failure
logs/job_GrIS_2019_2000_NE-117771_ATL03_20190711165802_02080404_006_02.h5-60.log,Transfer input files failure
logs/job_GrIS_2019_2000_NE-117771_ATL03_20190713033228_02300404_006_02.h5-63.log,Transfer input files failure
logs/job_GrIS_2019_2000_NE-117771_ATL03_20190824152642_08790404_006_02.h5-120.log,Transfer input files failure
logs/job_GrIS_2019_2000_NE-117771_ATL03_20190827013000_09160403_006_02.h5-122.log,Transfer input files failure
logs/job_GrIS_2019_2000_NE-117771_ATL03_20190910143253_11380405_006_02.h5-140.log,Transfer input files failure
logs/job_GrIS_2019_2000_NE-117771_ATL03_20190911140205_11530404_006_02.h5-141.log,Transfer input files failure
logs/job_GrIS_2020_2000_NE-117771_ATL03_20200516131144_07790703_006_01.h5-148.log,Transfer input files failure
logs/job_GrIS_2020_2000_NE-117771_ATL03_20200527022255_09400705_006_01.h5-162.log,Transfer input files failure
logs/job_GrIS_2020_2000_NE-117771_ATL03_20200613011846_11990704_006_01.h5-182.log,Transfer input files failure
logs/job_GrIS_2020_2000_NE-117771_ATL03_20200614114744_12210703_006_01.h5-184.log,Transfer input files failure
logs/job_GrIS_2020_2000_NE-117771_ATL03_20200701233339_01010805_006_01.h5-210.log,Transfer input files failure
logs/job_GrIS_2020_2000_NE-117771_ATL03_20200704110604_01390803_006_01.h5-213.log,Transfer input files failure
logs/job_GrIS_2020_2000_NE-117771_ATL03_20200826213703_09550805_006_01.h5-284.log,Transfer input files failure
logs/job_GrIS_2020_2000_NE-117771_ATL03_20200828080051_09770803_006_01.h5-286.log,Transfer input files failure
logs/job_GrIS_2021_2000_NE-117771_ATL03_20210518194809_08401104_006_01.h5-314.log,Transfer input files failure
logs/job_GrIS_2021_2000_NE-117771_ATL03_20210611080318_11991105_006_01.h5-341.log,Transfer input files failure
logs/job_GrIS_2021_2000_NE-117771_ATL03_20210819143119_08701203_006_01.h5-418.log,Transfer input files failure
logs/job_GrIS_2021_2000_NE-117771_ATL03_20210829040811_10161205_006_01.h5-432.log,Transfer input files failure
logs/job_GrIS_2021_2000_NE-117771_ATL03_20210903032903_10921204_006_02.h5-438.log,Transfer input files failure
logs/job_GrIS_2021_2000_NE-117771_ATL03_20210912134648_12361204_006_02.h5-448.log,Transfer input files failure
logs/job_GrIS_2022_2000_NE-117771_ATL03_20220527011942_09921504_006_01.h5-466.log,Transfer input files failure
logs/job_GrIS_2022_2000_NE-117771_ATL03_20220807221858_07181603_006_01.h5-556.log,Transfer input files failure
logs/job_GrIS_2022_2000_NE-117771_ATL03_20220808215318_07331603_006_01.h5-557.log,Transfer input files failure
logs/job_GrIS_2020_2000_SW-117771_ATL03_20200608015755_11230705_006_01.h5-702.log,Transfer input files failure
logs/job_GrIS_2020_2000_SW-117771_ATL03_20200730105906_05360803_006_01.h5-720.log,Transfer input files failure
logs/job_GrIS_2021_2000_SW-117771_ATL03_20210802061504_06051205_006_01.h5-771.log,Transfer input files failure
logs/job_GrIS_2022_2000_SW-117771_ATL03_20220706141022_02241605_006_02.h5-798.log,Transfer input files failure
logs/job_GrIS_2019_2000_CE-117771_ATL03_20190530063310_09470303_006_02.h5-846.log,Transfer input files failure
logs/job_GrIS_2020_2000_CE-117771_ATL03_20200720103248_03830803_006_01.h5-945.log,Transfer input files failure
logs/job_GrIS_2020_2000_CE-117771_ATL03_20200826085210_09470803_006_01.h5-970.log,Transfer input files failure
logs/job_GrIS_2021_2000_CE-117771_ATL03_20210519082737_08481105_006_01.h5-986.log,Transfer input files failure
logs/job_GrIS_2021_2000_CE-117771_ATL03_20210605072839_11071105_006_01.h5-994.log,Transfer input files failure
logs/job_GrIS_2022_2000_CE-117771_ATL03_20220728232653_05661603_006_02.h5-1101.log,Transfer input files failure
logs/job_GrIS_2022_2000_CE-117771_ATL03_20220819110428_08941605_006_01.h5-1114.log,Transfer input files failure
logs/job_GrIS_2019_2000_NO-117771_ATL03_20190802183354_05450404_006_02.h5-1332.log,Transfer input files failure
logs/job_GrIS_2019_2000_NO-117771_ATL03_20190811051151_06740403_006_02.h5-1353.log,Transfer input files failure
logs/job_GrIS_2019_2000_NO-117771_ATL03_20190812172556_06970404_006_02.h5-1356.log,Transfer input files failure
logs/job_GrIS_2019_2000_NO-117771_ATL03_20190909021339_11150403_006_02.h5-1425.log,Transfer input files failure
logs/job_GrIS_2020_2000_NO-117771_ATL03_20200530041433_09870705_006_01.h5-1491.log,Transfer input files failure
logs/job_GrIS_2020_2000_NO-117771_ATL03_20200801004728_05600804_006_01.h5-1655.log,Transfer input files failure
logs/job_GrIS_2020_2000_NO-117771_ATL03_20200806093912_06420804_006_01.h5-1669.log,Transfer input files failure
logs/job_GrIS_2021_2000_NO-117771_ATL03_20210915043823_12761204_006_02.h5-2061.log,Transfer input files failure
logs/job_GrIS_2022_2000_NO-117771_ATL03_20220530013709_10381504_006_01.h5-2095.log,Transfer input files failure
logs/job_GrIS_2022_2000_NO-117771_ATL03_20220627144728_00871604_006_01.h5-2150.log,Transfer input files failure
logs/job_GrIS_2022_2000_NO-117771_ATL03_20220715132252_03611604_006_02.h5-2178.log,Transfer input files failure
logs/job_GrIS_2022_2000_NO-117771_ATL03_20220811125018_07731604_006_01.h5-2223.log,Transfer input files failure
logs/job_GrIS_2020_2000_NO-117771_ATL03_20200803013536_05910805_006_01.h5-2843.log,Transfer input files failure
logs/job_GrIS_2022_2000_NO-117771_ATL03_20220707023406_02321603_006_02.h5-2986.log,Transfer input files failure
logs/job_GrIS_2019_2000_NE-117771_ATL03_20190822144852_08480405_006_02.h5-117.log,Job was held manually.
logs/job_GrIS_2019_2000_NO-117771_ATL03_20190609193913_11080304_006_02.h5-1222.log,Job was held manually.
logs/job_GrIS_2019_2000_NO-117771_ATL03_20190713063538_02320403_006_02.h5-1273.log,Job was held manually.
logs/job_GrIS_2020_2000_NO-117771_ATL03_20200531020927_10010704_006_01.h5-1492.log,Job was held manually.
logs/job_GrIS_2020_2000_NO-117771_ATL03_20200809223051_06960804_006_01.h5-1681.log,Job was held manually.
logs/job_GrIS_2021_2000_NO-117771_ATL03_20210901164916_10701203_006_02.h5-2039.log,Job was held manually.
logs/job_GrIS_2021_2000_NO-117771_ATL03_20210908135508_11751204_006_02.h5-2055.log,Job was held manually.
logs/job_GrIS_2022_2000_NO-117771_ATL03_20220809134646_07431605_006_01.h5-2220.log,Job was held manually.
logs/job_GrIS_2022_2000_NO-117771_ATL03_20220825223404_09931604_006_01.h5-2242.log,Job was held manually.
logs/job_GrIS_2021_2000_SE-117771_ATL03_20210814163935_07951203_006_01.h5-2405.log,Job was held manually.
logs/job_GrIS_2019_2000_NW-117771_ATL03_20190606210120_10630305_006_02.h5-2467.log,Job was held manually.
logs/job_GrIS_2019_2000_CW-117771_ATL03_20190523075828_08410303_006_02.h5-2708.log,Job was held manually.
logs/job_GrIS_2021_2000_NE-117771_ATL03_20210515083558_07871105_006_01.h5-2796.log,Job was held manually.
logs/job_GrIS_2021_2000_NW-117771_ATL03_20210723181229_04601203_006_01.h5-2870.log,Job was held manually.
logs/job_GrIS_2021_2000_NO-117771_ATL03_20210710081339_02551205_006_01.h5-2901.log,Job was held manually.
logs/job_GrIS_2022_2000_NO-117771_ATL03_20220827214247_10231604_006_01.h5-3044.log,Job was held manually.
logs/job_GrIS_2019_2000_NW-117771_ATL03_20190612071648_11460303_006_02.h5-3238.log,Job was held manually.
logs/job_GrIS_2019_2000_NW-117771_ATL03_20190619072548_12530303_006_02.h5-3242.log,Job was held manually.
logs/job_GrIS_2019_2000_NW-117771_ATL03_20190907154951_10930405_006_02.h5-3275.log,Job was held manually.
logs/job_GrIS_2019_2000_NW-117771_ATL03_20190910160711_11390405_006_02.h5-3276.log,Job was held manually.
logs/job_GrIS_2020_2000_NW-117771_ATL03_20200519150322_08260703_006_01.h5-3280.log,Job was held manually.
