logs/job_GrIS_2019_2200_CW-15301129_ATL03_20190502090550_05210303_006_02-24.log:	   Memory (MB)          :     259        8192      8192 
logs/job_GrIS_2019_2200_CW-15301129_ATL03_20190502215043_05290305_006_02-41.log:	   Memory (MB)          :    1139        8192      8192 
logs/job_GrIS_2019_2200_CW-15301129_ATL03_20190503084011_05360303_006_02-21.log:	   Memory (MB)          :    3502        8192      8192 
logs/job_GrIS_2019_2200_CW-15301129_ATL03_20190503212504_05440305_006_02-36.log:	   Memory (MB)          :    3515        8192      8192 
logs/job_GrIS_2019_2200_CW-15301129_ATL03_20190507083151_05970303_006_02-22.log:	   Memory (MB)          :    3672        8192      8192 
logs/job_GrIS_2019_2200_CW-15301129_ATL03_20190507211645_06050305_006_02-40.log:	   Memory (MB)          :    3308        8192      8192 
logs/job_GrIS_2019_2200_CW-15301129_ATL03_20190511082331_06580303_006_02-23.log:	   Memory (MB)          :    1493        8192      8192 
logs/job_GrIS_2019_2200_CW-15301129_ATL03_20190511210825_06660305_006_02-42.log:	   Memory (MB)          :    5449        8192      8192 
logs/job_GrIS_2019_2200_CW-15301129_ATL03_20190515081511_07190303_006_02-27.log:	   Memory (MB)          :    3699        8192      8192 
logs/job_GrIS_2019_2200_CW-15301129_ATL03_20190515210004_07270305_006_02-37.log:	   Memory (MB)          :    7672        8192      8192 
logs/job_GrIS_2019_2200_CW-15301129_ATL03_20190519080649_07800303_006_02-25.log:	   Memory (MB)          :    5477        8192      8192 
logs/job_GrIS_2019_2200_CW-15301129_ATL03_20190519205142_07880305_006_02-35.log:	   Memory (MB)          :    8369        8192      8192 
logs/job_GrIS_2019_2200_CW-15301129_ATL03_20190520202602_08030305_006_02-39.log:	   Memory (MB)          :     807        8192      8192 
logs/job_GrIS_2019_2200_CW-15301129_ATL03_20190523075828_08410303_006_02-30.log:	   Memory (MB)          :    8715        8192      8192 
logs/job_GrIS_2019_2200_CW-15301129_ATL03_20190523204321_08490305_006_02-29.log:	   Memory (MB)          :    5384        8192      8192 
logs/job_GrIS_2019_2200_CW-15301129_ATL03_20190524201742_08640305_006_02-33.log:	   Memory (MB)          :    2620        8192      8192 
logs/job_GrIS_2019_2200_CW-15301129_ATL03_20190527075008_09020303_006_02-31.log:	   Memory (MB)          :    2134        8192      8192 
logs/job_GrIS_2019_2200_CW-15301129_ATL03_20190527203501_09100305_006_02-38.log:	   Memory (MB)          :    5336        8192      8192 
logs/job_GrIS_2019_2200_CW-15301129_ATL03_20190528072429_09170303_006_02-26.log:	   Memory (MB)          :    1321        8192      8192 
logs/job_GrIS_2019_2200_CW-15301129_ATL03_20190528200922_09250305_006_02-32.log:	   Memory (MB)          :    3101        8192      8192 
logs/job_GrIS_2019_2200_CW-15301129_ATL03_20190531074148_09630303_006_02-28.log:	   Memory (MB)          :     600        8192      8192 
logs/job_GrIS_2019_2200_CW-15301129_ATL03_20190531202641_09710305_006_02-34.log:	   Memory (MB)          :    2079        8192      8192 
logs/job_GrIS_2019_2200_CW-15301129_ATL03_20190601071608_09780303_006_02-44.log:	   Memory (MB)          :    2870        8192      8192 
logs/job_GrIS_2019_2200_CW-15301129_ATL03_20190601200102_09860305_006_02-53.log:	   Memory (MB)          :    3825        8192      8192 
logs/job_GrIS_2019_2200_CW-15301129_ATL03_20190604201821_10320305_006_02-51.log:	   Memory (MB)          :      309     8192      8192 
logs/job_GrIS_2019_2200_CW-15301129_ATL03_20190605070748_10390303_006_02-50.log:	   Memory (MB)          :    4412        8192      8192 
logs/job_GrIS_2019_2200_CW-15301129_ATL03_20190605195242_10470305_006_02-52.log:	   Memory (MB)          :    4615        8192      8192 
logs/job_GrIS_2019_2200_CW-15301129_ATL03_20190609065929_11000303_006_02-45.log:	   Memory (MB)          :               8192      8192 
logs/job_GrIS_2019_2200_CW-15301129_ATL03_20190609065929_11000303_006_02-45.log:	   Memory (MB)          :    2866        8192      8192 
logs/job_GrIS_2019_2200_CW-15301129_ATL03_20190609194422_11080305_006_02-54.log:	   Memory (MB)          :    3390        8192      8192 
logs/job_GrIS_2019_2200_CW-15301129_ATL03_20190613065109_11610303_006_02-43.log:	   Memory (MB)          :               8192      8192 
logs/job_GrIS_2019_2200_CW-15301129_ATL03_20190613065109_11610303_006_02-43.log:	   Memory (MB)          :              8192      8192 
logs/job_GrIS_2019_2200_CW-15301129_ATL03_20190613065109_11610303_006_02-43.log:	   Memory (MB)          :              8192      8192 
logs/job_GrIS_2019_2200_CW-15301129_ATL03_20190613065109_11610303_006_02-43.log:	   Memory (MB)          :    4448        8192      8192 
logs/job_GrIS_2019_2200_CW-15301129_ATL03_20190613193602_11690305_006_02-60.log:	   Memory (MB)          :    8327        8192      8192 
logs/job_GrIS_2019_2200_CW-15301129_ATL03_20190617064249_12220303_006_02-48.log:	   Memory (MB)          :               8192      8192 
logs/job_GrIS_2019_2200_CW-15301129_ATL03_20190617064249_12220303_006_02-48.log:	   Memory (MB)          :    4673        8192      8192 
logs/job_GrIS_2019_2200_CW-15301129_ATL03_20190617192743_12300305_006_02-58.log:	   Memory (MB)          :    9775        8192      8192 
logs/job_GrIS_2019_2200_CW-15301129_ATL03_20190618190203_12450305_006_02-56.log:	   Memory (MB)          :     562        8192      8192 
logs/job_GrIS_2019_2200_CW-15301129_ATL03_20190621063429_12830303_006_02-47.log:	   Memory (MB)          :               8192      8192 
logs/job_GrIS_2019_2200_CW-15301129_ATL03_20190621063429_12830303_006_02-47.log:	   Memory (MB)          :               8192      8192 
logs/job_GrIS_2019_2200_CW-15301129_ATL03_20190621063429_12830303_006_02-47.log:	   Memory (MB)          :    5002        8192      8192 
logs/job_GrIS_2019_2200_CW-15301129_ATL03_20190621191922_12910305_006_02-57.log:	   Memory (MB)          :    9511        8192      8192 
logs/job_GrIS_2019_2200_CW-15301129_ATL03_20190622185343_13060305_006_02-55.log:	   Memory (MB)          :    1074        8192      8192 
logs/job_GrIS_2019_2200_CW-15301129_ATL03_20190625062608_13440303_006_02-49.log:	   Memory (MB)          :    2325        8192      8192 
logs/job_GrIS_2019_2200_CW-15301129_ATL03_20190625191102_13520305_006_02-59.log:	   Memory (MB)          :    7998        8192      8192 
logs/job_GrIS_2019_2200_CW-15301129_ATL03_20190626060029_13590303_006_02-46.log:	   Memory (MB)          :     378        8192      8192 
logs/job_GrIS_2019_2200_CW-15301129_ATL03_20190712052659_02160403_006_02-61.log:	   Memory (MB)          :    4493        8192      8192 
logs/job_GrIS_2019_2200_CW-15301129_ATL03_20190712181153_02240405_006_02-68.log:	   Memory (MB)          :    4563        8192      8192 
logs/job_GrIS_2019_2200_CW-15301129_ATL03_20190716051841_02770403_006_02-62.log:	   Memory (MB)          :    3729        8192      8192 
logs/job_GrIS_2019_2200_CW-15301129_ATL03_20190716180335_02850405_006_02-69.log:	   Memory (MB)          :               8192      8192 
logs/job_GrIS_2019_2200_CW-15301129_ATL03_20190716180335_02850405_006_02-69.log:	   Memory (MB)          :    7533        8192      8192 
logs/job_GrIS_2019_2200_CW-15301129_ATL03_20190720051023_03380403_006_02-63.log:	   Memory (MB)          :    1820        8192      8192 
logs/job_GrIS_2019_2200_CW-15301129_ATL03_20190720175517_03460405_006_02-71.log:	   Memory (MB)          :    3849        8192      8192 
logs/job_GrIS_2019_2200_CW-15301129_ATL03_20190721172938_03610405_006_02-70.log:	   Memory (MB)          :    2210        8192      8192 
logs/job_GrIS_2019_2200_CW-15301129_ATL03_20190724050206_03990403_006_02-67.log:	   Memory (MB)          :    1498        8192      8192 
logs/job_GrIS_2019_2200_CW-15301129_ATL03_20190724174700_04070405_006_02-74.log:	   Memory (MB)          :    1565        8192      8192 
logs/job_GrIS_2019_2200_CW-15301129_ATL03_20190725043628_04140403_006_02-65.log:	   Memory (MB)          :       60     8192      8192 
logs/job_GrIS_2019_2200_CW-15301129_ATL03_20190725172121_04220405_006_02-73.log:	   Memory (MB)          :    2582        8192      8192 
logs/job_GrIS_2019_2200_CW-15301129_ATL03_20190728045349_04600403_006_02-66.log:	   Memory (MB)          :      74        8192      8192 
logs/job_GrIS_2019_2200_CW-15301129_ATL03_20190728173843_04680405_006_02-72.log:	   Memory (MB)          :    4874        8192      8192 
logs/job_GrIS_2019_2200_CW-15301129_ATL03_20190729042810_04750403_006_02-64.log:	   Memory (MB)          :     764        8192      8192 
logs/job_GrIS_2019_2200_CW-15301129_ATL03_20190729171304_04830405_006_02-75.log:	   Memory (MB)          :    2405        8192      8192 
logs/job_GrIS_2019_2200_CW-15301129_ATL03_20190801044531_05210403_006_02-76.log:	   Memory (MB)          :              8192      8192 
logs/job_GrIS_2019_2200_CW-15301129_ATL03_20190801044531_05210403_006_02-76.log:	   Memory (MB)          :       43     8192      8192 
logs/job_GrIS_2019_2200_CW-15301129_ATL03_20190801173024_05290405_006_02-86.log:	   Memory (MB)          :    1068        8192      8192 
logs/job_GrIS_2019_2200_CW-15301129_ATL03_20190802041952_05360403_006_02-78.log:	   Memory (MB)          :               8192      8192 
logs/job_GrIS_2019_2200_CW-15301129_ATL03_20190802041952_05360403_006_02-78.log:	   Memory (MB)          :    2286        8192      8192 
logs/job_GrIS_2019_2200_CW-15301129_ATL03_20190802170446_05440405_006_02-87.log:	   Memory (MB)          :    3640        8192      8192 
logs/job_GrIS_2019_2200_CW-15301129_ATL03_20190806041133_05970403_006_02-77.log:	   Memory (MB)          :              8192      8192 
logs/job_GrIS_2019_2200_CW-15301129_ATL03_20190806041133_05970403_006_02-77.log:	   Memory (MB)          :    3260        8192      8192 
logs/job_GrIS_2019_2200_CW-15301129_ATL03_20190806165626_06050405_006_02-88.log:	   Memory (MB)          :    2829        8192      8192 
logs/job_GrIS_2019_2200_CW-15301129_ATL03_20190810040312_06580403_006_02-79.log:	   Memory (MB)          :               8192      8192 
logs/job_GrIS_2019_2200_CW-15301129_ATL03_20190810040312_06580403_006_02-79.log:	   Memory (MB)          :    4066        8192      8192 
logs/job_GrIS_2019_2200_CW-15301129_ATL03_20190810164806_06660405_006_02-89.log:	   Memory (MB)          :    5292        8192      8192 
logs/job_GrIS_2019_2200_CW-15301129_ATL03_20190814035453_07190403_006_02-80.log:	   Memory (MB)          :               8192      8192 
logs/job_GrIS_2019_2200_CW-15301129_ATL03_20190814035453_07190403_006_02-80.log:	   Memory (MB)          :              8192      8192 
logs/job_GrIS_2019_2200_CW-15301129_ATL03_20190814035453_07190403_006_02-80.log:	   Memory (MB)          :              8192      8192 
logs/job_GrIS_2019_2200_CW-15301129_ATL03_20190814035453_07190403_006_02-80.log:	   Memory (MB)          :    3706        8192      8192 
logs/job_GrIS_2019_2200_CW-15301129_ATL03_20190814163946_07270405_006_02-90.log:	   Memory (MB)          :    8234        8192      8192 
logs/job_GrIS_2019_2200_CW-15301129_ATL03_20190818034635_07800403_006_02-81.log:	   Memory (MB)          :               8192      8192 
logs/job_GrIS_2019_2200_CW-15301129_ATL03_20190818034635_07800403_006_02-81.log:	   Memory (MB)          :              8192      8192 
logs/job_GrIS_2019_2200_CW-15301129_ATL03_20190818034635_07800403_006_02-81.log:	   Memory (MB)          :    3166        8192      8192 
logs/job_GrIS_2019_2200_CW-15301129_ATL03_20190818163128_07880405_006_02-91.log:	   Memory (MB)          :    8770        8192      8192 
logs/job_GrIS_2019_2200_CW-15301129_ATL03_20190822162310_08490405_006_02-92.log:	   Memory (MB)          :    7136        8192      8192 
logs/job_GrIS_2019_2200_CW-15301129_ATL03_20190823155731_08640405_006_02-93.log:	   Memory (MB)          :    1811        8192      8192 
logs/job_GrIS_2019_2200_CW-15301129_ATL03_20190826032957_09020403_006_02-83.log:	   Memory (MB)          :     587        8192      8192 
logs/job_GrIS_2019_2200_CW-15301129_ATL03_20190826161450_09100405_006_02-95.log:	   Memory (MB)          :    5589        8192      8192 
logs/job_GrIS_2019_2200_CW-15301129_ATL03_20190827030418_09170403_006_02-82.log:	   Memory (MB)          :    1748        8192      8192 
logs/job_GrIS_2019_2200_CW-15301129_ATL03_20190827154911_09250405_006_02-94.log:	   Memory (MB)          :    3310        8192      8192 
logs/job_GrIS_2019_2200_CW-15301129_ATL03_20190830032137_09630403_006_02-85.log:	   Memory (MB)          :      311     8192      8192 
logs/job_GrIS_2019_2200_CW-15301129_ATL03_20190830160630_09710405_006_02-96.log:	   Memory (MB)          :    1239        8192      8192 
logs/job_GrIS_2019_2200_CW-15301129_ATL03_20190831025558_09780403_006_02-84.log:	   Memory (MB)          :    2842        8192      8192 
logs/job_GrIS_2019_2200_CW-15301129_ATL03_20190831154051_09860405_006_02-97.log:	   Memory (MB)          :    3229        8192      8192 
logs/job_GrIS_2019_2200_CW-15301129_ATL03_20190903155810_10320405_006_02-8.log:	   Memory (MB)          :     264        8192      8192 
logs/job_GrIS_2019_2200_CW-15301129_ATL03_20190904024737_10390403_006_02-7.log:	   Memory (MB)          :    2762        8192      8192 
logs/job_GrIS_2019_2200_CW-15301129_ATL03_20190904153231_10470405_006_02-3.log:	   Memory (MB)          :    2379        8192      8192 
logs/job_GrIS_2019_2200_CW-15301129_ATL03_20190908023918_11000403_006_02-1.log:	   Memory (MB)          :     353        8192      8192 
logs/job_GrIS_2019_2200_CW-15301129_ATL03_20190908152412_11080405_006_02-6.log:	   Memory (MB)          :               8192      8192 
logs/job_GrIS_2019_2200_CW-15301129_ATL03_20190908152412_11080405_006_02-6.log:	   Memory (MB)          :    3249        8192      8192 
logs/job_GrIS_2019_2200_CW-15301129_ATL03_20190912023059_11610403_006_02-10.log:	   Memory (MB)          :               8192      8192 
logs/job_GrIS_2019_2200_CW-15301129_ATL03_20190912023059_11610403_006_02-10.log:	   Memory (MB)          :    2365        8192      8192 
logs/job_GrIS_2019_2200_CW-15301129_ATL03_20190912151552_11690405_006_02-13.log:	   Memory (MB)          :    7202        8192      8192 
logs/job_GrIS_2019_2200_CW-15301129_ATL03_20190916022239_12220403_006_02-16.log:	   Memory (MB)          :    1084        8192      8192 
logs/job_GrIS_2019_2200_CW-15301129_ATL03_20190916150733_12300405_006_02-0.log:	   Memory (MB)          :   11039        8192      8192 
logs/job_GrIS_2019_2200_CW-15301129_ATL03_20190917144154_12450405_006_02-12.log:	   Memory (MB)          :     510        8192      8192 
logs/job_GrIS_2019_2200_CW-15301129_ATL03_20190920021420_12830403_006_02-4.log:	   Memory (MB)          :    4253        8192      8192 
logs/job_GrIS_2019_2200_CW-15301129_ATL03_20190921143335_13060405_006_02-15.log:	   Memory (MB)          :     665        8192      8192 
logs/job_GrIS_2019_2200_CW-15301129_ATL03_20190924020602_13440403_006_02-5.log:	   Memory (MB)          :     381        8192      8192 
logs/job_GrIS_2019_2200_CW-15301129_ATL03_20190924145056_13520405_006_02-18.log:	   Memory (MB)          :    4073        8192      8192 
logs/job_GrIS_2019_2200_CW-15301129_ATL03_20190925014023_13590403_006_02-9.log:	   Memory (MB)          :      452     8192      8192 
logs/job_GrIS_2019_2200_CW-15301129_ATL03_20190925142517_13670405_006_02-17.log:	   Memory (MB)          :    2647        8192      8192 
logs/job_GrIS_2019_2200_CW-15301129_ATL03_20190928015743_00180503_006_02-14.log:	   Memory (MB)          :     541        8192      8192 
logs/job_GrIS_2019_2200_CW-15301129_ATL03_20190928144236_00260505_006_02-20.log:	   Memory (MB)          :    2460        8192      8192 
logs/job_GrIS_2019_2200_CW-15301129_ATL03_20190929013203_00330503_006_02-11.log:	   Memory (MB)          :    2753        8192      8192 
logs/job_GrIS_2019_2200_CW-15301129_ATL03_20190929141656_00410505_006_02-19.log:	   Memory (MB)          :    2906        8192      8192 
logs/job_GrIS_2020_2200_CW-15301129_ATL03_20200501040411_05440705_006_01-130.log:	   Memory (MB)          :   220        8192      8192 
logs/job_GrIS_2020_2200_CW-15301129_ATL03_20200501040411_05440705_006_01-130.log:	   Memory (MB)          :    2513        8192      8192 
logs/job_GrIS_2020_2200_CW-15301129_ATL03_20200505035553_06050705_006_01-131.log:	   Memory (MB)          :     690        8192      8192 
logs/job_GrIS_2020_2200_CW-15301129_ATL03_20200508150240_06580703_006_01-122.log:	   Memory (MB)          :              8192      8192 
logs/job_GrIS_2020_2200_CW-15301129_ATL03_20200508150240_06580703_006_01-122.log:	   Memory (MB)          :    7368        8192      8192 
logs/job_GrIS_2020_2200_CW-15301129_ATL03_20200509034734_06660705_006_01-132.log:	   Memory (MB)          :    1419        8192      8192 
logs/job_GrIS_2020_2200_CW-15301129_ATL03_20200512145421_07190703_006_01-123.log:	   Memory (MB)          :               8192      8192 
logs/job_GrIS_2020_2200_CW-15301129_ATL03_20200512145421_07190703_006_01-123.log:	   Memory (MB)          :              8192      8192 
logs/job_GrIS_2020_2200_CW-15301129_ATL03_20200512145421_07190703_006_01-123.log:	   Memory (MB)          :    8786        8192      8192 
logs/job_GrIS_2020_2200_CW-15301129_ATL03_20200513033914_07270705_006_01-133.log:	   Memory (MB)          :    3434        8192      8192 
logs/job_GrIS_2020_2200_CW-15301129_ATL03_20200517033055_07880705_006_01-134.log:	   Memory (MB)          :              8192      8192 
logs/job_GrIS_2020_2200_CW-15301129_ATL03_20200517033055_07880705_006_01-134.log:	   Memory (MB)          :    3489        8192      8192 
logs/job_GrIS_2020_2200_CW-15301129_ATL03_20200518030516_08030705_006_01-136.log:	   Memory (MB)          :     649        8192      8192 
logs/job_GrIS_2020_2200_CW-15301129_ATL03_20200521032236_08490705_006_01-135.log:	   Memory (MB)          :    2400        8192      8192 
logs/job_GrIS_2020_2200_CW-15301129_ATL03_20200522025656_08640705_006_01-137.log:	   Memory (MB)          :     378        8192      8192 
logs/job_GrIS_2020_2200_CW-15301129_ATL03_20200524142922_09020703_006_01-127.log:	   Memory (MB)          :    7177        8192      8192 
logs/job_GrIS_2020_2200_CW-15301129_ATL03_20200525031415_09100705_006_01-140.log:	   Memory (MB)          :     888        8192      8192 
logs/job_GrIS_2020_2200_CW-15301129_ATL03_20200525140342_09170703_006_01-125.log:	   Memory (MB)          :               8192      8192 
logs/job_GrIS_2020_2200_CW-15301129_ATL03_20200525140342_09170703_006_01-125.log:	   Memory (MB)          :    3417        8192      8192 
logs/job_GrIS_2020_2200_CW-15301129_ATL03_20200526024835_09250705_006_01-138.log:	   Memory (MB)          :     708        8192      8192 
logs/job_GrIS_2020_2200_CW-15301129_ATL03_20200528142101_09630703_006_01-129.log:	   Memory (MB)          :    1388        8192      8192 
logs/job_GrIS_2020_2200_CW-15301129_ATL03_20200529030555_09710705_006_01-139.log:	   Memory (MB)          :     659        8192      8192 
logs/job_GrIS_2020_2200_CW-15301129_ATL03_20200529135522_09780703_006_01-128.log:	   Memory (MB)          :    2945        8192      8192 
logs/job_GrIS_2020_2200_CW-15301129_ATL03_20200530024016_09860705_006_01-141.log:	   Memory (MB)          :    1106        8192      8192 
logs/job_GrIS_2020_2200_CW-15301129_ATL03_20200602025735_10320705_006_01-149.log:	   Memory (MB)          :       42     8192      8192 
logs/job_GrIS_2020_2200_CW-15301129_ATL03_20200602134702_10390703_006_01-154.log:	   Memory (MB)          :    3773        8192      8192 
logs/job_GrIS_2020_2200_CW-15301129_ATL03_20200603023155_10470705_006_01-150.log:	   Memory (MB)          :      404     8192      8192 
logs/job_GrIS_2020_2200_CW-15301129_ATL03_20200606133842_11000703_006_01-158.log:	   Memory (MB)          :    5529        8192      8192 
logs/job_GrIS_2020_2200_CW-15301129_ATL03_20200607022335_11080705_006_01-153.log:	   Memory (MB)          :     545        8192      8192 
logs/job_GrIS_2020_2200_CW-15301129_ATL03_20200610133021_11610703_006_01-157.log:	   Memory (MB)          :    8246        8192      8192 
logs/job_GrIS_2020_2200_CW-15301129_ATL03_20200611021514_11690705_006_01-151.log:	   Memory (MB)          :    1038        8192      8192 
logs/job_GrIS_2020_2200_CW-15301129_ATL03_20200614132201_12220703_006_01-159.log:	   Memory (MB)          :     8921     8192      8192 
logs/job_GrIS_2020_2200_CW-15301129_ATL03_20200615020654_12300705_006_01-142.log:	   Memory (MB)          :    2174        8192      8192 
logs/job_GrIS_2020_2200_CW-15301129_ATL03_20200616014115_12450705_006_01-143.log:	   Memory (MB)          :     385        8192      8192 
logs/job_GrIS_2020_2200_CW-15301129_ATL03_20200618131341_12830703_006_01-160.log:	   Memory (MB)          :   17556        8192      8192 
logs/job_GrIS_2020_2200_CW-15301129_ATL03_20200619015835_12910705_006_01-148.log:	   Memory (MB)          :    3166        8192      8192 
logs/job_GrIS_2020_2200_CW-15301129_ATL03_20200620013256_13060705_006_01-144.log:	   Memory (MB)          :     731        8192      8192 
logs/job_GrIS_2020_2200_CW-15301129_ATL03_20200622130522_13440703_006_01-161.log:	   Memory (MB)          :    7871        8192      8192 
logs/job_GrIS_2020_2200_CW-15301129_ATL03_20200623015015_13520705_006_01-145.log:	   Memory (MB)          :    1772        8192      8192 
logs/job_GrIS_2020_2200_CW-15301129_ATL03_20200623123943_13590703_006_01-155.log:	   Memory (MB)          :     898        8192      8192 
logs/job_GrIS_2020_2200_CW-15301129_ATL03_20200624012436_13670705_006_01-152.log:	   Memory (MB)          :      551     8192      8192 
logs/job_GrIS_2020_2200_CW-15301129_ATL03_20200626125702_00180803_006_01-162.log:	   Memory (MB)          :    2134        8192      8192 
logs/job_GrIS_2020_2200_CW-15301129_ATL03_20200627014155_00260805_006_01-147.log:	   Memory (MB)          :    1156        8192      8192 
logs/job_GrIS_2020_2200_CW-15301129_ATL03_20200627123123_00330803_006_01-156.log:	   Memory (MB)          :    4389        8192      8192 
logs/job_GrIS_2020_2200_CW-15301129_ATL03_20200628011616_00410805_006_01-146.log:	   Memory (MB)          :    2990        8192      8192 
logs/job_GrIS_2020_2200_CW-15301129_ATL03_20200701013336_00870805_006_01-175.log:	   Memory (MB)          :      356     8192      8192 
logs/job_GrIS_2020_2200_CW-15301129_ATL03_20200701122303_00940803_006_01-164.log:	   Memory (MB)          :    5780        8192      8192 
logs/job_GrIS_2020_2200_CW-15301129_ATL03_20200702010756_01020805_006_01-174.log:	   Memory (MB)          :    3613        8192      8192 
logs/job_GrIS_2020_2200_CW-15301129_ATL03_20200705121441_01550803_006_01-163.log:	   Memory (MB)          :    4014        8192      8192 
logs/job_GrIS_2020_2200_CW-15301129_ATL03_20200706005932_01630805_006_01-181.log:	   Memory (MB)          :    2806        8192      8192 
logs/job_GrIS_2020_2200_CW-15301129_ATL03_20200709120621_02160803_006_01-165.log:	   Memory (MB)          :    4976        8192      8192 
logs/job_GrIS_2020_2200_CW-15301129_ATL03_20200710005115_02240805_006_01-182.log:	   Memory (MB)          :    1000        8192      8192 
logs/job_GrIS_2020_2200_CW-15301129_ATL03_20200713115804_02770803_006_01-166.log:	   Memory (MB)          :    7381        8192      8192 
logs/job_GrIS_2020_2200_CW-15301129_ATL03_20200714004257_02850805_006_01-180.log:	   Memory (MB)          :    1742        8192      8192 
logs/job_GrIS_2020_2200_CW-15301129_ATL03_20200717114945_03380803_006_01-168.log:	   Memory (MB)          :   11445        8192      8192 
logs/job_GrIS_2020_2200_CW-15301129_ATL03_20200718003439_03460805_006_01-179.log:	   Memory (MB)          :    3641        8192      8192 
logs/job_GrIS_2020_2200_CW-15301129_ATL03_20200719000900_03610805_006_01-178.log:	   Memory (MB)          :    1497        8192      8192 
logs/job_GrIS_2020_2200_CW-15301129_ATL03_20200721114126_03990803_006_01-171.log:	   Memory (MB)          :   12079        8192      8192 
logs/job_GrIS_2020_2200_CW-15301129_ATL03_20200722002619_04070805_006_01-176.log:	   Memory (MB)          :    1734        8192      8192 
logs/job_GrIS_2020_2200_CW-15301129_ATL03_20200722111546_04140803_006_01-167.log:	   Memory (MB)          :     344        8192      8192 
logs/job_GrIS_2020_2200_CW-15301129_ATL03_20200723000040_04220805_006_01-177.log:	   Memory (MB)          :     869        8192      8192 
logs/job_GrIS_2020_2200_CW-15301129_ATL03_20200725113304_04600803_006_01-169.log:	   Memory (MB)          :    5248        8192      8192 
logs/job_GrIS_2020_2200_CW-15301129_ATL03_20200726001759_04680805_006_01-185.log:	   Memory (MB)          :    1300        8192      8192 
logs/job_GrIS_2020_2200_CW-15301129_ATL03_20200726110727_04750803_006_01-170.log:	   Memory (MB)          :    1561        8192      8192 
logs/job_GrIS_2020_2200_CW-15301129_ATL03_20200726235220_04830805_006_01-186.log:	   Memory (MB)          :     507        8192      8192 
logs/job_GrIS_2020_2200_CW-15301129_ATL03_20200729112446_05210803_006_01-173.log:	   Memory (MB)          :      273     8192      8192 
logs/job_GrIS_2020_2200_CW-15301129_ATL03_20200730000939_05290805_006_01-183.log:	   Memory (MB)          :      633     8192      8192 
logs/job_GrIS_2020_2200_CW-15301129_ATL03_20200730105906_05360803_006_01-172.log:	   Memory (MB)          :    2686        8192      8192 
logs/job_GrIS_2020_2200_CW-15301129_ATL03_20200730234400_05440805_006_01-184.log:	   Memory (MB)          :     993        8192      8192 
logs/job_GrIS_2020_2200_CW-15301129_ATL03_20200803105046_05970803_006_01-187.log:	   Memory (MB)          :    4229        8192      8192 
logs/job_GrIS_2020_2200_CW-15301129_ATL03_20200803233539_06050805_006_01-196.log:	   Memory (MB)          :     761        8192      8192 
logs/job_GrIS_2020_2200_CW-15301129_ATL03_20200807104225_06580803_006_01-191.log:	   Memory (MB)          :    2175        8192      8192 
logs/job_GrIS_2020_2200_CW-15301129_ATL03_20200807232719_06660805_006_01-197.log:	   Memory (MB)          :    1115        8192      8192 
logs/job_GrIS_2020_2200_CW-15301129_ATL03_20200811103406_07190803_006_01-193.log:	   Memory (MB)          :    4332        8192      8192 
logs/job_GrIS_2020_2200_CW-15301129_ATL03_20200811231859_07270805_006_01-205.log:	   Memory (MB)          :    5265        8192      8192 
logs/job_GrIS_2020_2200_CW-15301129_ATL03_20200815102547_07800803_006_01-189.log:	   Memory (MB)          :               8192      8192 
logs/job_GrIS_2020_2200_CW-15301129_ATL03_20200815102547_07800803_006_01-189.log:	   Memory (MB)          :              8192      8192 
logs/job_GrIS_2020_2200_CW-15301129_ATL03_20200815102547_07800803_006_01-189.log:	   Memory (MB)          :    7440        8192      8192 
logs/job_GrIS_2020_2200_CW-15301129_ATL03_20200815231040_07880805_006_01-198.log:	   Memory (MB)          :    4385        8192      8192 
logs/job_GrIS_2020_2200_CW-15301129_ATL03_20200816224501_08030805_006_01-199.log:	   Memory (MB)          :    1257        8192      8192 
logs/job_GrIS_2020_2200_CW-15301129_ATL03_20200819101727_08410803_006_01-188.log:	   Memory (MB)          :               8192      8192 
logs/job_GrIS_2020_2200_CW-15301129_ATL03_20200819101727_08410803_006_01-188.log:	   Memory (MB)          :               8192      8192 
logs/job_GrIS_2020_2200_CW-15301129_ATL03_20200819230220_08490805_006_01-207.log:	   Memory (MB)          :    1762        8192      8192 
logs/job_GrIS_2020_2200_CW-15301129_ATL03_20200820223641_08640805_006_01-203.log:	   Memory (MB)          :    1762        8192      8192 
logs/job_GrIS_2020_2200_CW-15301129_ATL03_20200823100907_09020803_006_01-190.log:	   Memory (MB)          :               8192      8192 
logs/job_GrIS_2020_2200_CW-15301129_ATL03_20200823100907_09020803_006_01-190.log:	   Memory (MB)          :    2132        8192      8192 
logs/job_GrIS_2020_2200_CW-15301129_ATL03_20200823225401_09100805_006_01-201.log:	   Memory (MB)          :    1681        8192      8192 
logs/job_GrIS_2020_2200_CW-15301129_ATL03_20200824094328_09170803_006_01-192.log:	   Memory (MB)          :    2135        8192      8192 
logs/job_GrIS_2020_2200_CW-15301129_ATL03_20200824222822_09250805_006_01-204.log:	   Memory (MB)          :    2718        8192      8192 
logs/job_GrIS_2020_2200_CW-15301129_ATL03_20200827100048_09630803_006_01-194.log:	   Memory (MB)          :      508     8192      8192 
logs/job_GrIS_2020_2200_CW-15301129_ATL03_20200827224541_09710805_006_01-206.log:	   Memory (MB)          :     581        8192      8192 
logs/job_GrIS_2020_2200_CW-15301129_ATL03_20200828093509_09780803_006_01-195.log:	   Memory (MB)          :    3192        8192      8192 
logs/job_GrIS_2020_2200_CW-15301129_ATL03_20200828222002_09860805_006_01-202.log:	   Memory (MB)          :    2661        8192      8192 
logs/job_GrIS_2020_2200_CW-15301129_ATL03_20200831223721_10320805_006_01-200.log:	   Memory (MB)          :      43        8192      8192 
logs/job_GrIS_2020_2200_CW-15301129_ATL03_20200901092648_10390803_006_02-117.log:	   Memory (MB)          :     720        8192      8192 
logs/job_GrIS_2020_2200_CW-15301129_ATL03_20200901221141_10470805_006_02-99.log:	   Memory (MB)          :    1053        8192      8192 
logs/job_GrIS_2020_2200_CW-15301129_ATL03_20200905091828_11000803_006_02-118.log:	   Memory (MB)          :               8192      8192 
logs/job_GrIS_2020_2200_CW-15301129_ATL03_20200905091828_11000803_006_02-118.log:	   Memory (MB)          :               8192      8192 
logs/job_GrIS_2020_2200_CW-15301129_ATL03_20200905091828_11000803_006_02-118.log:	   Memory (MB)          :    1674        8192      8192 
logs/job_GrIS_2020_2200_CW-15301129_ATL03_20200905220321_11080805_006_02-113.log:	   Memory (MB)          :     377        8192      8192 
logs/job_GrIS_2020_2200_CW-15301129_ATL03_20200909091009_11610803_006_02-104.log:	   Memory (MB)          :    4380        8192      8192 
logs/job_GrIS_2020_2200_CW-15301129_ATL03_20200913090149_12220803_006_02-102.log:	   Memory (MB)          :    4572        8192      8192 
logs/job_GrIS_2020_2200_CW-15301129_ATL03_20200913214643_12300805_006_02-114.log:	   Memory (MB)          :               8192      8192 
logs/job_GrIS_2020_2200_CW-15301129_ATL03_20200913214643_12300805_006_02-114.log:	   Memory (MB)          :    4256        8192      8192 
logs/job_GrIS_2020_2200_CW-15301129_ATL03_20200914212103_12450805_006_02-100.log:	   Memory (MB)          :     624        8192      8192 
logs/job_GrIS_2020_2200_CW-15301129_ATL03_20200917085329_12830803_006_02-106.log:	   Memory (MB)          :    1984        8192      8192 
logs/job_GrIS_2020_2200_CW-15301129_ATL03_20200917213822_12910805_006_02-109.log:	   Memory (MB)          :     577        8192      8192 
logs/job_GrIS_2020_2200_CW-15301129_ATL03_20200918211243_13060805_006_02-110.log:	   Memory (MB)          :     386        8192      8192 
logs/job_GrIS_2020_2200_CW-15301129_ATL03_20200921084510_13440803_006_02-111.log:	   Memory (MB)          :               8192      8192 
logs/job_GrIS_2020_2200_CW-15301129_ATL03_20200921084510_13440803_006_02-111.log:	   Memory (MB)          :     484        8192      8192 
logs/job_GrIS_2020_2200_CW-15301129_ATL03_20200921213003_13520805_006_02-107.log:	   Memory (MB)          :     778        8192      8192 
logs/job_GrIS_2020_2200_CW-15301129_ATL03_20200922081931_13590803_006_02-105.log:	   Memory (MB)          :     725        8192      8192 
logs/job_GrIS_2020_2200_CW-15301129_ATL03_20200922210424_13670805_006_02-119.log:	   Memory (MB)          :               8192      8192 
logs/job_GrIS_2020_2200_CW-15301129_ATL03_20200922210424_13670805_006_02-119.log:	   Memory (MB)          :     945        8192      8192 
logs/job_GrIS_2020_2200_CW-15301129_ATL03_20200925083651_00180903_006_02-115.log:	   Memory (MB)          :               8192      8192 
logs/job_GrIS_2020_2200_CW-15301129_ATL03_20200925083651_00180903_006_02-115.log:	   Memory (MB)          :     438        8192      8192 
logs/job_GrIS_2020_2200_CW-15301129_ATL03_20200925212145_00260905_006_02-101.log:	   Memory (MB)          :      319     8192      8192 
logs/job_GrIS_2020_2200_CW-15301129_ATL03_20200926081112_00330903_006_02-120.log:	   Memory (MB)          :               8192      8192 
logs/job_GrIS_2020_2200_CW-15301129_ATL03_20200926081112_00330903_006_02-120.log:	   Memory (MB)          :               8192      8192 
logs/job_GrIS_2020_2200_CW-15301129_ATL03_20200926081112_00330903_006_02-120.log:	   Memory (MB)          :     297        8192      8192 
logs/job_GrIS_2020_2200_CW-15301129_ATL03_20200926205605_00410905_006_02-98.log:	   Memory (MB)          :     582        8192      8192 
logs/job_GrIS_2020_2200_CW-15301129_ATL03_20200929211324_00870905_006_02-103.log:	   Memory (MB)          :      305     8192      8192 
logs/job_GrIS_2020_2200_CW-15301129_ATL03_20200930080248_00940903_006_02-116.log:	   Memory (MB)          :               8192      8192 
logs/job_GrIS_2020_2200_CW-15301129_ATL03_20200930080248_00940903_006_02-116.log:	   Memory (MB)          :              8192      8192 
logs/job_GrIS_2020_2200_CW-15301129_ATL03_20200930080248_00940903_006_02-116.log:	   Memory (MB)          :    2465        8192      8192 
logs/job_GrIS_2020_2200_CW-15301129_ATL03_20200930204740_01020905_006_02-108.log:	   Memory (MB)          :    2663        8192      8192 
logs/job_GrIS_2021_2200_CW-15301129_ATL03_20210502215019_05971103_006_01-229.log:	   Memory (MB)          :    4576        8192      8192 
logs/job_GrIS_2021_2200_CW-15301129_ATL03_20210503103512_06051105_006_01-239.log:	   Memory (MB)          :    5146        8192      8192 
logs/job_GrIS_2021_2200_CW-15301129_ATL03_20210506214200_06581103_006_01-230.log:	   Memory (MB)          :    5397        8192      8192 
logs/job_GrIS_2021_2200_CW-15301129_ATL03_20210507102653_06661105_006_01-238.log:	   Memory (MB)          :    74        8192      8192 
logs/job_GrIS_2021_2200_CW-15301129_ATL03_20210507102653_06661105_006_01-238.log:	   Memory (MB)          :     74        8192      8192 
logs/job_GrIS_2021_2200_CW-15301129_ATL03_20210507102653_06661105_006_01-238.log:	   Memory (MB)          :    74        8192      8192 
logs/job_GrIS_2021_2200_CW-15301129_ATL03_20210507102653_06661105_006_01-238.log:	   Memory (MB)          :    6011        8192      8192 
logs/job_GrIS_2021_2200_CW-15301129_ATL03_20210510213341_07191103_006_01-228.log:	   Memory (MB)          :    2555        8192      8192 
logs/job_GrIS_2021_2200_CW-15301129_ATL03_20210511101834_07271105_006_01-243.log:	   Memory (MB)          :    8689        8192      8192 
logs/job_GrIS_2021_2200_CW-15301129_ATL03_20210514212522_07801103_006_01-231.log:	   Memory (MB)          :    9113        8192      8192 
logs/job_GrIS_2021_2200_CW-15301129_ATL03_20210515101015_07881105_006_01-241.log:	   Memory (MB)          :    9322        8192      8192 
logs/job_GrIS_2021_2200_CW-15301129_ATL03_20210516094435_08031105_006_01-240.log:	   Memory (MB)          :     986        8192      8192 
logs/job_GrIS_2021_2200_CW-15301129_ATL03_20210518211701_08411103_006_01-233.log:	   Memory (MB)          :   13407        8192      8192 
logs/job_GrIS_2021_2200_CW-15301129_ATL03_20210519100155_08491105_006_01-242.log:	   Memory (MB)          :    7141        8192      8192 
logs/job_GrIS_2021_2200_CW-15301129_ATL03_20210520093615_08641105_006_01-246.log:	   Memory (MB)          :    1126        8192      8192 
logs/job_GrIS_2021_2200_CW-15301129_ATL03_20210522210842_09021103_006_01-232.log:	   Memory (MB)          :    4904        8192      8192 
logs/job_GrIS_2021_2200_CW-15301129_ATL03_20210523095335_09101105_006_01-245.log:	   Memory (MB)          :    5420        8192      8192 
logs/job_GrIS_2021_2200_CW-15301129_ATL03_20210523204302_09171103_006_01-235.log:	   Memory (MB)          :    2591        8192      8192 
logs/job_GrIS_2021_2200_CW-15301129_ATL03_20210524092756_09251105_006_01-244.log:	   Memory (MB)          :    1619        8192      8192 
logs/job_GrIS_2021_2200_CW-15301129_ATL03_20210526210022_09631103_006_01-234.log:	   Memory (MB)          :     791        8192      8192 
logs/job_GrIS_2021_2200_CW-15301129_ATL03_20210527094515_09711105_006_01-248.log:	   Memory (MB)          :    2010        8192      8192 
logs/job_GrIS_2021_2200_CW-15301129_ATL03_20210527203442_09781103_006_01-236.log:	   Memory (MB)          :    2976        8192      8192 
logs/job_GrIS_2021_2200_CW-15301129_ATL03_20210528091935_09861105_006_01-247.log:	   Memory (MB)          :    3284        8192      8192 
logs/job_GrIS_2021_2200_CW-15301129_ATL03_20210531093655_10321105_006_01-249.log:	   Memory (MB)          :     225        8192      8192 
logs/job_GrIS_2021_2200_CW-15301129_ATL03_20210531202623_10391103_006_01-237.log:	   Memory (MB)          :    3554        8192      8192 
logs/job_GrIS_2021_2200_CW-15301129_ATL03_20210601091116_10471105_006_01-259.log:	   Memory (MB)          :    2412        8192      8192 
logs/job_GrIS_2021_2200_CW-15301129_ATL03_20210604201803_11001103_006_01-250.log:	   Memory (MB)          :    4608        8192      8192 
logs/job_GrIS_2021_2200_CW-15301129_ATL03_20210605090256_11081105_006_01-260.log:	   Memory (MB)          :    5189        8192      8192 
logs/job_GrIS_2021_2200_CW-15301129_ATL03_20210608200944_11611103_006_01-252.log:	   Memory (MB)          :    7716        8192      8192 
logs/job_GrIS_2021_2200_CW-15301129_ATL03_20210609085437_11691105_006_01-261.log:	   Memory (MB)          :    8374        8192      8192 
logs/job_GrIS_2021_2200_CW-15301129_ATL03_20210612200124_12221103_006_01-255.log:	   Memory (MB)          :    9787        8192      8192 
logs/job_GrIS_2021_2200_CW-15301129_ATL03_20210613084617_12301105_006_01-263.log:	   Memory (MB)          :    8000        8192      8192 
logs/job_GrIS_2021_2200_CW-15301129_ATL03_20210614082038_12451105_006_01-264.log:	   Memory (MB)          :     599        8192      8192 
logs/job_GrIS_2021_2200_CW-15301129_ATL03_20210616195304_12831103_006_01-253.log:	   Memory (MB)          :   20006        8192      8192 
logs/job_GrIS_2021_2200_CW-15301129_ATL03_20210617083757_12911105_006_01-269.log:	   Memory (MB)          :    5888        8192      8192 
logs/job_GrIS_2021_2200_CW-15301129_ATL03_20210618081217_13061105_006_01-265.log:	   Memory (MB)          :    2059        8192      8192 
logs/job_GrIS_2021_2200_CW-15301129_ATL03_20210620194444_13441103_006_01-251.log:	   Memory (MB)          :    8427        8192      8192 
logs/job_GrIS_2021_2200_CW-15301129_ATL03_20210621082937_13521105_006_01-262.log:	   Memory (MB)          :    3764        8192      8192 
logs/job_GrIS_2021_2200_CW-15301129_ATL03_20210621191905_13591103_006_01-254.log:	   Memory (MB)          :    2040        8192      8192 
logs/job_GrIS_2021_2200_CW-15301129_ATL03_20210622080358_13671105_006_01-267.log:	   Memory (MB)          :    2708        8192      8192 
logs/job_GrIS_2021_2200_CW-15301129_ATL03_20210624193624_00181203_006_01-256.log:	   Memory (MB)          :    1711        8192      8192 
logs/job_GrIS_2021_2200_CW-15301129_ATL03_20210625082118_00261205_006_01-268.log:	   Memory (MB)          :    3058        8192      8192 
logs/job_GrIS_2021_2200_CW-15301129_ATL03_20210625191045_00331203_006_01-258.log:	   Memory (MB)          :    1986        8192      8192 
logs/job_GrIS_2021_2200_CW-15301129_ATL03_20210626075538_00411205_006_01-266.log:	   Memory (MB)          :    1689        8192      8192 
logs/job_GrIS_2021_2200_CW-15301129_ATL03_20210629081258_00871205_006_01-271.log:	   Memory (MB)          :     462        8192      8192 
logs/job_GrIS_2021_2200_CW-15301129_ATL03_20210629190226_00941203_006_01-257.log:	   Memory (MB)          :    2679        8192      8192 
logs/job_GrIS_2021_2200_CW-15301129_ATL03_20210630074719_01021205_006_01-270.log:	   Memory (MB)          :    1250        8192      8192 
logs/job_GrIS_2021_2200_CW-15301129_ATL03_20210703185406_01551203_006_01-272.log:	   Memory (MB)          :    3903        8192      8192 
logs/job_GrIS_2021_2200_CW-15301129_ATL03_20210704073859_01631205_006_01-282.log:	   Memory (MB)          :              8192      8192 
logs/job_GrIS_2021_2200_CW-15301129_ATL03_20210704073859_01631205_006_01-282.log:	   Memory (MB)          :    1581        8192      8192 
logs/job_GrIS_2021_2200_CW-15301129_ATL03_20210707184545_02161203_006_01-273.log:	   Memory (MB)          :    4434        8192      8192 
logs/job_GrIS_2021_2200_CW-15301129_ATL03_20210708073039_02241205_006_01-283.log:	   Memory (MB)          :              8192      8192 
logs/job_GrIS_2021_2200_CW-15301129_ATL03_20210708073039_02241205_006_01-283.log:	   Memory (MB)          :    1611        8192      8192 
logs/job_GrIS_2021_2200_CW-15301129_ATL03_20210711183727_02771203_006_01-274.log:	   Memory (MB)          :    8379        8192      8192 
logs/job_GrIS_2021_2200_CW-15301129_ATL03_20210712072220_02851205_006_01-285.log:	   Memory (MB)          :    5863        8192      8192 
logs/job_GrIS_2021_2200_CW-15301129_ATL03_20210715182907_03381203_006_01-276.log:	   Memory (MB)          :    8889        8192      8192 
logs/job_GrIS_2021_2200_CW-15301129_ATL03_20210716071401_03461205_006_01-288.log:	   Memory (MB)          :    2880        8192      8192 
logs/job_GrIS_2021_2200_CW-15301129_ATL03_20210717064822_03611205_006_01-287.log:	   Memory (MB)          :    1343        8192      8192 
logs/job_GrIS_2021_2200_CW-15301129_ATL03_20210719182049_03991203_006_01-275.log:	   Memory (MB)          :              8192      8192 
logs/job_GrIS_2021_2200_CW-15301129_ATL03_20210719182049_03991203_006_01-275.log:	   Memory (MB)          :               8192      8192 
logs/job_GrIS_2021_2200_CW-15301129_ATL03_20210720070542_04071205_006_01-286.log:	   Memory (MB)          :    2541        8192      8192 
logs/job_GrIS_2021_2200_CW-15301129_ATL03_20210720175509_04141203_006_01-278.log:	   Memory (MB)          :              8192      8192 
logs/job_GrIS_2021_2200_CW-15301129_ATL03_20210720175509_04141203_006_01-278.log:	   Memory (MB)          :              8192      8192 
logs/job_GrIS_2021_2200_CW-15301129_ATL03_20210720175509_04141203_006_01-278.log:	   Memory (MB)          :     344        8192      8192 
logs/job_GrIS_2021_2200_CW-15301129_ATL03_20210721064002_04221205_006_01-284.log:	   Memory (MB)          :     527        8192      8192 
logs/job_GrIS_2021_2200_CW-15301129_ATL03_20210723181229_04601203_006_01-279.log:	   Memory (MB)          :              8192      8192 
logs/job_GrIS_2021_2200_CW-15301129_ATL03_20210723181229_04601203_006_01-279.log:	   Memory (MB)          :              8192      8192 
logs/job_GrIS_2021_2200_CW-15301129_ATL03_20210723181229_04601203_006_01-279.log:	   Memory (MB)          :              8192      8192 
logs/job_GrIS_2021_2200_CW-15301129_ATL03_20210723181229_04601203_006_01-279.log:	   Memory (MB)          :    5310        8192      8192 
logs/job_GrIS_2021_2200_CW-15301129_ATL03_20210724065722_04681205_006_01-290.log:	   Memory (MB)          :    1572        8192      8192 
logs/job_GrIS_2021_2200_CW-15301129_ATL03_20210724174650_04751203_006_01-277.log:	   Memory (MB)          :    3005        8192      8192 
logs/job_GrIS_2021_2200_CW-15301129_ATL03_20210725063143_04831205_006_01-291.log:	   Memory (MB)          :    1580        8192      8192 
logs/job_GrIS_2021_2200_CW-15301129_ATL03_20210727180410_05211203_006_01-280.log:	   Memory (MB)          :              8192      8192 
logs/job_GrIS_2021_2200_CW-15301129_ATL03_20210727180410_05211203_006_01-280.log:	   Memory (MB)          :              8192      8192 
logs/job_GrIS_2021_2200_CW-15301129_ATL03_20210727180410_05211203_006_01-280.log:	   Memory (MB)          :       48     8192      8192 
logs/job_GrIS_2021_2200_CW-15301129_ATL03_20210728064903_05291205_006_01-292.log:	   Memory (MB)          :     385        8192      8192 
logs/job_GrIS_2021_2200_CW-15301129_ATL03_20210729062325_05441205_006_01-289.log:	   Memory (MB)          :     598        8192      8192 
logs/job_GrIS_2021_2200_CW-15301129_ATL03_20210801173011_05971203_006_01-293.log:	   Memory (MB)          :    5768        8192      8192 
logs/job_GrIS_2021_2200_CW-15301129_ATL03_20210802061504_06051205_006_01-303.log:	   Memory (MB)          :              8192      8192 
logs/job_GrIS_2021_2200_CW-15301129_ATL03_20210802061504_06051205_006_01-303.log:	   Memory (MB)          :              8192      8192 
logs/job_GrIS_2021_2200_CW-15301129_ATL03_20210802061504_06051205_006_01-303.log:	   Memory (MB)          :    2920        8192      8192 
logs/job_GrIS_2021_2200_CW-15301129_ATL03_20210805172149_06581203_006_01-295.log:	   Memory (MB)          :    6421        8192      8192 
logs/job_GrIS_2021_2200_CW-15301129_ATL03_20210806060645_06661205_006_01-306.log:	   Memory (MB)          :     611        8192      8192 
logs/job_GrIS_2021_2200_CW-15301129_ATL03_20210809171331_07191203_006_01-294.log:	   Memory (MB)          :    6403        8192      8192 
logs/job_GrIS_2021_2200_CW-15301129_ATL03_20210810055826_07271205_006_01-307.log:	   Memory (MB)          :    1641        8192      8192 
logs/job_GrIS_2021_2200_CW-15301129_ATL03_20210813170514_07801203_006_01-296.log:	   Memory (MB)          :    9836        8192      8192 
logs/job_GrIS_2021_2200_CW-15301129_ATL03_20210814055007_07881205_006_01-305.log:	   Memory (MB)          :              8192      8192 
logs/job_GrIS_2021_2200_CW-15301129_ATL03_20210814055007_07881205_006_01-305.log:	   Memory (MB)          :              8192      8192 
logs/job_GrIS_2021_2200_CW-15301129_ATL03_20210814055007_07881205_006_01-305.log:	   Memory (MB)          :     245        8192      8192 
logs/job_GrIS_2021_2200_CW-15301129_ATL03_20210815052428_08031205_006_01-304.log:	   Memory (MB)          :              8192      8192 
logs/job_GrIS_2021_2200_CW-15301129_ATL03_20210815052428_08031205_006_01-304.log:	   Memory (MB)          :      219     8192      8192 
logs/job_GrIS_2021_2200_CW-15301129_ATL03_20210817165655_08411203_006_01-297.log:	   Memory (MB)          :   10449        8192      8192 
logs/job_GrIS_2021_2200_CW-15301129_ATL03_20210818054149_08491205_006_01-310.log:	   Memory (MB)          :     765        8192      8192 
logs/job_GrIS_2021_2200_CW-15301129_ATL03_20210819051609_08641205_006_01-315.log:	   Memory (MB)          :    74        8192      8192 
logs/job_GrIS_2021_2200_CW-15301129_ATL03_20210819051609_08641205_006_01-315.log:	   Memory (MB)          :      379     8192      8192 
logs/job_GrIS_2021_2200_CW-15301129_ATL03_20210821164835_09021203_006_01-299.log:	   Memory (MB)          :    3914        8192      8192 
logs/job_GrIS_2021_2200_CW-15301129_ATL03_20210822053329_09101205_006_01-312.log:	   Memory (MB)          :     547        8192      8192 
logs/job_GrIS_2021_2200_CW-15301129_ATL03_20210822162256_09171203_006_01-298.log:	   Memory (MB)          :    1019        8192      8192 
logs/job_GrIS_2021_2200_CW-15301129_ATL03_20210823050750_09251205_006_01-309.log:	   Memory (MB)          :    1061        8192      8192 
logs/job_GrIS_2021_2200_CW-15301129_ATL03_20210825164016_09631203_006_01-301.log:	   Memory (MB)          :              8192      8192 
logs/job_GrIS_2021_2200_CW-15301129_ATL03_20210825164016_09631203_006_01-301.log:	   Memory (MB)          :               8192      8192 
logs/job_GrIS_2021_2200_CW-15301129_ATL03_20210825164016_09631203_006_01-301.log:	   Memory (MB)          :    1236        8192      8192 
logs/job_GrIS_2021_2200_CW-15301129_ATL03_20210826052509_09711205_006_01-311.log:	   Memory (MB)          :       54     8192      8192 
logs/job_GrIS_2021_2200_CW-15301129_ATL03_20210826161437_09781203_006_01-300.log:	   Memory (MB)          :    2316        8192      8192 
logs/job_GrIS_2021_2200_CW-15301129_ATL03_20210827045931_09861205_006_01-314.log:	   Memory (MB)          :    74        8192      8192 
logs/job_GrIS_2021_2200_CW-15301129_ATL03_20210827045931_09861205_006_01-314.log:	   Memory (MB)          :     717        8192      8192 
logs/job_GrIS_2021_2200_CW-15301129_ATL03_20210830051649_10321205_006_01-308.log:	   Memory (MB)          :       53     8192      8192 
logs/job_GrIS_2021_2200_CW-15301129_ATL03_20210830160617_10391203_006_01-302.log:	   Memory (MB)          :    3700        8192      8192 
logs/job_GrIS_2021_2200_CW-15301129_ATL03_20210831045110_10471205_006_01-313.log:	   Memory (MB)          :    2425        8192      8192 
logs/job_GrIS_2021_2200_CW-15301129_ATL03_20210903155757_11001203_006_02-215.log:	   Memory (MB)          :    5565        8192      8192 
logs/job_GrIS_2021_2200_CW-15301129_ATL03_20210904044251_11081205_006_02-212.log:	   Memory (MB)          :     241        8192      8192 
logs/job_GrIS_2021_2200_CW-15301129_ATL03_20210907154939_11611203_006_02-226.log:	   Memory (MB)          :    4310        8192      8192 
logs/job_GrIS_2021_2200_CW-15301129_ATL03_20210908043433_11691205_006_02-219.log:	   Memory (MB)          :      415     8192      8192 
logs/job_GrIS_2021_2200_CW-15301129_ATL03_20210912042613_12301205_006_02-213.log:	   Memory (MB)          :      317     8192      8192 
logs/job_GrIS_2021_2200_CW-15301129_ATL03_20210913040033_12451205_006_02-224.log:	   Memory (MB)          :               8192      8192 
logs/job_GrIS_2021_2200_CW-15301129_ATL03_20210913040033_12451205_006_02-224.log:	   Memory (MB)          :              8192      8192 
logs/job_GrIS_2021_2200_CW-15301129_ATL03_20210913040033_12451205_006_02-224.log:	   Memory (MB)          :              8192      8192 
logs/job_GrIS_2021_2200_CW-15301129_ATL03_20210913040033_12451205_006_02-224.log:	   Memory (MB)          :      230     8192      8192 
logs/job_GrIS_2021_2200_CW-15301129_ATL03_20210915153300_12831203_006_02-223.log:	   Memory (MB)          :               8192      8192 
logs/job_GrIS_2021_2200_CW-15301129_ATL03_20210915153300_12831203_006_02-223.log:	   Memory (MB)          :              8192      8192 
logs/job_GrIS_2021_2200_CW-15301129_ATL03_20210915153300_12831203_006_02-223.log:	   Memory (MB)          :   14627        8192      8192 
logs/job_GrIS_2021_2200_CW-15301129_ATL03_20210916041753_12911205_006_02-218.log:	   Memory (MB)          :       53     8192      8192 
logs/job_GrIS_2021_2200_CW-15301129_ATL03_20210917035214_13061205_006_02-216.log:	   Memory (MB)          :    1821        8192      8192 
logs/job_GrIS_2021_2200_CW-15301129_ATL03_20210919152440_13441203_006_02-217.log:	   Memory (MB)          :    7426        8192      8192 
logs/job_GrIS_2021_2200_CW-15301129_ATL03_20210920040934_13521205_006_02-225.log:	   Memory (MB)          :     648        8192      8192 
logs/job_GrIS_2021_2200_CW-15301129_ATL03_20210920145901_13591203_006_02-220.log:	   Memory (MB)          :    1297        8192      8192 
logs/job_GrIS_2021_2200_CW-15301129_ATL03_20210921034355_13671205_006_02-210.log:	   Memory (MB)          :      226     8192      8192 
logs/job_GrIS_2021_2200_CW-15301129_ATL03_20210923151621_00181303_006_02-211.log:	   Memory (MB)          :    2058        8192      8192 
logs/job_GrIS_2021_2200_CW-15301129_ATL03_20210924040116_00261305_006_02-209.log:	   Memory (MB)          :      529     8192      8192 
logs/job_GrIS_2021_2200_CW-15301129_ATL03_20210924145043_00331303_006_02-221.log:	   Memory (MB)          :    3413        8192      8192 
logs/job_GrIS_2021_2200_CW-15301129_ATL03_20210925033536_00411305_006_02-208.log:	   Memory (MB)          :      376     8192      8192 
logs/job_GrIS_2021_2200_CW-15301129_ATL03_20210928035256_00871305_006_02-214.log:	   Memory (MB)          :      351     8192      8192 
logs/job_GrIS_2021_2200_CW-15301129_ATL03_20210928144223_00941303_006_02-227.log:	   Memory (MB)          :    4558        8192      8192 
logs/job_GrIS_2021_2200_CW-15301129_ATL03_20210929032716_01021305_006_02-222.log:	   Memory (MB)          :    2329        8192      8192 
logs/job_GrIS_2022_2200_CW-15301129_ATL03_20220501042951_05971503_006_01-346.log:	   Memory (MB)          :              8192      8192 
logs/job_GrIS_2022_2200_CW-15301129_ATL03_20220501042951_05971503_006_01-346.log:	   Memory (MB)          :    3539        8192      8192 
logs/job_GrIS_2022_2200_CW-15301129_ATL03_20220501171445_06051505_006_01-350.log:	   Memory (MB)          :    5602        8192      8192 
logs/job_GrIS_2022_2200_CW-15301129_ATL03_20220505042131_06581503_006_01-344.log:	   Memory (MB)          :    2961        8192      8192 
logs/job_GrIS_2022_2200_CW-15301129_ATL03_20220505170624_06661505_006_01-349.log:	   Memory (MB)          :              8192      8192 
logs/job_GrIS_2022_2200_CW-15301129_ATL03_20220505170624_06661505_006_01-349.log:	   Memory (MB)          :    7216        8192      8192 
logs/job_GrIS_2022_2200_CW-15301129_ATL03_20220509041310_07191503_006_01-345.log:	   Memory (MB)          :              8192      8192 
logs/job_GrIS_2022_2200_CW-15301129_ATL03_20220509041310_07191503_006_01-345.log:	   Memory (MB)          :    4231        8192      8192 
logs/job_GrIS_2022_2200_CW-15301129_ATL03_20220513040457_07801503_006_01-343.log:	   Memory (MB)          :    1311        8192      8192 
logs/job_GrIS_2022_2200_CW-15301129_ATL03_20220513164949_07881505_006_01-353.log:	   Memory (MB)          :              8192      8192 
logs/job_GrIS_2022_2200_CW-15301129_ATL03_20220513164949_07881505_006_01-353.log:	   Memory (MB)          :               8192      8192 
logs/job_GrIS_2022_2200_CW-15301129_ATL03_20220517035636_08411503_006_01-342.log:	   Memory (MB)          :              8192      8192 
logs/job_GrIS_2022_2200_CW-15301129_ATL03_20220517035636_08411503_006_01-342.log:	   Memory (MB)          :    3960        8192      8192 
logs/job_GrIS_2022_2200_CW-15301129_ATL03_20220517164128_08491505_006_01-351.log:	   Memory (MB)          :    9400        8192      8192 
logs/job_GrIS_2022_2200_CW-15301129_ATL03_20220518161550_08641505_006_01-354.log:	   Memory (MB)          :    2211        8192      8192 
logs/job_GrIS_2022_2200_CW-15301129_ATL03_20220521034812_09021503_006_01-347.log:	   Memory (MB)          :     838        8192      8192 
logs/job_GrIS_2022_2200_CW-15301129_ATL03_20220521163305_09101505_006_01-356.log:	   Memory (MB)          :    6806        8192      8192 
logs/job_GrIS_2022_2200_CW-15301129_ATL03_20220522032233_09171503_006_01-340.log:	   Memory (MB)          :      431     8192      8192 
logs/job_GrIS_2022_2200_CW-15301129_ATL03_20220522160725_09251505_006_01-355.log:	   Memory (MB)          :    2561        8192      8192 
logs/job_GrIS_2022_2200_CW-15301129_ATL03_20220525033953_09631503_006_01-339.log:	   Memory (MB)          :      324     8192      8192 
logs/job_GrIS_2022_2200_CW-15301129_ATL03_20220525162447_09711505_006_01-358.log:	   Memory (MB)          :              8192      8192 
logs/job_GrIS_2022_2200_CW-15301129_ATL03_20220525162447_09711505_006_01-358.log:	   Memory (MB)          :               8192      8192 
logs/job_GrIS_2022_2200_CW-15301129_ATL03_20220525162447_09711505_006_01-358.log:	   Memory (MB)          :    2829        8192      8192 
logs/job_GrIS_2022_2200_CW-15301129_ATL03_20220526031414_09781503_006_01-341.log:	   Memory (MB)          :    2921        8192      8192 
logs/job_GrIS_2022_2200_CW-15301129_ATL03_20220526155907_09861505_006_01-360.log:	   Memory (MB)          :    4349        8192      8192 
logs/job_GrIS_2022_2200_CW-15301129_ATL03_20220529161633_10321505_006_01-357.log:	   Memory (MB)          :              8192      8192 
logs/job_GrIS_2022_2200_CW-15301129_ATL03_20220529161633_10321505_006_01-357.log:	   Memory (MB)          :               8192      8192 
logs/job_GrIS_2022_2200_CW-15301129_ATL03_20220529161633_10321505_006_01-357.log:	   Memory (MB)          :              8192      8192 
logs/job_GrIS_2022_2200_CW-15301129_ATL03_20220529161633_10321505_006_01-357.log:	   Memory (MB)          :     346        8192      8192 
logs/job_GrIS_2022_2200_CW-15301129_ATL03_20220530030601_10391503_006_01-348.log:	   Memory (MB)          :    3338        8192      8192 
logs/job_GrIS_2022_2200_CW-15301129_ATL03_20220530155054_10471505_006_01-359.log:	   Memory (MB)          :    4177        8192      8192 
logs/job_GrIS_2022_2200_CW-15301129_ATL03_20220603025742_11001503_006_01-361.log:	   Memory (MB)          :    3590        8192      8192 
logs/job_GrIS_2022_2200_CW-15301129_ATL03_20220603154233_11081505_006_01-370.log:	   Memory (MB)          :    4919        8192      8192 
logs/job_GrIS_2022_2200_CW-15301129_ATL03_20220607024921_11611503_006_01-362.log:	   Memory (MB)          :    4579        8192      8192 
logs/job_GrIS_2022_2200_CW-15301129_ATL03_20220607153415_11691505_006_01-372.log:	   Memory (MB)          :   11614        8192      8192 
logs/job_GrIS_2022_2200_CW-15301129_ATL03_20220611024058_12221503_006_01-363.log:	   Memory (MB)          :     607        8192      8192 
logs/job_GrIS_2022_2200_CW-15301129_ATL03_20220611152552_12301505_006_01-371.log:	   Memory (MB)          :   10225        8192      8192 
logs/job_GrIS_2022_2200_CW-15301129_ATL03_20220612150013_12451505_006_01-374.log:	   Memory (MB)          :      482     8192      8192 
logs/job_GrIS_2022_2200_CW-15301129_ATL03_20220615023239_12831503_006_01-364.log:	   Memory (MB)          :    3926        8192      8192 
logs/job_GrIS_2022_2200_CW-15301129_ATL03_20220615151733_12911505_006_01-376.log:	   Memory (MB)          :    8766        8192      8192 
logs/job_GrIS_2022_2200_CW-15301129_ATL03_20220616145156_13061505_006_01-373.log:	   Memory (MB)          :    3164        8192      8192 
logs/job_GrIS_2022_2200_CW-15301129_ATL03_20220619022422_13441503_006_01-365.log:	   Memory (MB)          :    1811        8192      8192 
logs/job_GrIS_2022_2200_CW-15301129_ATL03_20220619150916_13521505_006_01-377.log:	   Memory (MB)          :    7275        8192      8192 
logs/job_GrIS_2022_2200_CW-15301129_ATL03_20220620015846_13591503_006_01-366.log:	   Memory (MB)          :    1071        8192      8192 
logs/job_GrIS_2022_2200_CW-15301129_ATL03_20220620144339_13671505_006_01-375.log:	   Memory (MB)          :    2251        8192      8192 
logs/job_GrIS_2022_2200_CW-15301129_ATL03_20220623021609_00181603_006_01-367.log:	   Memory (MB)          :     674        8192      8192 
logs/job_GrIS_2022_2200_CW-15301129_ATL03_20220623150103_00261605_006_01-378.log:	   Memory (MB)          :    5722        8192      8192 
logs/job_GrIS_2022_2200_CW-15301129_ATL03_20220624015027_00331603_006_01-368.log:	   Memory (MB)          :     326        8192      8192 
logs/job_GrIS_2022_2200_CW-15301129_ATL03_20220624143518_00411605_006_01-379.log:	   Memory (MB)          :    3439        8192      8192 
logs/job_GrIS_2022_2200_CW-15301129_ATL03_20220627145237_00871605_006_01-381.log:	   Memory (MB)          :     679        8192      8192 
logs/job_GrIS_2022_2200_CW-15301129_ATL03_20220628014206_00941603_006_01-369.log:	   Memory (MB)          :    1017        8192      8192 
logs/job_GrIS_2022_2200_CW-15301129_ATL03_20220628142659_01021605_006_01-380.log:	   Memory (MB)          :    6010        8192      8192 
logs/job_GrIS_2022_2200_CW-15301129_ATL03_20220702013345_01551603_006_02-316.log:	   Memory (MB)          :    2027        8192      8192 
logs/job_GrIS_2022_2200_CW-15301129_ATL03_20220702141839_01631605_006_02-337.log:	   Memory (MB)          :              8192      8192 
logs/job_GrIS_2022_2200_CW-15301129_ATL03_20220702141839_01631605_006_02-337.log:	   Memory (MB)          :    5313        8192      8192 
logs/job_GrIS_2022_2200_CW-15301129_ATL03_20220706012528_02161603_006_02-317.log:	   Memory (MB)          :    4316        8192      8192 
logs/job_GrIS_2022_2200_CW-15301129_ATL03_20220706141022_02241605_006_02-336.log:	   Memory (MB)          :    8664        8192      8192 
logs/job_GrIS_2022_2200_CW-15301129_ATL03_20220710011708_02771603_006_02-322.log:	   Memory (MB)          :    4574        8192      8192 
logs/job_GrIS_2022_2200_CW-15301129_ATL03_20220710140201_02851605_006_02-326.log:	   Memory (MB)          :   11065        8192      8192 
logs/job_GrIS_2022_2200_CW-15301129_ATL03_20220714010847_03381603_006_02-321.log:	   Memory (MB)          :    4957        8192      8192 
logs/job_GrIS_2022_2200_CW-15301129_ATL03_20220714135341_03461605_006_02-330.log:	   Memory (MB)          :   10036        8192      8192 
logs/job_GrIS_2022_2200_CW-15301129_ATL03_20220715132801_03611605_006_02-327.log:	   Memory (MB)          :    1222        8192      8192 
logs/job_GrIS_2022_2200_CW-15301129_ATL03_20220718010029_03991603_006_02-318.log:	   Memory (MB)          :              8192      8192 
logs/job_GrIS_2022_2200_CW-15301129_ATL03_20220718010029_03991603_006_02-318.log:	   Memory (MB)          :    3761        8192      8192 
logs/job_GrIS_2022_2200_CW-15301129_ATL03_20220718134522_04071605_006_02-335.log:	   Memory (MB)          :    7298        8192      8192 
logs/job_GrIS_2022_2200_CW-15301129_ATL03_20220719003450_04141603_006_02-323.log:	   Memory (MB)          :      250     8192      8192 
logs/job_GrIS_2022_2200_CW-15301129_ATL03_20220719131943_04221605_006_02-331.log:	   Memory (MB)          :     925        8192      8192 
logs/job_GrIS_2022_2200_CW-15301129_ATL03_20220722005209_04601603_006_02-329.log:	   Memory (MB)          :    1175        8192      8192 
logs/job_GrIS_2022_2200_CW-15301129_ATL03_20220722133704_04681605_006_02-334.log:	   Memory (MB)          :   269        8192      8192 
logs/job_GrIS_2022_2200_CW-15301129_ATL03_20220722133704_04681605_006_02-334.log:	   Memory (MB)          :    6604        8192      8192 
logs/job_GrIS_2022_2200_CW-15301129_ATL03_20220723002631_04751603_006_02-320.log:	   Memory (MB)          :      373     8192      8192 
logs/job_GrIS_2022_2200_CW-15301129_ATL03_20220723131125_04831605_006_02-338.log:	   Memory (MB)          :    2317        8192      8192 
logs/job_GrIS_2022_2200_CW-15301129_ATL03_20220726004352_05211603_006_02-324.log:	   Memory (MB)          :       41     8192      8192 
logs/job_GrIS_2022_2200_CW-15301129_ATL03_20220726132845_05291605_006_02-332.log:	   Memory (MB)          :    1994        8192      8192 
logs/job_GrIS_2022_2200_CW-15301129_ATL03_20220727001811_05361603_006_02-328.log:	   Memory (MB)          :     417        8192      8192 
logs/job_GrIS_2022_2200_CW-15301129_ATL03_20220727130304_05441605_006_02-325.log:	   Memory (MB)          :    2339        8192      8192 
logs/job_GrIS_2022_2200_CW-15301129_ATL03_20220731000952_05971603_006_02-333.log:	   Memory (MB)          :     614        8192      8192 
logs/job_GrIS_2022_2200_CW-15301129_ATL03_20220731125445_06051605_006_02-319.log:	   Memory (MB)          :              8192      8192 
logs/job_GrIS_2022_2200_CW-15301129_ATL03_20220731125445_06051605_006_02-319.log:	   Memory (MB)          :              8192      8192 
logs/job_GrIS_2022_2200_CW-15301129_ATL03_20220731125445_06051605_006_02-319.log:	   Memory (MB)          :    4818        8192      8192 
logs/job_GrIS_2022_2200_CW-15301129_ATL03_20220804000134_06581603_006_01-382.log:	   Memory (MB)          :    2829        8192      8192 
logs/job_GrIS_2022_2200_CW-15301129_ATL03_20220804124627_06661605_006_01-393.log:	   Memory (MB)          :    4420        8192      8192 
logs/job_GrIS_2022_2200_CW-15301129_ATL03_20220807235315_07191603_006_01-384.log:	   Memory (MB)          :              8192      8192 
logs/job_GrIS_2022_2200_CW-15301129_ATL03_20220807235315_07191603_006_01-384.log:	   Memory (MB)          :    3485        8192      8192 
logs/job_GrIS_2022_2200_CW-15301129_ATL03_20220808123808_07271605_006_01-391.log:	   Memory (MB)          :    8502        8192      8192 
logs/job_GrIS_2022_2200_CW-15301129_ATL03_20220811234454_07801603_006_01-390.log:	   Memory (MB)          :              8192      8192 
logs/job_GrIS_2022_2200_CW-15301129_ATL03_20220811234454_07801603_006_01-390.log:	   Memory (MB)          :    1278        8192      8192 
logs/job_GrIS_2022_2200_CW-15301129_ATL03_20220812122943_07881605_006_01-398.log:	   Memory (MB)          :    9060        8192      8192 
logs/job_GrIS_2022_2200_CW-15301129_ATL03_20220813120402_08031605_006_01-395.log:	   Memory (MB)          :    1147        8192      8192 
logs/job_GrIS_2022_2200_CW-15301129_ATL03_20220815233633_08411603_006_01-383.log:	   Memory (MB)          :    1736        8192      8192 
logs/job_GrIS_2022_2200_CW-15301129_ATL03_20220816122126_08491605_006_01-396.log:	   Memory (MB)          :    6051        8192      8192 
logs/job_GrIS_2022_2200_CW-15301129_ATL03_20220817115547_08641605_006_01-392.log:	   Memory (MB)          :    1279        8192      8192 
logs/job_GrIS_2022_2200_CW-15301129_ATL03_20220819232813_09021603_006_01-386.log:	   Memory (MB)          :     867        8192      8192 
logs/job_GrIS_2022_2200_CW-15301129_ATL03_20220820121307_09101605_006_01-394.log:	   Memory (MB)          :              8192      8192 
logs/job_GrIS_2022_2200_CW-15301129_ATL03_20220820121307_09101605_006_01-394.log:	   Memory (MB)          :    5363        8192      8192 
logs/job_GrIS_2022_2200_CW-15301129_ATL03_20220820230235_09171603_006_01-389.log:	   Memory (MB)          :      283     8192      8192 
logs/job_GrIS_2022_2200_CW-15301129_ATL03_20220821114729_09251605_006_01-400.log:	   Memory (MB)          :    1592        8192      8192 
logs/job_GrIS_2022_2200_CW-15301129_ATL03_20220823231957_09631603_006_01-387.log:	   Memory (MB)          :      354     8192      8192 
logs/job_GrIS_2022_2200_CW-15301129_ATL03_20220824120450_09711605_006_01-399.log:	   Memory (MB)          :    2135        8192      8192 
logs/job_GrIS_2022_2200_CW-15301129_ATL03_20220824225418_09781603_006_01-385.log:	   Memory (MB)          :    2536        8192      8192 
logs/job_GrIS_2022_2200_CW-15301129_ATL03_20220825113911_09861605_006_01-401.log:	   Memory (MB)          :    1702        8192      8192 
logs/job_GrIS_2022_2200_CW-15301129_ATL03_20220828115632_10321605_006_01-397.log:	   Memory (MB)          :      218     8192      8192 
logs/job_GrIS_2022_2200_CW-15301129_ATL03_20220828224559_10391603_006_01-388.log:	   Memory (MB)          :    1480        8192      8192 
logs/job_GrIS_2022_2200_CW-15301129_ATL03_20220829113052_10471605_006_01-402.log:	   Memory (MB)          :    1981        8192      8192 
logs/job_GrIS_2022_2200_CW-15301129_ATL03_20220901223736_11001603_006_01-403.log:	   Memory (MB)          :    1121        8192      8192 
logs/job_GrIS_2022_2200_CW-15301129_ATL03_20220902112229_11081605_006_01-414.log:	   Memory (MB)          :    1720        8192      8192 
logs/job_GrIS_2022_2200_CW-15301129_ATL03_20220905222918_11611603_006_01-404.log:	   Memory (MB)          :      328     8192      8192 
logs/job_GrIS_2022_2200_CW-15301129_ATL03_20220906111411_11691605_006_01-413.log:	   Memory (MB)          :    3181        8192      8192 
logs/job_GrIS_2022_2200_CW-15301129_ATL03_20220909222056_12221603_006_01-408.log:	   Memory (MB)          :     401        8192      8192 
logs/job_GrIS_2022_2200_CW-15301129_ATL03_20220910110550_12301605_006_01-417.log:	   Memory (MB)          :    4875        8192      8192 
logs/job_GrIS_2022_2200_CW-15301129_ATL03_20220911104011_12451605_006_01-418.log:	   Memory (MB)          :      379     8192      8192 
logs/job_GrIS_2022_2200_CW-15301129_ATL03_20220913221236_12831603_006_01-410.log:	   Memory (MB)          :     638        8192      8192 
logs/job_GrIS_2022_2200_CW-15301129_ATL03_20220914105729_12911605_006_01-416.log:	   Memory (MB)          :    3491        8192      8192 
logs/job_GrIS_2022_2200_CW-15301129_ATL03_20220915103149_13061605_006_01-419.log:	   Memory (MB)          :     721        8192      8192 
logs/job_GrIS_2022_2200_CW-15301129_ATL03_20220917220416_13441603_006_01-406.log:	   Memory (MB)          :     451        8192      8192 
logs/job_GrIS_2022_2200_CW-15301129_ATL03_20220918104910_13521605_006_01-415.log:	   Memory (MB)          :              8192      8192 
logs/job_GrIS_2022_2200_CW-15301129_ATL03_20220918104910_13521605_006_01-415.log:	   Memory (MB)          :    2195        8192      8192 
logs/job_GrIS_2022_2200_CW-15301129_ATL03_20220918213837_13591603_006_01-407.log:	   Memory (MB)          :     239        8192      8192 
logs/job_GrIS_2022_2200_CW-15301129_ATL03_20220919102331_13671605_006_01-423.log:	   Memory (MB)          :     482        8192      8192 
logs/job_GrIS_2022_2200_CW-15301129_ATL03_20220921215558_00181703_006_01-411.log:	   Memory (MB)          :              8192      8192 
logs/job_GrIS_2022_2200_CW-15301129_ATL03_20220921215558_00181703_006_01-411.log:	   Memory (MB)          :      409     8192      8192 
logs/job_GrIS_2022_2200_CW-15301129_ATL03_20220922104051_00261705_006_01-420.log:	   Memory (MB)          :    1272        8192      8192 
logs/job_GrIS_2022_2200_CW-15301129_ATL03_20220922213018_00331703_006_01-405.log:	   Memory (MB)          :      272     8192      8192 
logs/job_GrIS_2022_2200_CW-15301129_ATL03_20220923101512_00411705_006_01-421.log:	   Memory (MB)          :      451     8192      8192 
logs/job_GrIS_2022_2200_CW-15301129_ATL03_20220926103229_00871705_006_01-422.log:	   Memory (MB)          :     414        8192      8192 
logs/job_GrIS_2022_2200_CW-15301129_ATL03_20220926212156_00941703_006_01-409.log:	   Memory (MB)          :     286        8192      8192 
logs/job_GrIS_2022_2200_CW-15301129_ATL03_20220927100650_01021705_006_01-424.log:	   Memory (MB)          :      392     8192      8192 
logs/job_GrIS_2022_2200_CW-15301129_ATL03_20220930211338_01551703_006_01-412.log:	   Memory (MB)          :    3123        8192      8192 
logs/job_GrIS_2023_2200_CW-15301129_ATL03_20230503110045_06581903_006_02-425.log:	   Memory (MB)          :    3034        8192      8192 
logs/job_GrIS_2023_2200_CW-15301129_ATL03_20230503234538_06661905_006_02-434.log:	   Memory (MB)          :     381        8192      8192 
logs/job_GrIS_2023_2200_CW-15301129_ATL03_20230507105227_07191903_006_02-426.log:	   Memory (MB)          :    4167        8192      8192 
logs/job_GrIS_2023_2200_CW-15301129_ATL03_20230507233720_07271905_006_02-435.log:	   Memory (MB)          :    1617        8192      8192 
logs/job_GrIS_2023_2200_CW-15301129_ATL03_20230511232858_07881905_006_02-436.log:	   Memory (MB)          :    2160        8192      8192 
logs/job_GrIS_2023_2200_CW-15301129_ATL03_20230512230318_08031905_006_02-437.log:	   Memory (MB)          :              8192      8192 
logs/job_GrIS_2023_2200_CW-15301129_ATL03_20230512230318_08031905_006_02-437.log:	   Memory (MB)          :    1208        8192      8192 
logs/job_GrIS_2023_2200_CW-15301129_ATL03_20230515232036_08491905_006_02-439.log:	   Memory (MB)          :    2136        8192      8192 
logs/job_GrIS_2023_2200_CW-15301129_ATL03_20230516225456_08641905_006_02-438.log:	   Memory (MB)          :     522        8192      8192 
logs/job_GrIS_2023_2200_CW-15301129_ATL03_20230519102721_09021903_006_02-430.log:	   Memory (MB)          :    5865        8192      8192 
logs/job_GrIS_2023_2200_CW-15301129_ATL03_20230519231215_09101905_006_02-441.log:	   Memory (MB)          :              8192      8192 
logs/job_GrIS_2023_2200_CW-15301129_ATL03_20230519231215_09101905_006_02-441.log:	   Memory (MB)          :    2366        8192      8192 
logs/job_GrIS_2023_2200_CW-15301129_ATL03_20230520100142_09171903_006_02-429.log:	   Memory (MB)          :    1073        8192      8192 
logs/job_GrIS_2023_2200_CW-15301129_ATL03_20230520224636_09251905_006_02-440.log:	   Memory (MB)          :      587     8192      8192 
logs/job_GrIS_2023_2200_CW-15301129_ATL03_20230523101904_09631903_006_02-431.log:	   Memory (MB)          :     1261     8192      8192 
logs/job_GrIS_2023_2200_CW-15301129_ATL03_20230523230357_09711905_006_02-442.log:	   Memory (MB)          :    1303        8192      8192 
logs/job_GrIS_2023_2200_CW-15301129_ATL03_20230524095324_09781903_006_02-432.log:	   Memory (MB)          :    3578        8192      8192 
logs/job_GrIS_2023_2200_CW-15301129_ATL03_20230524223817_09861905_006_02-443.log:	   Memory (MB)          :    3405        8192      8192 
logs/job_GrIS_2023_2200_CW-15301129_ATL03_20230527225533_10321905_006_02-444.log:	   Memory (MB)          :      275     8192      8192 
logs/job_GrIS_2023_2200_CW-15301129_ATL03_20230528094502_10391903_006_02-433.log:	   Memory (MB)          :    2524        8192      8192 
logs/job_GrIS_2023_2200_CW-15301129_ATL03_20230528222955_10471905_006_02-445.log:	   Memory (MB)          :    4219        8192      8192 
logs/job_GrIS_2023_2200_CW-15301129_ATL03_20230601093638_11001903_006_02-513.log:	   Memory (MB)          :    3185        8192      8192 
logs/job_GrIS_2023_2200_CW-15301129_ATL03_20230601222131_11081905_006_02-524.log:	   Memory (MB)          :    1555        8192      8192 
logs/job_GrIS_2023_2200_CW-15301129_ATL03_20230605092814_11611903_006_04-515.log:	   Memory (MB)          :              8192      8192 
logs/job_GrIS_2023_2200_CW-15301129_ATL03_20230605092814_11611903_006_04-515.log:	   Memory (MB)          :              8192      8192 
logs/job_GrIS_2023_2200_CW-15301129_ATL03_20230605092814_11611903_006_04-515.log:	   Memory (MB)          :    3439        8192      8192 
logs/job_GrIS_2023_2200_CW-15301129_ATL03_20230605221307_11691905_006_04-520.log:	   Memory (MB)          :    3327        8192      8192 
logs/job_GrIS_2023_2200_CW-15301129_ATL03_20230609091949_12221903_006_02-510.log:	   Memory (MB)          :    9486        8192      8192 
logs/job_GrIS_2023_2200_CW-15301129_ATL03_20230610213904_12451905_006_02-529.log:	   Memory (MB)          :              8192      8192 
logs/job_GrIS_2023_2200_CW-15301129_ATL03_20230610213904_12451905_006_02-529.log:	   Memory (MB)          :              8192      8192 
logs/job_GrIS_2023_2200_CW-15301129_ATL03_20230610213904_12451905_006_02-529.log:	   Memory (MB)          :      450     8192      8192 
logs/job_GrIS_2023_2200_CW-15301129_ATL03_20230613091130_12831903_006_02-512.log:	   Memory (MB)          :              8192      8192 
logs/job_GrIS_2023_2200_CW-15301129_ATL03_20230613091130_12831903_006_02-512.log:	   Memory (MB)          :   16161        8192      8192 
logs/job_GrIS_2023_2200_CW-15301129_ATL03_20230613215623_12911905_006_02-530.log:	   Memory (MB)          :              8192      8192 
logs/job_GrIS_2023_2200_CW-15301129_ATL03_20230613215623_12911905_006_02-530.log:	   Memory (MB)          :    5170        8192      8192 
logs/job_GrIS_2023_2200_CW-15301129_ATL03_20230614213043_13061905_006_02-521.log:	   Memory (MB)          :      979     8192      8192 
logs/job_GrIS_2023_2200_CW-15301129_ATL03_20230617090310_13441903_006_02-514.log:	   Memory (MB)          :              8192      8192 
logs/job_GrIS_2023_2200_CW-15301129_ATL03_20230617090310_13441903_006_02-514.log:	   Memory (MB)          :    6240        8192      8192 
logs/job_GrIS_2023_2200_CW-15301129_ATL03_20230617214804_13521905_006_02-531.log:	   Memory (MB)          :    6497        8192      8192 
logs/job_GrIS_2023_2200_CW-15301129_ATL03_20230618083731_13591903_006_02-511.log:	   Memory (MB)          :      42        8192      8192 
logs/job_GrIS_2023_2200_CW-15301129_ATL03_20230618212225_13671905_006_02-523.log:	   Memory (MB)          :    1519        8192      8192 
logs/job_GrIS_2023_2200_CW-15301129_ATL03_20230621085450_00182003_006_02-519.log:	   Memory (MB)          :    2128        8192      8192 
logs/job_GrIS_2023_2200_CW-15301129_ATL03_20230621213943_00262005_006_02-527.log:	   Memory (MB)          :              8192      8192 
logs/job_GrIS_2023_2200_CW-15301129_ATL03_20230621213943_00262005_006_02-527.log:	   Memory (MB)          :    4400        8192      8192 
logs/job_GrIS_2023_2200_CW-15301129_ATL03_20230622082910_00332003_006_02-517.log:	   Memory (MB)          :              8192      8192 
logs/job_GrIS_2023_2200_CW-15301129_ATL03_20230622082910_00332003_006_02-517.log:	   Memory (MB)          :              8192      8192 
logs/job_GrIS_2023_2200_CW-15301129_ATL03_20230622082910_00332003_006_02-517.log:	   Memory (MB)          :     1134     8192      8192 
logs/job_GrIS_2023_2200_CW-15301129_ATL03_20230622211403_00412005_006_02-522.log:	   Memory (MB)          :    1387        8192      8192 
logs/job_GrIS_2023_2200_CW-15301129_ATL03_20230625213122_00872005_006_02-526.log:	   Memory (MB)          :      640     8192      8192 
logs/job_GrIS_2023_2200_CW-15301129_ATL03_20230626082049_00942003_006_02-518.log:	   Memory (MB)          :    3943        8192      8192 
logs/job_GrIS_2023_2200_CW-15301129_ATL03_20230626210542_01022005_006_02-525.log:	   Memory (MB)          :    245        8192      8192 
logs/job_GrIS_2023_2200_CW-15301129_ATL03_20230630081225_01552003_006_02-516.log:	   Memory (MB)          :              8192      8192 
logs/job_GrIS_2023_2200_CW-15301129_ATL03_20230630081225_01552003_006_02-516.log:	   Memory (MB)          :    1752        8192      8192 
logs/job_GrIS_2023_2200_CW-15301129_ATL03_20230630205719_01632005_006_02-528.log:	   Memory (MB)          :    2366        8192      8192 
logs/job_GrIS_2023_2200_CW-15301129_ATL03_20230704080407_02162003_006_02-447.log:	   Memory (MB)          :    2316        8192      8192 
logs/job_GrIS_2023_2200_CW-15301129_ATL03_20230704204900_02242005_006_02-458.log:	   Memory (MB)          :              8192      8192 
logs/job_GrIS_2023_2200_CW-15301129_ATL03_20230704204900_02242005_006_02-458.log:	   Memory (MB)          :    4790        8192      8192 
logs/job_GrIS_2023_2200_CW-15301129_ATL03_20230708075545_02772003_006_02-448.log:	   Memory (MB)          :    1544        8192      8192 
logs/job_GrIS_2023_2200_CW-15301129_ATL03_20230708204039_02852005_006_02-456.log:	   Memory (MB)          :              8192      8192 
logs/job_GrIS_2023_2200_CW-15301129_ATL03_20230708204039_02852005_006_02-456.log:	   Memory (MB)          :    8800        8192      8192 
logs/job_GrIS_2023_2200_CW-15301129_ATL03_20230712074723_03382003_006_02-446.log:	   Memory (MB)          :      123     8192      8192 
logs/job_GrIS_2023_2200_CW-15301129_ATL03_20230712074723_03382003_006_02-446.log:	   Memory (MB)          :      123     8192      8192 
logs/job_GrIS_2023_2200_CW-15301129_ATL03_20230712074723_03382003_006_02-446.log:	   Memory (MB)          :    6997        8192      8192 
logs/job_GrIS_2023_2200_CW-15301129_ATL03_20230712203215_03462005_006_02-457.log:	   Memory (MB)          :    7752        8192      8192 
logs/job_GrIS_2023_2200_CW-15301129_ATL03_20230713200635_03612005_006_02-463.log:	   Memory (MB)          :    1046        8192      8192 
logs/job_GrIS_2023_2200_CW-15301129_ATL03_20230716073901_03992003_006_02-453.log:	   Memory (MB)          :    5535        8192      8192 
logs/job_GrIS_2023_2200_CW-15301129_ATL03_20230716202354_04072005_006_02-461.log:	   Memory (MB)          :              8192      8192 
logs/job_GrIS_2023_2200_CW-15301129_ATL03_20230716202354_04072005_006_02-461.log:	   Memory (MB)          :    7444        8192      8192 
logs/job_GrIS_2023_2200_CW-15301129_ATL03_20230717071321_04142003_006_02-454.log:	   Memory (MB)          :    74        8192      8192 
logs/job_GrIS_2023_2200_CW-15301129_ATL03_20230717071321_04142003_006_02-454.log:	   Memory (MB)          :      238     8192      8192 
logs/job_GrIS_2023_2200_CW-15301129_ATL03_20230717195814_04222005_006_02-462.log:	   Memory (MB)          :              8192      8192 
logs/job_GrIS_2023_2200_CW-15301129_ATL03_20230717195814_04222005_006_02-462.log:	   Memory (MB)          :    1177        8192      8192 
logs/job_GrIS_2023_2200_CW-15301129_ATL03_20230720073037_04602003_006_02-449.log:	   Memory (MB)          :    1897        8192      8192 
logs/job_GrIS_2023_2200_CW-15301129_ATL03_20230720201530_04682005_006_02-466.log:	   Memory (MB)          :    5720        8192      8192 
logs/job_GrIS_2023_2200_CW-15301129_ATL03_20230721070458_04752003_006_02-451.log:	   Memory (MB)          :    74        8192      8192 
logs/job_GrIS_2023_2200_CW-15301129_ATL03_20230721070458_04752003_006_02-451.log:	   Memory (MB)          :     650        8192      8192 
logs/job_GrIS_2023_2200_CW-15301129_ATL03_20230721194952_04832005_006_02-459.log:	   Memory (MB)          :              8192      8192 
logs/job_GrIS_2023_2200_CW-15301129_ATL03_20230721194952_04832005_006_02-459.log:	   Memory (MB)          :              8192      8192 
logs/job_GrIS_2023_2200_CW-15301129_ATL03_20230721194952_04832005_006_02-459.log:	   Memory (MB)          :    1687        8192      8192 
logs/job_GrIS_2023_2200_CW-15301129_ATL03_20230724072219_05212003_006_02-455.log:	   Memory (MB)          :              8192      8192 
logs/job_GrIS_2023_2200_CW-15301129_ATL03_20230724072219_05212003_006_02-455.log:	   Memory (MB)          :     236        8192      8192 
logs/job_GrIS_2023_2200_CW-15301129_ATL03_20230724200712_05292005_006_02-460.log:	   Memory (MB)          :              8192      8192 
logs/job_GrIS_2023_2200_CW-15301129_ATL03_20230724200712_05292005_006_02-460.log:	   Memory (MB)          :    1375        8192      8192 
logs/job_GrIS_2023_2200_CW-15301129_ATL03_20230725065640_05362003_006_02-452.log:	   Memory (MB)          :              8192      8192 
logs/job_GrIS_2023_2200_CW-15301129_ATL03_20230725065640_05362003_006_02-452.log:	   Memory (MB)          :    2684        8192      8192 
logs/job_GrIS_2023_2200_CW-15301129_ATL03_20230725194133_05442005_006_02-464.log:	   Memory (MB)          :    4034        8192      8192 
logs/job_GrIS_2023_2200_CW-15301129_ATL03_20230729064819_05972003_006_02-450.log:	   Memory (MB)          :       74     8192      8192 
logs/job_GrIS_2023_2200_CW-15301129_ATL03_20230729064819_05972003_006_02-450.log:	   Memory (MB)          :    2981        8192      8192 
logs/job_GrIS_2023_2200_CW-15301129_ATL03_20230729193312_06052005_006_02-465.log:	   Memory (MB)          :    3050        8192      8192 
logs/job_GrIS_2023_2200_CW-15301129_ATL03_20230802063958_06582003_006_02-467.log:	   Memory (MB)          :    3586        8192      8192 
logs/job_GrIS_2023_2200_CW-15301129_ATL03_20230802192451_06662005_006_02-480.log:	   Memory (MB)          :              8192      8192 
logs/job_GrIS_2023_2200_CW-15301129_ATL03_20230802192451_06662005_006_02-480.log:	   Memory (MB)          :    4854        8192      8192 
logs/job_GrIS_2023_2200_CW-15301129_ATL03_20230806063138_07192003_006_02-468.log:	   Memory (MB)          :    4250        8192      8192 
logs/job_GrIS_2023_2200_CW-15301129_ATL03_20230806191631_07272005_006_02-483.log:	   Memory (MB)          :    9458        8192      8192 
logs/job_GrIS_2023_2200_CW-15301129_ATL03_20230810062316_07802003_006_02-469.log:	   Memory (MB)          :     576        8192      8192 
logs/job_GrIS_2023_2200_CW-15301129_ATL03_20230810190808_07882005_006_02-481.log:	   Memory (MB)          :              8192      8192 
logs/job_GrIS_2023_2200_CW-15301129_ATL03_20230810190808_07882005_006_02-481.log:	   Memory (MB)          :    7053        8192      8192 
logs/job_GrIS_2023_2200_CW-15301129_ATL03_20230811184229_08032005_006_02-479.log:	   Memory (MB)          :              8192      8192 
logs/job_GrIS_2023_2200_CW-15301129_ATL03_20230811184229_08032005_006_02-479.log:	   Memory (MB)          :    74        8192      8192 
logs/job_GrIS_2023_2200_CW-15301129_ATL03_20230811184229_08032005_006_02-479.log:	   Memory (MB)          :    1324        8192      8192 
logs/job_GrIS_2023_2200_CW-15301129_ATL03_20230814061457_08412003_006_02-470.log:	   Memory (MB)          :    2042        8192      8192 
logs/job_GrIS_2023_2200_CW-15301129_ATL03_20230814185950_08492005_006_02-477.log:	   Memory (MB)          :    7504        8192      8192 
logs/job_GrIS_2023_2200_CW-15301129_ATL03_20230815183410_08642005_006_02-482.log:	   Memory (MB)          :   245        8192      8192 
logs/job_GrIS_2023_2200_CW-15301129_ATL03_20230815183410_08642005_006_02-482.log:	   Memory (MB)          :   245        8192      8192 
logs/job_GrIS_2023_2200_CW-15301129_ATL03_20230815183410_08642005_006_02-482.log:	   Memory (MB)          :    1190        8192      8192 
logs/job_GrIS_2023_2200_CW-15301129_ATL03_20230818060632_09022003_006_02-472.log:	   Memory (MB)          :              8192      8192 
logs/job_GrIS_2023_2200_CW-15301129_ATL03_20230818060632_09022003_006_02-472.log:	   Memory (MB)          :     583        8192      8192 
logs/job_GrIS_2023_2200_CW-15301129_ATL03_20230818185126_09102005_006_02-484.log:	   Memory (MB)          :              8192      8192 
logs/job_GrIS_2023_2200_CW-15301129_ATL03_20230818185126_09102005_006_02-484.log:	   Memory (MB)          :              8192      8192 
logs/job_GrIS_2023_2200_CW-15301129_ATL03_20230818185126_09102005_006_02-484.log:	   Memory (MB)          :    5278        8192      8192 
logs/job_GrIS_2023_2200_CW-15301129_ATL03_20230819054053_09172003_006_02-474.log:	   Memory (MB)          :              8192      8192 
logs/job_GrIS_2023_2200_CW-15301129_ATL03_20230819054053_09172003_006_02-474.log:	   Memory (MB)          :              8192      8192 
logs/job_GrIS_2023_2200_CW-15301129_ATL03_20230819054053_09172003_006_02-474.log:	   Memory (MB)          :    2205        8192      8192 
logs/job_GrIS_2023_2200_CW-15301129_ATL03_20230819182547_09252005_006_02-478.log:	   Memory (MB)          :              8192      8192 
logs/job_GrIS_2023_2200_CW-15301129_ATL03_20230819182547_09252005_006_02-478.log:	   Memory (MB)          :    1960        8192      8192 
logs/job_GrIS_2023_2200_CW-15301129_ATL03_20230822055810_09632003_006_02-471.log:	   Memory (MB)          :              8192      8192 
logs/job_GrIS_2023_2200_CW-15301129_ATL03_20230822055810_09632003_006_02-471.log:	   Memory (MB)          :      291     8192      8192 
logs/job_GrIS_2023_2200_CW-15301129_ATL03_20230822184304_09712005_006_02-487.log:	   Memory (MB)          :    1320        8192      8192 
logs/job_GrIS_2023_2200_CW-15301129_ATL03_20230823053233_09782003_006_02-473.log:	   Memory (MB)          :              8192      8192 
logs/job_GrIS_2023_2200_CW-15301129_ATL03_20230823053233_09782003_006_02-473.log:	   Memory (MB)          :    2505        8192      8192 
logs/job_GrIS_2023_2200_CW-15301129_ATL03_20230823181727_09862005_006_02-485.log:	   Memory (MB)          :    1908        8192      8192 
logs/job_GrIS_2023_2200_CW-15301129_ATL03_20230826183450_10322005_006_02-486.log:	   Memory (MB)          :              8192      8192 
logs/job_GrIS_2023_2200_CW-15301129_ATL03_20230826183450_10322005_006_02-486.log:	   Memory (MB)          :      265     8192      8192 
logs/job_GrIS_2023_2200_CW-15301129_ATL03_20230827052418_10392003_006_02-475.log:	   Memory (MB)          :              8192      8192 
logs/job_GrIS_2023_2200_CW-15301129_ATL03_20230827052418_10392003_006_02-475.log:	   Memory (MB)          :     175        8192      8192 
logs/job_GrIS_2023_2200_CW-15301129_ATL03_20230827180911_10472005_006_02-489.log:	   Memory (MB)          :              8192      8192 
logs/job_GrIS_2023_2200_CW-15301129_ATL03_20230827180911_10472005_006_02-489.log:	   Memory (MB)          :    2801        8192      8192 
logs/job_GrIS_2023_2200_CW-15301129_ATL03_20230831051604_11002003_006_02-476.log:	   Memory (MB)          :              8192      8192 
logs/job_GrIS_2023_2200_CW-15301129_ATL03_20230831051604_11002003_006_02-476.log:	   Memory (MB)          :      275     8192      8192 
logs/job_GrIS_2023_2200_CW-15301129_ATL03_20230831180059_11082005_006_02-488.log:	   Memory (MB)          :    2647        8192      8192 
logs/job_GrIS_2023_2200_CW-15301129_ATL03_20230904050734_11612003_006_02-490.log:	   Memory (MB)          :     287        8192      8192 
logs/job_GrIS_2023_2200_CW-15301129_ATL03_20230904175227_11692005_006_02-507.log:	   Memory (MB)          :    6854        8192      8192 
logs/job_GrIS_2023_2200_CW-15301129_ATL03_20230908045912_12222003_006_02-492.log:	   Memory (MB)          :      237     8192      8192 
logs/job_GrIS_2023_2200_CW-15301129_ATL03_20230908174407_12302005_006_02-499.log:	   Memory (MB)          :              8192      8192 
logs/job_GrIS_2023_2200_CW-15301129_ATL03_20230909171832_12452005_006_02-500.log:	   Memory (MB)          :     743        8192      8192 
logs/job_GrIS_2023_2200_CW-15301129_ATL03_20230912045048_12832003_006_02-491.log:	   Memory (MB)          :      267     8192      8192 
logs/job_GrIS_2023_2200_CW-15301129_ATL03_20230912173540_12912005_006_02-505.log:	   Memory (MB)          :    5865        8192      8192 
logs/job_GrIS_2023_2200_CW-15301129_ATL03_20230913171000_13062005_006_02-498.log:	   Memory (MB)          :              8192      8192 
logs/job_GrIS_2023_2200_CW-15301129_ATL03_20230913171000_13062005_006_02-498.log:	   Memory (MB)          :              8192      8192 
logs/job_GrIS_2023_2200_CW-15301129_ATL03_20230913171000_13062005_006_02-498.log:	   Memory (MB)          :    1008        8192      8192 
logs/job_GrIS_2023_2200_CW-15301129_ATL03_20230916044232_13442003_006_02-494.log:	   Memory (MB)          :              8192      8192 
logs/job_GrIS_2023_2200_CW-15301129_ATL03_20230916044232_13442003_006_02-494.log:	   Memory (MB)          :     360        8192      8192 
logs/job_GrIS_2023_2200_CW-15301129_ATL03_20230916172726_13522005_006_02-501.log:	   Memory (MB)          :              8192      8192 
logs/job_GrIS_2023_2200_CW-15301129_ATL03_20230916172726_13522005_006_02-501.log:	   Memory (MB)          :    4944        8192      8192 
logs/job_GrIS_2023_2200_CW-15301129_ATL03_20230917041653_13592003_006_02-496.log:	   Memory (MB)          :               8192      8192 
logs/job_GrIS_2023_2200_CW-15301129_ATL03_20230917041653_13592003_006_02-496.log:	   Memory (MB)          :     484        8192      8192 
logs/job_GrIS_2023_2200_CW-15301129_ATL03_20230917170146_13672005_006_02-502.log:	   Memory (MB)          :              8192      8192 
logs/job_GrIS_2023_2200_CW-15301129_ATL03_20230917170146_13672005_006_02-502.log:	   Memory (MB)          :    2994        8192      8192 
logs/job_GrIS_2023_2200_CW-15301129_ATL03_20230920043412_00182103_006_02-495.log:	   Memory (MB)          :      433     8192      8192 
logs/job_GrIS_2023_2200_CW-15301129_ATL03_20230920171906_00262105_006_02-508.log:	   Memory (MB)          :    2120        8192      8192 
logs/job_GrIS_2023_2200_CW-15301129_ATL03_20230921165327_00412105_006_02-503.log:	   Memory (MB)          :              8192      8192 
logs/job_GrIS_2023_2200_CW-15301129_ATL03_20230921165327_00412105_006_02-503.log:	   Memory (MB)          :    3384        8192      8192 
logs/job_GrIS_2023_2200_CW-15301129_ATL03_20230924171034_00872105_006_02-506.log:	   Memory (MB)          :     703        8192      8192 
logs/job_GrIS_2023_2200_CW-15301129_ATL03_20230925040010_00942103_006_02-493.log:	   Memory (MB)          :       46     8192      8192 
logs/job_GrIS_2023_2200_CW-15301129_ATL03_20230925164503_01022105_006_02-504.log:	   Memory (MB)          :   269        8192      8192 
logs/job_GrIS_2023_2200_CW-15301129_ATL03_20230925164503_01022105_006_02-504.log:	   Memory (MB)          :   269        8192      8192 
logs/job_GrIS_2023_2200_CW-15301129_ATL03_20230925164503_01022105_006_02-504.log:	   Memory (MB)          :   269        8192      8192 
logs/job_GrIS_2023_2200_CW-15301129_ATL03_20230925164503_01022105_006_02-504.log:	   Memory (MB)          :    1435        8192      8192 
logs/job_GrIS_2023_2200_CW-15301129_ATL03_20230929035148_01552103_006_02-497.log:	   Memory (MB)          :     749        8192      8192 
logs/job_GrIS_2023_2200_CW-15301129_ATL03_20230929163640_01632105_006_02-509.log:	   Memory (MB)          :    1529        8192      8192 
