ATL03_20181101025539_05110111_005_01.h5,geojsons/waismeltregions_scott.geojson,AIS_2018-19_waismeltregions_scott
ATL03_20181101104706_05160111_005_01.h5,geojsons/waismeltregions_scott.geojson,AIS_2018-19_waismeltregions_scott
ATL03_20181102102128_05310111_005_01.h5,geojsons/waismeltregions_scott.geojson,AIS_2018-19_waismeltregions_scott
ATL03_20181102115546_05320111_005_01.h5,geojsons/waismeltregions_scott.geojson,AIS_2018-19_waismeltregions_scott
ATL03_20181103020423_05410111_005_01.h5,geojsons/waismeltregions_scott.geojson,AIS_2018-19_waismeltregions_scott
ATL03_20181103033840_05420111_005_01.h5,geojsons/waismeltregions_scott.geojson,AIS_2018-19_waismeltregions_scott
ATL03_20181103095550_05460111_005_01.h5,geojsons/waismeltregions_scott.geojson,AIS_2018-19_waismeltregions_scott
ATL03_20181103113007_05470111_005_01.h5,geojsons/waismeltregions_scott.geojson,AIS_2018-19_waismeltregions_scott
ATL03_20181104013845_05560111_005_01.h5,geojsons/waismeltregions_scott.geojson,AIS_2018-19_waismeltregions_scott
ATL03_20181104031303_05570111_005_01.h5,geojsons/waismeltregions_scott.geojson,AIS_2018-19_waismeltregions_scott
ATL03_20181104093012_05610111_005_01.h5,geojsons/waismeltregions_scott.geojson,AIS_2018-19_waismeltregions_scott
ATL03_20181104110430_05620111_005_01.h5,geojsons/waismeltregions_scott.geojson,AIS_2018-19_waismeltregions_scott
ATL03_20181105011307_05710111_005_01.h5,geojsons/waismeltregions_scott.geojson,AIS_2018-19_waismeltregions_scott
ATL03_20181105024724_05720111_005_01.h5,geojsons/waismeltregions_scott.geojson,AIS_2018-19_waismeltregions_scott
ATL03_20181105103851_05770111_005_01.h5,geojsons/waismeltregions_scott.geojson,AIS_2018-19_waismeltregions_scott
ATL03_20181106022148_05870111_005_01.h5,geojsons/waismeltregions_scott.geojson,AIS_2018-19_waismeltregions_scott
ATL03_20181106101316_05920111_005_01.h5,geojsons/waismeltregions_scott.geojson,AIS_2018-19_waismeltregions_scott
ATL03_20181106114733_05930111_005_01.h5,geojsons/waismeltregions_scott.geojson,AIS_2018-19_waismeltregions_scott
ATL03_20181107015608_06020111_005_01.h5,geojsons/waismeltregions_scott.geojson,AIS_2018-19_waismeltregions_scott
ATL03_20181107094735_06070111_005_01.h5,geojsons/waismeltregions_scott.geojson,AIS_2018-19_waismeltregions_scott
ATL03_20181108013031_06170111_005_01.h5,geojsons/waismeltregions_scott.geojson,AIS_2018-19_waismeltregions_scott
ATL03_20181108030449_06180111_005_01.h5,geojsons/waismeltregions_scott.geojson,AIS_2018-19_waismeltregions_scott
ATL03_20181108092158_06220111_005_01.h5,geojsons/waismeltregions_scott.geojson,AIS_2018-19_waismeltregions_scott
ATL03_20181108105616_06230111_005_01.h5,geojsons/waismeltregions_scott.geojson,AIS_2018-19_waismeltregions_scott
ATL03_20181109010453_06320111_005_01.h5,geojsons/waismeltregions_scott.geojson,AIS_2018-19_waismeltregions_scott
ATL03_20181109103037_06380111_005_01.h5,geojsons/waismeltregions_scott.geojson,AIS_2018-19_waismeltregions_scott
ATL03_20181110021331_06480111_005_01.h5,geojsons/waismeltregions_scott.geojson,AIS_2018-19_waismeltregions_scott
ATL03_20181110100458_06530111_005_01.h5,geojsons/waismeltregions_scott.geojson,AIS_2018-19_waismeltregions_scott
ATL03_20181110113915_06540111_005_01.h5,geojsons/waismeltregions_scott.geojson,AIS_2018-19_waismeltregions_scott
ATL03_20181111014751_06630111_005_01.h5,geojsons/waismeltregions_scott.geojson,AIS_2018-19_waismeltregions_scott
ATL03_20181111093918_06680111_005_01.h5,geojsons/waismeltregions_scott.geojson,AIS_2018-19_waismeltregions_scott
ATL03_20181111111336_06690111_005_01.h5,geojsons/waismeltregions_scott.geojson,AIS_2018-19_waismeltregions_scott
ATL03_20181112012212_06780111_005_01.h5,geojsons/waismeltregions_scott.geojson,AIS_2018-19_waismeltregions_scott
ATL03_20181112025629_06790111_005_01.h5,geojsons/waismeltregions_scott.geojson,AIS_2018-19_waismeltregions_scott
ATL03_20181112091338_06830111_005_01.h5,geojsons/waismeltregions_scott.geojson,AIS_2018-19_waismeltregions_scott
ATL03_20181112104756_06840111_005_01.h5,geojsons/waismeltregions_scott.geojson,AIS_2018-19_waismeltregions_scott
ATL03_20181114020510_07090111_005_01.h5,geojsons/waismeltregions_scott.geojson,AIS_2018-19_waismeltregions_scott
ATL03_20181114095636_07140111_005_01.h5,geojsons/waismeltregions_scott.geojson,AIS_2018-19_waismeltregions_scott
ATL03_20181115013930_07240111_005_01.h5,geojsons/waismeltregions_scott.geojson,AIS_2018-19_waismeltregions_scott
ATL03_20181115093056_07290111_005_01.h5,geojsons/waismeltregions_scott.geojson,AIS_2018-19_waismeltregions_scott
ATL03_20181115110514_07300111_005_01.h5,geojsons/waismeltregions_scott.geojson,AIS_2018-19_waismeltregions_scott
ATL03_20181116011350_07390111_005_01.h5,geojsons/waismeltregions_scott.geojson,AIS_2018-19_waismeltregions_scott
ATL03_20181116024807_07400111_005_01.h5,geojsons/waismeltregions_scott.geojson,AIS_2018-19_waismeltregions_scott
ATL03_20181116090516_07440111_005_01.h5,geojsons/waismeltregions_scott.geojson,AIS_2018-19_waismeltregions_scott
ATL03_20181116103934_07450111_005_01.h5,geojsons/waismeltregions_scott.geojson,AIS_2018-19_waismeltregions_scott
ATL03_20181117004809_07540111_005_01.h5,geojsons/waismeltregions_scott.geojson,AIS_2018-19_waismeltregions_scott
ATL03_20181117022226_07550111_005_01.h5,geojsons/waismeltregions_scott.geojson,AIS_2018-19_waismeltregions_scott
ATL03_20181117101353_07600111_005_01.h5,geojsons/waismeltregions_scott.geojson,AIS_2018-19_waismeltregions_scott
ATL03_20181118002227_07690111_005_01.h5,geojsons/waismeltregions_scott.geojson,AIS_2018-19_waismeltregions_scott
ATL03_20181118015644_07700111_005_01.h5,geojsons/waismeltregions_scott.geojson,AIS_2018-19_waismeltregions_scott
ATL03_20181118094810_07750111_005_01.h5,geojsons/waismeltregions_scott.geojson,AIS_2018-19_waismeltregions_scott
ATL03_20181119013105_07850111_005_01.h5,geojsons/waismeltregions_scott.geojson,AIS_2018-19_waismeltregions_scott
ATL03_20181119092232_07900111_005_01.h5,geojsons/waismeltregions_scott.geojson,AIS_2018-19_waismeltregions_scott
ATL03_20181119105649_07910111_005_01.h5,geojsons/waismeltregions_scott.geojson,AIS_2018-19_waismeltregions_scott
ATL03_20181120010525_08000111_005_01.h5,geojsons/waismeltregions_scott.geojson,AIS_2018-19_waismeltregions_scott
ATL03_20181120023942_08010111_005_01.h5,geojsons/waismeltregions_scott.geojson,AIS_2018-19_waismeltregions_scott
ATL03_20181120085651_08050111_005_01.h5,geojsons/waismeltregions_scott.geojson,AIS_2018-19_waismeltregions_scott
ATL03_20181120103109_08060111_005_01.h5,geojsons/waismeltregions_scott.geojson,AIS_2018-19_waismeltregions_scott
ATL03_20181121003944_08150111_005_01.h5,geojsons/waismeltregions_scott.geojson,AIS_2018-19_waismeltregions_scott
ATL03_20181121021401_08160111_005_01.h5,geojsons/waismeltregions_scott.geojson,AIS_2018-19_waismeltregions_scott
ATL03_20181121100528_08210111_005_01.h5,geojsons/waismeltregions_scott.geojson,AIS_2018-19_waismeltregions_scott
ATL03_20181122001403_08300111_005_01.h5,geojsons/waismeltregions_scott.geojson,AIS_2018-19_waismeltregions_scott
ATL03_20181122014820_08310111_005_01.h5,geojsons/waismeltregions_scott.geojson,AIS_2018-19_waismeltregions_scott
ATL03_20181122093947_08360111_005_01.h5,geojsons/waismeltregions_scott.geojson,AIS_2018-19_waismeltregions_scott
ATL03_20181123012239_08460111_005_01.h5,geojsons/waismeltregions_scott.geojson,AIS_2018-19_waismeltregions_scott
ATL03_20181123091406_08510111_005_01.h5,geojsons/waismeltregions_scott.geojson,AIS_2018-19_waismeltregions_scott
ATL03_20181123104823_08520111_005_01.h5,geojsons/waismeltregions_scott.geojson,AIS_2018-19_waismeltregions_scott
ATL03_20181124005658_08610111_005_01.h5,geojsons/waismeltregions_scott.geojson,AIS_2018-19_waismeltregions_scott
ATL03_20181124023115_08620111_005_01.h5,geojsons/waismeltregions_scott.geojson,AIS_2018-19_waismeltregions_scott
ATL03_20181124084824_08660111_005_01.h5,geojsons/waismeltregions_scott.geojson,AIS_2018-19_waismeltregions_scott
ATL03_20181125003117_08760111_005_01.h5,geojsons/waismeltregions_scott.geojson,AIS_2018-19_waismeltregions_scott
ATL03_20181125020534_08770111_005_01.h5,geojsons/waismeltregions_scott.geojson,AIS_2018-19_waismeltregions_scott
ATL03_20181125082243_08810111_005_01.h5,geojsons/waismeltregions_scott.geojson,AIS_2018-19_waismeltregions_scott
ATL03_20181125095700_08820111_005_01.h5,geojsons/waismeltregions_scott.geojson,AIS_2018-19_waismeltregions_scott
ATL03_20181126000536_08910111_005_01.h5,geojsons/waismeltregions_scott.geojson,AIS_2018-19_waismeltregions_scott
ATL03_20181126013953_08920111_005_01.h5,geojsons/waismeltregions_scott.geojson,AIS_2018-19_waismeltregions_scott
ATL03_20181126093120_08970111_005_01.h5,geojsons/waismeltregions_scott.geojson,AIS_2018-19_waismeltregions_scott
ATL03_20181127011414_09070111_005_01.h5,geojsons/waismeltregions_scott.geojson,AIS_2018-19_waismeltregions_scott
ATL03_20181127090541_09120111_005_01.h5,geojsons/waismeltregions_scott.geojson,AIS_2018-19_waismeltregions_scott
ATL03_20181127103959_09130111_005_01.h5,geojsons/waismeltregions_scott.geojson,AIS_2018-19_waismeltregions_scott
ATL03_20181128004835_09220111_005_01.h5,geojsons/waismeltregions_scott.geojson,AIS_2018-19_waismeltregions_scott
ATL03_20181128022253_09230111_005_01.h5,geojsons/waismeltregions_scott.geojson,AIS_2018-19_waismeltregions_scott
ATL03_20181128084002_09270111_005_01.h5,geojsons/waismeltregions_scott.geojson,AIS_2018-19_waismeltregions_scott
ATL03_20181128101420_09280111_005_01.h5,geojsons/waismeltregions_scott.geojson,AIS_2018-19_waismeltregions_scott
ATL03_20181129002255_09370111_005_01.h5,geojsons/waismeltregions_scott.geojson,AIS_2018-19_waismeltregions_scott
ATL03_20181129015713_09380111_005_01.h5,geojsons/waismeltregions_scott.geojson,AIS_2018-19_waismeltregions_scott
ATL03_20181129081422_09420111_005_01.h5,geojsons/waismeltregions_scott.geojson,AIS_2018-19_waismeltregions_scott
ATL03_20181129094839_09430111_005_01.h5,geojsons/waismeltregions_scott.geojson,AIS_2018-19_waismeltregions_scott
ATL03_20181129235716_09520111_005_01.h5,geojsons/waismeltregions_scott.geojson,AIS_2018-19_waismeltregions_scott
ATL03_20181130013134_09530111_005_01.h5,geojsons/waismeltregions_scott.geojson,AIS_2018-19_waismeltregions_scott
ATL03_20181130092301_09580111_005_01.h5,geojsons/waismeltregions_scott.geojson,AIS_2018-19_waismeltregions_scott
ATL03_20181201010555_09680111_005_01.h5,geojsons/waismeltregions_scott.geojson,AIS_2018-19_waismeltregions_scott
ATL03_20181201085723_09730111_005_01.h5,geojsons/waismeltregions_scott.geojson,AIS_2018-19_waismeltregions_scott
ATL03_20181201103140_09740111_005_01.h5,geojsons/waismeltregions_scott.geojson,AIS_2018-19_waismeltregions_scott
ATL03_20181202004017_09830111_005_01.h5,geojsons/waismeltregions_scott.geojson,AIS_2018-19_waismeltregions_scott
ATL03_20181202021434_09840111_005_01.h5,geojsons/waismeltregions_scott.geojson,AIS_2018-19_waismeltregions_scott
ATL03_20181202083144_09880111_005_01.h5,geojsons/waismeltregions_scott.geojson,AIS_2018-19_waismeltregions_scott
ATL03_20181202100601_09890111_005_01.h5,geojsons/waismeltregions_scott.geojson,AIS_2018-19_waismeltregions_scott
ATL03_20181203001438_09980111_005_01.h5,geojsons/waismeltregions_scott.geojson,AIS_2018-19_waismeltregions_scott
ATL03_20181203014855_09990111_005_01.h5,geojsons/waismeltregions_scott.geojson,AIS_2018-19_waismeltregions_scott
ATL03_20181203080605_10030111_005_01.h5,geojsons/waismeltregions_scott.geojson,AIS_2018-19_waismeltregions_scott
ATL03_20181203094023_10040111_005_01.h5,geojsons/waismeltregions_scott.geojson,AIS_2018-19_waismeltregions_scott
ATL03_20181203234859_10130111_005_01.h5,geojsons/waismeltregions_scott.geojson,AIS_2018-19_waismeltregions_scott
ATL03_20181204012316_10140111_005_01.h5,geojsons/waismeltregions_scott.geojson,AIS_2018-19_waismeltregions_scott
ATL03_20181204091443_10190111_005_01.h5,geojsons/waismeltregions_scott.geojson,AIS_2018-19_waismeltregions_scott
ATL03_20181205005737_10290111_005_01.h5,geojsons/waismeltregions_scott.geojson,AIS_2018-19_waismeltregions_scott
ATL03_20181205084904_10340111_005_01.h5,geojsons/waismeltregions_scott.geojson,AIS_2018-19_waismeltregions_scott
ATL03_20181205102321_10350111_005_01.h5,geojsons/waismeltregions_scott.geojson,AIS_2018-19_waismeltregions_scott
ATL03_20181206003158_10440111_005_01.h5,geojsons/waismeltregions_scott.geojson,AIS_2018-19_waismeltregions_scott
ATL03_20181206082324_10490111_005_01.h5,geojsons/waismeltregions_scott.geojson,AIS_2018-19_waismeltregions_scott
ATL03_20181206095742_10500111_005_01.h5,geojsons/waismeltregions_scott.geojson,AIS_2018-19_waismeltregions_scott
ATL03_20181207000618_10590111_005_01.h5,geojsons/waismeltregions_scott.geojson,AIS_2018-19_waismeltregions_scott
ATL03_20181207014036_10600111_005_01.h5,geojsons/waismeltregions_scott.geojson,AIS_2018-19_waismeltregions_scott
ATL03_20181207075745_10640111_005_01.h5,geojsons/waismeltregions_scott.geojson,AIS_2018-19_waismeltregions_scott
ATL03_20181207093203_10650111_005_01.h5,geojsons/waismeltregions_scott.geojson,AIS_2018-19_waismeltregions_scott
ATL03_20181207234039_10740111_005_01.h5,geojsons/waismeltregions_scott.geojson,AIS_2018-19_waismeltregions_scott
ATL03_20181208011456_10750111_005_01.h5,geojsons/waismeltregions_scott.geojson,AIS_2018-19_waismeltregions_scott
ATL03_20181208090624_10800111_005_01.h5,geojsons/waismeltregions_scott.geojson,AIS_2018-19_waismeltregions_scott
ATL03_20181210002338_11050111_005_01.h5,geojsons/waismeltregions_scott.geojson,AIS_2018-19_waismeltregions_scott
ATL03_20181210081505_11100111_005_01.h5,geojsons/waismeltregions_scott.geojson,AIS_2018-19_waismeltregions_scott
ATL03_20181210094923_11110111_005_01.h5,geojsons/waismeltregions_scott.geojson,AIS_2018-19_waismeltregions_scott
ATL03_20181210235759_11200111_005_01.h5,geojsons/waismeltregions_scott.geojson,AIS_2018-19_waismeltregions_scott
ATL03_20181211013216_11210111_005_01.h5,geojsons/waismeltregions_scott.geojson,AIS_2018-19_waismeltregions_scott
ATL03_20181211074926_11250111_005_01.h5,geojsons/waismeltregions_scott.geojson,AIS_2018-19_waismeltregions_scott
ATL03_20181211092343_11260111_005_01.h5,geojsons/waismeltregions_scott.geojson,AIS_2018-19_waismeltregions_scott
ATL03_20181211233219_11350111_005_01.h5,geojsons/waismeltregions_scott.geojson,AIS_2018-19_waismeltregions_scott
ATL03_20181212010636_11360111_005_01.h5,geojsons/waismeltregions_scott.geojson,AIS_2018-19_waismeltregions_scott
ATL03_20181212085803_11410111_005_01.h5,geojsons/waismeltregions_scott.geojson,AIS_2018-19_waismeltregions_scott
ATL03_20181213004057_11510111_005_01.h5,geojsons/waismeltregions_scott.geojson,AIS_2018-19_waismeltregions_scott
ATL03_20181213083224_11560111_005_01.h5,geojsons/waismeltregions_scott.geojson,AIS_2018-19_waismeltregions_scott
ATL03_20181213100641_11570111_005_01.h5,geojsons/waismeltregions_scott.geojson,AIS_2018-19_waismeltregions_scott
ATL03_20181214001517_11660111_005_01.h5,geojsons/waismeltregions_scott.geojson,AIS_2018-19_waismeltregions_scott
ATL03_20181214080644_11710111_005_01.h5,geojsons/waismeltregions_scott.geojson,AIS_2018-19_waismeltregions_scott
ATL03_20181214094102_11720111_005_01.h5,geojsons/waismeltregions_scott.geojson,AIS_2018-19_waismeltregions_scott
ATL03_20181214234939_11810111_005_01.h5,geojsons/waismeltregions_scott.geojson,AIS_2018-19_waismeltregions_scott
ATL03_20181215012356_11820111_005_01.h5,geojsons/waismeltregions_scott.geojson,AIS_2018-19_waismeltregions_scott
ATL03_20181215074106_11860111_005_01.h5,geojsons/waismeltregions_scott.geojson,AIS_2018-19_waismeltregions_scott
ATL03_20181215091523_11870111_005_01.h5,geojsons/waismeltregions_scott.geojson,AIS_2018-19_waismeltregions_scott
ATL03_20181215232400_11960111_005_01.h5,geojsons/waismeltregions_scott.geojson,AIS_2018-19_waismeltregions_scott
ATL03_20181216005817_11970111_005_01.h5,geojsons/waismeltregions_scott.geojson,AIS_2018-19_waismeltregions_scott
ATL03_20181216084944_12020111_005_01.h5,geojsons/waismeltregions_scott.geojson,AIS_2018-19_waismeltregions_scott
ATL03_20181216225821_12110111_005_01.h5,geojsons/waismeltregions_scott.geojson,AIS_2018-19_waismeltregions_scott
ATL03_20181217003239_12120111_005_01.h5,geojsons/waismeltregions_scott.geojson,AIS_2018-19_waismeltregions_scott
ATL03_20181217082406_12170111_005_01.h5,geojsons/waismeltregions_scott.geojson,AIS_2018-19_waismeltregions_scott
ATL03_20181218000700_12270111_005_01.h5,geojsons/waismeltregions_scott.geojson,AIS_2018-19_waismeltregions_scott
ATL03_20181218075827_12320111_005_01.h5,geojsons/waismeltregions_scott.geojson,AIS_2018-19_waismeltregions_scott
ATL03_20181218093244_12330111_005_01.h5,geojsons/waismeltregions_scott.geojson,AIS_2018-19_waismeltregions_scott
ATL03_20181218234121_12420111_005_01.h5,geojsons/waismeltregions_scott.geojson,AIS_2018-19_waismeltregions_scott
ATL03_20181219011538_12430111_005_01.h5,geojsons/waismeltregions_scott.geojson,AIS_2018-19_waismeltregions_scott
ATL03_20181219073248_12470111_005_01.h5,geojsons/waismeltregions_scott.geojson,AIS_2018-19_waismeltregions_scott
ATL03_20181219090705_12480111_005_01.h5,geojsons/waismeltregions_scott.geojson,AIS_2018-19_waismeltregions_scott
ATL03_20181219231542_12570111_005_01.h5,geojsons/waismeltregions_scott.geojson,AIS_2018-19_waismeltregions_scott
ATL03_20181220004959_12580111_005_01.h5,geojsons/waismeltregions_scott.geojson,AIS_2018-19_waismeltregions_scott
ATL03_20181220084126_12630111_005_01.h5,geojsons/waismeltregions_scott.geojson,AIS_2018-19_waismeltregions_scott
ATL03_20181220225003_12720111_005_01.h5,geojsons/waismeltregions_scott.geojson,AIS_2018-19_waismeltregions_scott
ATL03_20181221002420_12730111_005_01.h5,geojsons/waismeltregions_scott.geojson,AIS_2018-19_waismeltregions_scott
ATL03_20181221081547_12780111_005_01.h5,geojsons/waismeltregions_scott.geojson,AIS_2018-19_waismeltregions_scott
ATL03_20181221235841_12880111_005_01.h5,geojsons/waismeltregions_scott.geojson,AIS_2018-19_waismeltregions_scott
ATL03_20181222075008_12930111_005_01.h5,geojsons/waismeltregions_scott.geojson,AIS_2018-19_waismeltregions_scott
ATL03_20181222092425_12940111_005_01.h5,geojsons/waismeltregions_scott.geojson,AIS_2018-19_waismeltregions_scott
ATL03_20181222233302_13030111_005_01.h5,geojsons/waismeltregions_scott.geojson,AIS_2018-19_waismeltregions_scott
ATL03_20181223010719_13040111_005_01.h5,geojsons/waismeltregions_scott.geojson,AIS_2018-19_waismeltregions_scott
ATL03_20181223072429_13080111_005_01.h5,geojsons/waismeltregions_scott.geojson,AIS_2018-19_waismeltregions_scott
ATL03_20181223085846_13090111_005_01.h5,geojsons/waismeltregions_scott.geojson,AIS_2018-19_waismeltregions_scott
ATL03_20181223230723_13180111_005_01.h5,geojsons/waismeltregions_scott.geojson,AIS_2018-19_waismeltregions_scott
ATL03_20181224004140_13190111_005_01.h5,geojsons/waismeltregions_scott.geojson,AIS_2018-19_waismeltregions_scott
ATL03_20181224083307_13240111_005_01.h5,geojsons/waismeltregions_scott.geojson,AIS_2018-19_waismeltregions_scott
ATL03_20181224224143_13330111_005_01.h5,geojsons/waismeltregions_scott.geojson,AIS_2018-19_waismeltregions_scott
ATL03_20181225001600_13340111_005_01.h5,geojsons/waismeltregions_scott.geojson,AIS_2018-19_waismeltregions_scott
ATL03_20181225080727_13390111_005_01.h5,geojsons/waismeltregions_scott.geojson,AIS_2018-19_waismeltregions_scott
ATL03_20181225235021_13490111_005_01.h5,geojsons/waismeltregions_scott.geojson,AIS_2018-19_waismeltregions_scott
ATL03_20181226074147_13540111_005_01.h5,geojsons/waismeltregions_scott.geojson,AIS_2018-19_waismeltregions_scott
ATL03_20181226091605_13550111_005_01.h5,geojsons/waismeltregions_scott.geojson,AIS_2018-19_waismeltregions_scott
ATL03_20181226232441_13640111_005_01.h5,geojsons/waismeltregions_scott.geojson,AIS_2018-19_waismeltregions_scott
ATL03_20181227005858_13650111_005_01.h5,geojsons/waismeltregions_scott.geojson,AIS_2018-19_waismeltregions_scott
ATL03_20181227071608_13690111_005_01.h5,geojsons/waismeltregions_scott.geojson,AIS_2018-19_waismeltregions_scott
ATL03_20181227085025_13700111_005_01.h5,geojsons/waismeltregions_scott.geojson,AIS_2018-19_waismeltregions_scott
ATL03_20181227225902_13790111_005_01.h5,geojsons/waismeltregions_scott.geojson,AIS_2018-19_waismeltregions_scott
ATL03_20181228003320_13800111_005_01.h5,geojsons/waismeltregions_scott.geojson,AIS_2018-19_waismeltregions_scott
ATL03_20181228065030_13840111_005_01.h5,geojsons/waismeltregions_scott.geojson,AIS_2018-19_waismeltregions_scott
ATL03_20181228082448_13850111_005_01.h5,geojsons/waismeltregions_scott.geojson,AIS_2018-19_waismeltregions_scott
ATL03_20181228223324_00070211_005_01.h5,geojsons/waismeltregions_scott.geojson,AIS_2018-19_waismeltregions_scott
ATL03_20181229000742_00080211_005_01.h5,geojsons/waismeltregions_scott.geojson,AIS_2018-19_waismeltregions_scott
ATL03_20181229075909_00130211_005_01.h5,geojsons/waismeltregions_scott.geojson,AIS_2018-19_waismeltregions_scott
ATL03_20181229234203_00230211_005_01.h5,geojsons/waismeltregions_scott.geojson,AIS_2018-19_waismeltregions_scott
ATL03_20181230073330_00280211_005_01.h5,geojsons/waismeltregions_scott.geojson,AIS_2018-19_waismeltregions_scott
ATL03_20181230090748_00290211_005_01.h5,geojsons/waismeltregions_scott.geojson,AIS_2018-19_waismeltregions_scott
ATL03_20181230231625_00380211_005_01.h5,geojsons/waismeltregions_scott.geojson,AIS_2018-19_waismeltregions_scott
ATL03_20181231005042_00390211_005_01.h5,geojsons/waismeltregions_scott.geojson,AIS_2018-19_waismeltregions_scott
ATL03_20181231070752_00430211_005_01.h5,geojsons/waismeltregions_scott.geojson,AIS_2018-19_waismeltregions_scott
ATL03_20181231084210_00440211_005_01.h5,geojsons/waismeltregions_scott.geojson,AIS_2018-19_waismeltregions_scott
ATL03_20181231225046_00530211_005_01.h5,geojsons/waismeltregions_scott.geojson,AIS_2018-19_waismeltregions_scott
ATL03_20190101002504_00540211_005_01.h5,geojsons/waismeltregions_scott.geojson,AIS_2018-19_waismeltregions_scott
ATL03_20190101064213_00580211_005_01.h5,geojsons/waismeltregions_scott.geojson,AIS_2018-19_waismeltregions_scott
ATL03_20190101081631_00590211_005_01.h5,geojsons/waismeltregions_scott.geojson,AIS_2018-19_waismeltregions_scott
ATL03_20190101222507_00680211_005_01.h5,geojsons/waismeltregions_scott.geojson,AIS_2018-19_waismeltregions_scott
ATL03_20190101235925_00690211_005_01.h5,geojsons/waismeltregions_scott.geojson,AIS_2018-19_waismeltregions_scott
ATL03_20190102075052_00740211_005_01.h5,geojsons/waismeltregions_scott.geojson,AIS_2018-19_waismeltregions_scott
ATL03_20190102233345_00840211_005_01.h5,geojsons/waismeltregions_scott.geojson,AIS_2018-19_waismeltregions_scott
ATL03_20190103072512_00890211_005_01.h5,geojsons/waismeltregions_scott.geojson,AIS_2018-19_waismeltregions_scott
ATL03_20190103085930_00900211_005_01.h5,geojsons/waismeltregions_scott.geojson,AIS_2018-19_waismeltregions_scott
ATL03_20190103230806_00990211_005_01.h5,geojsons/waismeltregions_scott.geojson,AIS_2018-19_waismeltregions_scott
ATL03_20190104004223_01000211_005_01.h5,geojsons/waismeltregions_scott.geojson,AIS_2018-19_waismeltregions_scott
ATL03_20190104065933_01040211_005_01.h5,geojsons/waismeltregions_scott.geojson,AIS_2018-19_waismeltregions_scott
ATL03_20190104083350_01050211_005_01.h5,geojsons/waismeltregions_scott.geojson,AIS_2018-19_waismeltregions_scott
ATL03_20190104224226_01140211_005_01.h5,geojsons/waismeltregions_scott.geojson,AIS_2018-19_waismeltregions_scott
ATL03_20190105001644_01150211_005_01.h5,geojsons/waismeltregions_scott.geojson,AIS_2018-19_waismeltregions_scott
ATL03_20190105063353_01190211_005_01.h5,geojsons/waismeltregions_scott.geojson,AIS_2018-19_waismeltregions_scott
ATL03_20190105080811_01200211_005_01.h5,geojsons/waismeltregions_scott.geojson,AIS_2018-19_waismeltregions_scott
ATL03_20190105221647_01290211_005_01.h5,geojsons/waismeltregions_scott.geojson,AIS_2018-19_waismeltregions_scott
ATL03_20190105235104_01300211_005_01.h5,geojsons/waismeltregions_scott.geojson,AIS_2018-19_waismeltregions_scott
ATL03_20190106074231_01350211_005_01.h5,geojsons/waismeltregions_scott.geojson,AIS_2018-19_waismeltregions_scott
ATL03_20190106232524_01450211_005_01.h5,geojsons/waismeltregions_scott.geojson,AIS_2018-19_waismeltregions_scott
ATL03_20190107071652_01500211_005_01.h5,geojsons/waismeltregions_scott.geojson,AIS_2018-19_waismeltregions_scott
ATL03_20190107085109_01510211_005_01.h5,geojsons/waismeltregions_scott.geojson,AIS_2018-19_waismeltregions_scott
ATL03_20190107225945_01600211_005_01.h5,geojsons/waismeltregions_scott.geojson,AIS_2018-19_waismeltregions_scott
ATL03_20190108065112_01650211_005_01.h5,geojsons/waismeltregions_scott.geojson,AIS_2018-19_waismeltregions_scott
ATL03_20190108082529_01660211_005_01.h5,geojsons/waismeltregions_scott.geojson,AIS_2018-19_waismeltregions_scott
ATL03_20190108223405_01750211_005_01.h5,geojsons/waismeltregions_scott.geojson,AIS_2018-19_waismeltregions_scott
ATL03_20190109000823_01760211_005_01.h5,geojsons/waismeltregions_scott.geojson,AIS_2018-19_waismeltregions_scott
ATL03_20190109062532_01800211_005_01.h5,geojsons/waismeltregions_scott.geojson,AIS_2018-19_waismeltregions_scott
ATL03_20190109075949_01810211_005_01.h5,geojsons/waismeltregions_scott.geojson,AIS_2018-19_waismeltregions_scott
ATL03_20190109220825_01900211_005_01.h5,geojsons/waismeltregions_scott.geojson,AIS_2018-19_waismeltregions_scott
ATL03_20190109234242_01910211_005_01.h5,geojsons/waismeltregions_scott.geojson,AIS_2018-19_waismeltregions_scott
ATL03_20190110073409_01960211_005_01.h5,geojsons/waismeltregions_scott.geojson,AIS_2018-19_waismeltregions_scott
ATL03_20190110231702_02060211_005_01.h5,geojsons/waismeltregions_scott.geojson,AIS_2018-19_waismeltregions_scott
ATL03_20190111070829_02110211_005_01.h5,geojsons/waismeltregions_scott.geojson,AIS_2018-19_waismeltregions_scott
ATL03_20190111084247_02120211_005_01.h5,geojsons/waismeltregions_scott.geojson,AIS_2018-19_waismeltregions_scott
ATL03_20190111225122_02210211_005_01.h5,geojsons/waismeltregions_scott.geojson,AIS_2018-19_waismeltregions_scott
ATL03_20190112064249_02260211_005_01.h5,geojsons/waismeltregions_scott.geojson,AIS_2018-19_waismeltregions_scott
ATL03_20190112081706_02270211_005_01.h5,geojsons/waismeltregions_scott.geojson,AIS_2018-19_waismeltregions_scott
ATL03_20190112222542_02360211_005_01.h5,geojsons/waismeltregions_scott.geojson,AIS_2018-19_waismeltregions_scott
ATL03_20190112235959_02370211_005_01.h5,geojsons/waismeltregions_scott.geojson,AIS_2018-19_waismeltregions_scott
ATL03_20190113061709_02410211_005_01.h5,geojsons/waismeltregions_scott.geojson,AIS_2018-19_waismeltregions_scott
ATL03_20190113075126_02420211_005_01.h5,geojsons/waismeltregions_scott.geojson,AIS_2018-19_waismeltregions_scott
ATL03_20190113220002_02510211_005_01.h5,geojsons/waismeltregions_scott.geojson,AIS_2018-19_waismeltregions_scott
ATL03_20190113233419_02520211_005_01.h5,geojsons/waismeltregions_scott.geojson,AIS_2018-19_waismeltregions_scott
ATL03_20190114072546_02570211_005_01.h5,geojsons/waismeltregions_scott.geojson,AIS_2018-19_waismeltregions_scott
ATL03_20190114230838_02670211_005_01.h5,geojsons/waismeltregions_scott.geojson,AIS_2018-19_waismeltregions_scott
ATL03_20190115070005_02720211_005_01.h5,geojsons/waismeltregions_scott.geojson,AIS_2018-19_waismeltregions_scott
ATL03_20190115224258_02820211_005_01.h5,geojsons/waismeltregions_scott.geojson,AIS_2018-19_waismeltregions_scott
ATL03_20190116063424_02870211_005_01.h5,geojsons/waismeltregions_scott.geojson,AIS_2018-19_waismeltregions_scott
ATL03_20190116080841_02880211_005_01.h5,geojsons/waismeltregions_scott.geojson,AIS_2018-19_waismeltregions_scott
ATL03_20190116221717_02970211_005_01.h5,geojsons/waismeltregions_scott.geojson,AIS_2018-19_waismeltregions_scott
ATL03_20190116235134_02980211_005_01.h5,geojsons/waismeltregions_scott.geojson,AIS_2018-19_waismeltregions_scott
ATL03_20190117060844_03020211_005_01.h5,geojsons/waismeltregions_scott.geojson,AIS_2018-19_waismeltregions_scott
ATL03_20190117074301_03030211_005_01.h5,geojsons/waismeltregions_scott.geojson,AIS_2018-19_waismeltregions_scott
ATL03_20190117215138_03120211_005_01.h5,geojsons/waismeltregions_scott.geojson,AIS_2018-19_waismeltregions_scott
ATL03_20190117232556_03130211_005_01.h5,geojsons/waismeltregions_scott.geojson,AIS_2018-19_waismeltregions_scott
ATL03_20190118071724_03180211_005_01.h5,geojsons/waismeltregions_scott.geojson,AIS_2018-19_waismeltregions_scott
ATL03_20190118212601_03270211_005_01.h5,geojsons/waismeltregions_scott.geojson,AIS_2018-19_waismeltregions_scott
ATL03_20190118230018_03280211_005_01.h5,geojsons/waismeltregions_scott.geojson,AIS_2018-19_waismeltregions_scott
ATL03_20190119065146_03330211_005_01.h5,geojsons/waismeltregions_scott.geojson,AIS_2018-19_waismeltregions_scott
ATL03_20190119223440_03430211_005_01.h5,geojsons/waismeltregions_scott.geojson,AIS_2018-19_waismeltregions_scott
ATL03_20190120062608_03480211_005_01.h5,geojsons/waismeltregions_scott.geojson,AIS_2018-19_waismeltregions_scott
ATL03_20190120080025_03490211_005_01.h5,geojsons/waismeltregions_scott.geojson,AIS_2018-19_waismeltregions_scott
ATL03_20190120220903_03580211_005_01.h5,geojsons/waismeltregions_scott.geojson,AIS_2018-19_waismeltregions_scott
ATL03_20190120234320_03590211_005_01.h5,geojsons/waismeltregions_scott.geojson,AIS_2018-19_waismeltregions_scott
ATL03_20190121060032_03630211_005_01.h5,geojsons/waismeltregions_scott.geojson,AIS_2018-19_waismeltregions_scott
ATL03_20190121073449_03640211_005_01.h5,geojsons/waismeltregions_scott.geojson,AIS_2018-19_waismeltregions_scott
ATL03_20190121214327_03730211_005_01.h5,geojsons/waismeltregions_scott.geojson,AIS_2018-19_waismeltregions_scott
ATL03_20190121231744_03740211_005_01.h5,geojsons/waismeltregions_scott.geojson,AIS_2018-19_waismeltregions_scott
ATL03_20190122070911_03790211_005_01.h5,geojsons/waismeltregions_scott.geojson,AIS_2018-19_waismeltregions_scott
ATL03_20190122211749_03880211_005_01.h5,geojsons/waismeltregions_scott.geojson,AIS_2018-19_waismeltregions_scott
ATL03_20190122225206_03890211_005_01.h5,geojsons/waismeltregions_scott.geojson,AIS_2018-19_waismeltregions_scott
ATL03_20190123064333_03940211_005_01.h5,geojsons/waismeltregions_scott.geojson,AIS_2018-19_waismeltregions_scott
ATL03_20190123222628_04040211_005_01.h5,geojsons/waismeltregions_scott.geojson,AIS_2018-19_waismeltregions_scott
ATL03_20190124061756_04090211_005_01.h5,geojsons/waismeltregions_scott.geojson,AIS_2018-19_waismeltregions_scott
ATL03_20190124075213_04100211_005_01.h5,geojsons/waismeltregions_scott.geojson,AIS_2018-19_waismeltregions_scott
ATL03_20190124220050_04190211_005_01.h5,geojsons/waismeltregions_scott.geojson,AIS_2018-19_waismeltregions_scott
ATL03_20190124233508_04200211_005_01.h5,geojsons/waismeltregions_scott.geojson,AIS_2018-19_waismeltregions_scott
ATL03_20190125055218_04240211_005_01.h5,geojsons/waismeltregions_scott.geojson,AIS_2018-19_waismeltregions_scott
ATL03_20190125072635_04250211_005_01.h5,geojsons/waismeltregions_scott.geojson,AIS_2018-19_waismeltregions_scott
ATL03_20190125213512_04340211_005_01.h5,geojsons/waismeltregions_scott.geojson,AIS_2018-19_waismeltregions_scott
ATL03_20190125230930_04350211_005_01.h5,geojsons/waismeltregions_scott.geojson,AIS_2018-19_waismeltregions_scott
ATL03_20190126052639_04390211_005_01.h5,geojsons/waismeltregions_scott.geojson,AIS_2018-19_waismeltregions_scott
ATL03_20190126070057_04400211_005_01.h5,geojsons/waismeltregions_scott.geojson,AIS_2018-19_waismeltregions_scott
ATL03_20190126210934_04490211_005_01.h5,geojsons/waismeltregions_scott.geojson,AIS_2018-19_waismeltregions_scott
ATL03_20190126224351_04500211_005_01.h5,geojsons/waismeltregions_scott.geojson,AIS_2018-19_waismeltregions_scott
ATL03_20190127063519_04550211_005_01.h5,geojsons/waismeltregions_scott.geojson,AIS_2018-19_waismeltregions_scott
ATL03_20190127221813_04650211_005_01.h5,geojsons/waismeltregions_scott.geojson,AIS_2018-19_waismeltregions_scott
ATL03_20190128060940_04700211_005_01.h5,geojsons/waismeltregions_scott.geojson,AIS_2018-19_waismeltregions_scott
ATL03_20190128074358_04710211_005_01.h5,geojsons/waismeltregions_scott.geojson,AIS_2018-19_waismeltregions_scott
ATL03_20190128215235_04800211_005_01.h5,geojsons/waismeltregions_scott.geojson,AIS_2018-19_waismeltregions_scott
ATL03_20190128232652_04810211_005_01.h5,geojsons/waismeltregions_scott.geojson,AIS_2018-19_waismeltregions_scott
ATL03_20190129054402_04850211_005_01.h5,geojsons/waismeltregions_scott.geojson,AIS_2018-19_waismeltregions_scott
ATL03_20190129071819_04860211_005_01.h5,geojsons/waismeltregions_scott.geojson,AIS_2018-19_waismeltregions_scott
ATL03_20190129212656_04950211_005_01.h5,geojsons/waismeltregions_scott.geojson,AIS_2018-19_waismeltregions_scott
ATL03_20190129230114_04960211_005_01.h5,geojsons/waismeltregions_scott.geojson,AIS_2018-19_waismeltregions_scott
ATL03_20190130051823_05000211_005_01.h5,geojsons/waismeltregions_scott.geojson,AIS_2018-19_waismeltregions_scott
ATL03_20190130065241_05010211_005_01.h5,geojsons/waismeltregions_scott.geojson,AIS_2018-19_waismeltregions_scott
ATL03_20190130210117_05100211_005_01.h5,geojsons/waismeltregions_scott.geojson,AIS_2018-19_waismeltregions_scott
ATL03_20190130223535_05110211_005_01.h5,geojsons/waismeltregions_scott.geojson,AIS_2018-19_waismeltregions_scott
ATL03_20190131062702_05160211_005_01.h5,geojsons/waismeltregions_scott.geojson,AIS_2018-19_waismeltregions_scott
ATL03_20190131220956_05260211_005_01.h5,geojsons/waismeltregions_scott.geojson,AIS_2018-19_waismeltregions_scott
ATL03_20190201060123_05310211_005_01.h5,geojsons/waismeltregions_scott.geojson,AIS_2018-19_waismeltregions_scott
ATL03_20190201073541_05320211_005_01.h5,geojsons/waismeltregions_scott.geojson,AIS_2018-19_waismeltregions_scott
ATL03_20190201214418_05410211_005_01.h5,geojsons/waismeltregions_scott.geojson,AIS_2018-19_waismeltregions_scott
ATL03_20190201231835_05420211_005_01.h5,geojsons/waismeltregions_scott.geojson,AIS_2018-19_waismeltregions_scott
ATL03_20190202053545_05460211_005_01.h5,geojsons/waismeltregions_scott.geojson,AIS_2018-19_waismeltregions_scott
ATL03_20190202071002_05470211_005_01.h5,geojsons/waismeltregions_scott.geojson,AIS_2018-19_waismeltregions_scott
ATL03_20190202211839_05560211_005_01.h5,geojsons/waismeltregions_scott.geojson,AIS_2018-19_waismeltregions_scott
ATL03_20190202225256_05570211_005_01.h5,geojsons/waismeltregions_scott.geojson,AIS_2018-19_waismeltregions_scott
ATL03_20190203051005_05610211_005_01.h5,geojsons/waismeltregions_scott.geojson,AIS_2018-19_waismeltregions_scott
ATL03_20190203064423_05620211_005_01.h5,geojsons/waismeltregions_scott.geojson,AIS_2018-19_waismeltregions_scott
ATL03_20190203205259_05710211_005_01.h5,geojsons/waismeltregions_scott.geojson,AIS_2018-19_waismeltregions_scott
ATL03_20190203222717_05720211_005_01.h5,geojsons/waismeltregions_scott.geojson,AIS_2018-19_waismeltregions_scott
ATL03_20190204061844_05770211_005_01.h5,geojsons/waismeltregions_scott.geojson,AIS_2018-19_waismeltregions_scott
ATL03_20190205055304_05920211_005_01.h5,geojsons/waismeltregions_scott.geojson,AIS_2018-19_waismeltregions_scott
ATL03_20190205072722_05930211_005_01.h5,geojsons/waismeltregions_scott.geojson,AIS_2018-19_waismeltregions_scott
ATL03_20190205213558_06020211_005_01.h5,geojsons/waismeltregions_scott.geojson,AIS_2018-19_waismeltregions_scott
ATL03_20190206052725_06070211_005_01.h5,geojsons/waismeltregions_scott.geojson,AIS_2018-19_waismeltregions_scott
ATL03_20190206070142_06080211_005_01.h5,geojsons/waismeltregions_scott.geojson,AIS_2018-19_waismeltregions_scott
ATL03_20190206211018_06170211_005_01.h5,geojsons/waismeltregions_scott.geojson,AIS_2018-19_waismeltregions_scott
ATL03_20190206224436_06180211_005_01.h5,geojsons/waismeltregions_scott.geojson,AIS_2018-19_waismeltregions_scott
ATL03_20190207050145_06220211_005_01.h5,geojsons/waismeltregions_scott.geojson,AIS_2018-19_waismeltregions_scott
ATL03_20190207063603_06230211_005_01.h5,geojsons/waismeltregions_scott.geojson,AIS_2018-19_waismeltregions_scott
ATL03_20190207204439_06320211_005_01.h5,geojsons/waismeltregions_scott.geojson,AIS_2018-19_waismeltregions_scott
ATL03_20190207221856_06330211_005_01.h5,geojsons/waismeltregions_scott.geojson,AIS_2018-19_waismeltregions_scott
ATL03_20190208061023_06380211_005_01.h5,geojsons/waismeltregions_scott.geojson,AIS_2018-19_waismeltregions_scott
ATL03_20190208215316_06480211_005_01.h5,geojsons/waismeltregions_scott.geojson,AIS_2018-19_waismeltregions_scott
ATL03_20190209054442_06530211_005_01.h5,geojsons/waismeltregions_scott.geojson,AIS_2018-19_waismeltregions_scott
ATL03_20190209071900_06540211_005_01.h5,geojsons/waismeltregions_scott.geojson,AIS_2018-19_waismeltregions_scott
ATL03_20190209212736_06630211_005_01.h5,geojsons/waismeltregions_scott.geojson,AIS_2018-19_waismeltregions_scott
ATL03_20190210051902_06680211_005_01.h5,geojsons/waismeltregions_scott.geojson,AIS_2018-19_waismeltregions_scott
ATL03_20190210065320_06690211_005_01.h5,geojsons/waismeltregions_scott.geojson,AIS_2018-19_waismeltregions_scott
ATL03_20190210210156_06780211_005_01.h5,geojsons/waismeltregions_scott.geojson,AIS_2018-19_waismeltregions_scott
ATL03_20190210223613_06790211_005_01.h5,geojsons/waismeltregions_scott.geojson,AIS_2018-19_waismeltregions_scott
ATL03_20190211045322_06830211_005_01.h5,geojsons/waismeltregions_scott.geojson,AIS_2018-19_waismeltregions_scott
ATL03_20190211062740_06840211_005_01.h5,geojsons/waismeltregions_scott.geojson,AIS_2018-19_waismeltregions_scott
ATL03_20190211203616_06930211_005_01.h5,geojsons/waismeltregions_scott.geojson,AIS_2018-19_waismeltregions_scott
ATL03_20190211221033_06940211_005_01.h5,geojsons/waismeltregions_scott.geojson,AIS_2018-19_waismeltregions_scott
ATL03_20190212060159_06990211_005_01.h5,geojsons/waismeltregions_scott.geojson,AIS_2018-19_waismeltregions_scott
ATL03_20190212214453_07090211_005_01.h5,geojsons/waismeltregions_scott.geojson,AIS_2018-19_waismeltregions_scott
ATL03_20190213053620_07140211_005_01.h5,geojsons/waismeltregions_scott.geojson,AIS_2018-19_waismeltregions_scott
ATL03_20190213211914_07240211_005_01.h5,geojsons/waismeltregions_scott.geojson,AIS_2018-19_waismeltregions_scott
ATL03_20190214051041_07290211_005_01.h5,geojsons/waismeltregions_scott.geojson,AIS_2018-19_waismeltregions_scott
ATL03_20190214064459_07300211_005_01.h5,geojsons/waismeltregions_scott.geojson,AIS_2018-19_waismeltregions_scott
ATL03_20190214205335_07390211_005_01.h5,geojsons/waismeltregions_scott.geojson,AIS_2018-19_waismeltregions_scott
ATL03_20190214222753_07400211_005_01.h5,geojsons/waismeltregions_scott.geojson,AIS_2018-19_waismeltregions_scott
ATL03_20190215044502_07440211_005_01.h5,geojsons/waismeltregions_scott.geojson,AIS_2018-19_waismeltregions_scott
ATL03_20190215061920_07450211_005_01.h5,geojsons/waismeltregions_scott.geojson,AIS_2018-19_waismeltregions_scott
ATL03_20190215202756_07540211_005_01.h5,geojsons/waismeltregions_scott.geojson,AIS_2018-19_waismeltregions_scott
ATL03_20190215220213_07550211_005_01.h5,geojsons/waismeltregions_scott.geojson,AIS_2018-19_waismeltregions_scott
ATL03_20190216055340_07600211_005_01.h5,geojsons/waismeltregions_scott.geojson,AIS_2018-19_waismeltregions_scott
ATL03_20190216200217_07690211_005_01.h5,geojsons/waismeltregions_scott.geojson,AIS_2018-19_waismeltregions_scott
ATL03_20190216213634_07700211_005_01.h5,geojsons/waismeltregions_scott.geojson,AIS_2018-19_waismeltregions_scott
ATL03_20190217052801_07750211_005_01.h5,geojsons/waismeltregions_scott.geojson,AIS_2018-19_waismeltregions_scott
ATL03_20190217211054_07850211_005_01.h5,geojsons/waismeltregions_scott.geojson,AIS_2018-19_waismeltregions_scott
ATL03_20190218050221_07900211_005_01.h5,geojsons/waismeltregions_scott.geojson,AIS_2018-19_waismeltregions_scott
ATL03_20190218063639_07910211_005_01.h5,geojsons/waismeltregions_scott.geojson,AIS_2018-19_waismeltregions_scott
ATL03_20190218204515_08000211_005_01.h5,geojsons/waismeltregions_scott.geojson,AIS_2018-19_waismeltregions_scott
ATL03_20190218221932_08010211_005_01.h5,geojsons/waismeltregions_scott.geojson,AIS_2018-19_waismeltregions_scott
ATL03_20190219043641_08050211_005_01.h5,geojsons/waismeltregions_scott.geojson,AIS_2018-19_waismeltregions_scott
ATL03_20190219061059_08060211_005_01.h5,geojsons/waismeltregions_scott.geojson,AIS_2018-19_waismeltregions_scott
ATL03_20190219201935_08150211_005_01.h5,geojsons/waismeltregions_scott.geojson,AIS_2018-19_waismeltregions_scott
ATL03_20190219215352_08160211_005_01.h5,geojsons/waismeltregions_scott.geojson,AIS_2018-19_waismeltregions_scott
ATL03_20190220054519_08210211_005_01.h5,geojsons/waismeltregions_scott.geojson,AIS_2018-19_waismeltregions_scott
ATL03_20190220195356_08300211_005_01.h5,geojsons/waismeltregions_scott.geojson,AIS_2018-19_waismeltregions_scott
ATL03_20190220212813_08310211_005_01.h5,geojsons/waismeltregions_scott.geojson,AIS_2018-19_waismeltregions_scott
ATL03_20190221051940_08360211_005_01.h5,geojsons/waismeltregions_scott.geojson,AIS_2018-19_waismeltregions_scott
ATL03_20190221210234_08460211_005_01.h5,geojsons/waismeltregions_scott.geojson,AIS_2018-19_waismeltregions_scott
ATL03_20190222045402_08510211_005_01.h5,geojsons/waismeltregions_scott.geojson,AIS_2018-19_waismeltregions_scott
ATL03_20190222062819_08520211_005_01.h5,geojsons/waismeltregions_scott.geojson,AIS_2018-19_waismeltregions_scott
ATL03_20190222203656_08610211_005_01.h5,geojsons/waismeltregions_scott.geojson,AIS_2018-19_waismeltregions_scott
ATL03_20190222221113_08620211_005_01.h5,geojsons/waismeltregions_scott.geojson,AIS_2018-19_waismeltregions_scott
ATL03_20190223042823_08660211_005_01.h5,geojsons/waismeltregions_scott.geojson,AIS_2018-19_waismeltregions_scott
ATL03_20190223060240_08670211_005_01.h5,geojsons/waismeltregions_scott.geojson,AIS_2018-19_waismeltregions_scott
ATL03_20190223201117_08760211_005_01.h5,geojsons/waismeltregions_scott.geojson,AIS_2018-19_waismeltregions_scott
ATL03_20190223214534_08770211_005_01.h5,geojsons/waismeltregions_scott.geojson,AIS_2018-19_waismeltregions_scott
ATL03_20190224040244_08810211_005_01.h5,geojsons/waismeltregions_scott.geojson,AIS_2018-19_waismeltregions_scott
ATL03_20190224053702_08820211_005_01.h5,geojsons/waismeltregions_scott.geojson,AIS_2018-19_waismeltregions_scott
ATL03_20190224194538_08910211_005_01.h5,geojsons/waismeltregions_scott.geojson,AIS_2018-19_waismeltregions_scott
ATL03_20190224211955_08920211_005_01.h5,geojsons/waismeltregions_scott.geojson,AIS_2018-19_waismeltregions_scott
ATL03_20190225051122_08970211_005_01.h5,geojsons/waismeltregions_scott.geojson,AIS_2018-19_waismeltregions_scott
ATL03_20190225205416_09070211_005_01.h5,geojsons/waismeltregions_scott.geojson,AIS_2018-19_waismeltregions_scott
ATL03_20190226044543_09120211_005_01.h5,geojsons/waismeltregions_scott.geojson,AIS_2018-19_waismeltregions_scott
ATL03_20190226062001_09130211_005_01.h5,geojsons/waismeltregions_scott.geojson,AIS_2018-19_waismeltregions_scott
ATL03_20190226202837_09220211_005_01.h5,geojsons/waismeltregions_scott.geojson,AIS_2018-19_waismeltregions_scott
ATL03_20190226220254_09230211_005_01.h5,geojsons/waismeltregions_scott.geojson,AIS_2018-19_waismeltregions_scott
ATL03_20190227042004_09270211_005_01.h5,geojsons/waismeltregions_scott.geojson,AIS_2018-19_waismeltregions_scott
ATL03_20190227055421_09280211_005_01.h5,geojsons/waismeltregions_scott.geojson,AIS_2018-19_waismeltregions_scott
ATL03_20190227200258_09370211_005_01.h5,geojsons/waismeltregions_scott.geojson,AIS_2018-19_waismeltregions_scott
ATL03_20190227213715_09380211_005_01.h5,geojsons/waismeltregions_scott.geojson,AIS_2018-19_waismeltregions_scott
ATL03_20190228035425_09420211_005_01.h5,geojsons/waismeltregions_scott.geojson,AIS_2018-19_waismeltregions_scott
ATL03_20190228052842_09430211_005_01.h5,geojsons/waismeltregions_scott.geojson,AIS_2018-19_waismeltregions_scott
ATL03_20190228193718_09520211_005_01.h5,geojsons/waismeltregions_scott.geojson,AIS_2018-19_waismeltregions_scott
ATL03_20190228211136_09530211_005_01.h5,geojsons/waismeltregions_scott.geojson,AIS_2018-19_waismeltregions_scott
ATL03_20190301050303_09580211_005_01.h5,geojsons/waismeltregions_scott.geojson,AIS_2018-19_waismeltregions_scott
ATL03_20190301204557_09680211_005_01.h5,geojsons/waismeltregions_scott.geojson,AIS_2018-19_waismeltregions_scott
ATL03_20190302043724_09730211_005_01.h5,geojsons/waismeltregions_scott.geojson,AIS_2018-19_waismeltregions_scott
ATL03_20190302061141_09740211_005_01.h5,geojsons/waismeltregions_scott.geojson,AIS_2018-19_waismeltregions_scott
ATL03_20190302202018_09830211_005_01.h5,geojsons/waismeltregions_scott.geojson,AIS_2018-19_waismeltregions_scott
ATL03_20190302215435_09840211_005_01.h5,geojsons/waismeltregions_scott.geojson,AIS_2018-19_waismeltregions_scott
ATL03_20190303041145_09880211_005_01.h5,geojsons/waismeltregions_scott.geojson,AIS_2018-19_waismeltregions_scott
ATL03_20190303054602_09890211_005_01.h5,geojsons/waismeltregions_scott.geojson,AIS_2018-19_waismeltregions_scott
ATL03_20190303195439_09980211_005_01.h5,geojsons/waismeltregions_scott.geojson,AIS_2018-19_waismeltregions_scott
ATL03_20190303212856_09990211_005_01.h5,geojsons/waismeltregions_scott.geojson,AIS_2018-19_waismeltregions_scott
ATL03_20190304034605_10030211_005_01.h5,geojsons/waismeltregions_scott.geojson,AIS_2018-19_waismeltregions_scott
ATL03_20190304052023_10040211_005_01.h5,geojsons/waismeltregions_scott.geojson,AIS_2018-19_waismeltregions_scott
ATL03_20190304192859_10130211_005_01.h5,geojsons/waismeltregions_scott.geojson,AIS_2018-19_waismeltregions_scott
ATL03_20190304210317_10140211_005_01.h5,geojsons/waismeltregions_scott.geojson,AIS_2018-19_waismeltregions_scott
ATL03_20190305045444_10190211_005_01.h5,geojsons/waismeltregions_scott.geojson,AIS_2018-19_waismeltregions_scott
ATL03_20190305203737_10290211_005_01.h5,geojsons/waismeltregions_scott.geojson,AIS_2018-19_waismeltregions_scott
ATL03_20190306042904_10340211_005_01.h5,geojsons/waismeltregions_scott.geojson,AIS_2018-19_waismeltregions_scott
ATL03_20190306060321_10350211_005_01.h5,geojsons/waismeltregions_scott.geojson,AIS_2018-19_waismeltregions_scott
ATL03_20190306201158_10440211_005_01.h5,geojsons/waismeltregions_scott.geojson,AIS_2018-19_waismeltregions_scott
ATL03_20190307040325_10490211_005_01.h5,geojsons/waismeltregions_scott.geojson,AIS_2018-19_waismeltregions_scott
ATL03_20190307053742_10500211_005_01.h5,geojsons/waismeltregions_scott.geojson,AIS_2018-19_waismeltregions_scott
ATL03_20190307212036_10600211_005_01.h5,geojsons/waismeltregions_scott.geojson,AIS_2018-19_waismeltregions_scott
ATL03_20190308033745_10640211_005_01.h5,geojsons/waismeltregions_scott.geojson,AIS_2018-19_waismeltregions_scott
ATL03_20190308051203_10650211_005_01.h5,geojsons/waismeltregions_scott.geojson,AIS_2018-19_waismeltregions_scott
ATL03_20190308192039_10740211_005_01.h5,geojsons/waismeltregions_scott.geojson,AIS_2018-19_waismeltregions_scott
ATL03_20190308205456_10750211_005_01.h5,geojsons/waismeltregions_scott.geojson,AIS_2018-19_waismeltregions_scott
ATL03_20190309044623_10800211_005_01.h5,geojsons/waismeltregions_scott.geojson,AIS_2018-19_waismeltregions_scott
ATL03_20190309202917_10900211_005_01.h5,geojsons/waismeltregions_scott.geojson,AIS_2018-19_waismeltregions_scott
ATL03_20190310042044_10950211_005_01.h5,geojsons/waismeltregions_scott.geojson,AIS_2018-19_waismeltregions_scott
ATL03_20190310055501_10960211_005_01.h5,geojsons/waismeltregions_scott.geojson,AIS_2018-19_waismeltregions_scott
ATL03_20190310200337_11050211_005_01.h5,geojsons/waismeltregions_scott.geojson,AIS_2018-19_waismeltregions_scott
ATL03_20190311035504_11100211_005_01.h5,geojsons/waismeltregions_scott.geojson,AIS_2018-19_waismeltregions_scott
ATL03_20190311052922_11110211_005_01.h5,geojsons/waismeltregions_scott.geojson,AIS_2018-19_waismeltregions_scott
ATL03_20190311193758_11200211_005_01.h5,geojsons/waismeltregions_scott.geojson,AIS_2018-19_waismeltregions_scott
ATL03_20190311211215_11210211_005_01.h5,geojsons/waismeltregions_scott.geojson,AIS_2018-19_waismeltregions_scott
ATL03_20190312032925_11250211_005_01.h5,geojsons/waismeltregions_scott.geojson,AIS_2018-19_waismeltregions_scott
ATL03_20190312050342_11260211_005_01.h5,geojsons/waismeltregions_scott.geojson,AIS_2018-19_waismeltregions_scott
ATL03_20190312191218_11350211_005_01.h5,geojsons/waismeltregions_scott.geojson,AIS_2018-19_waismeltregions_scott
ATL03_20190312204636_11360211_005_01.h5,geojsons/waismeltregions_scott.geojson,AIS_2018-19_waismeltregions_scott
ATL03_20190313043803_11410211_005_01.h5,geojsons/waismeltregions_scott.geojson,AIS_2018-19_waismeltregions_scott
ATL03_20190313202056_11510211_005_01.h5,geojsons/waismeltregions_scott.geojson,AIS_2018-19_waismeltregions_scott
ATL03_20190314041223_11560211_005_01.h5,geojsons/waismeltregions_scott.geojson,AIS_2018-19_waismeltregions_scott
ATL03_20190314054641_11570211_005_01.h5,geojsons/waismeltregions_scott.geojson,AIS_2018-19_waismeltregions_scott
ATL03_20190314195517_11660211_005_01.h5,geojsons/waismeltregions_scott.geojson,AIS_2018-19_waismeltregions_scott
