ATL03_20181115061441_07270110_005_01.h5,geojsons/george_vi.geojson,AIS_2018-19_george_vi
ATL03_20181119060616_07880110_005_01.h5,geojsons/george_vi.geojson,AIS_2018-19_george_vi
ATL03_20181119185359_07960112_005_01.h5,geojsons/george_vi.geojson,AIS_2018-19_george_vi
ATL03_20181120054036_08030110_005_01.h5,geojsons/george_vi.geojson,AIS_2018-19_george_vi
ATL03_20181123184532_08570112_005_01.h5,geojsons/george_vi.geojson,AIS_2018-19_george_vi
ATL03_20181124053209_08640110_005_01.h5,geojsons/george_vi.geojson,AIS_2018-19_george_vi
ATL03_20181127183709_09180112_005_01.h5,geojsons/george_vi.geojson,AIS_2018-19_george_vi
ATL03_20181128052346_09250110_005_01.h5,geojsons/george_vi.geojson,AIS_2018-19_george_vi
ATL03_20181128181129_09330112_005_01.h5,geojsons/george_vi.geojson,AIS_2018-19_george_vi
ATL03_20181202051528_09860110_005_01.h5,geojsons/george_vi.geojson,AIS_2018-19_george_vi
ATL03_20181202180311_09940112_005_01.h5,geojsons/george_vi.geojson,AIS_2018-19_george_vi
ATL03_20181206050709_10470110_005_01.h5,geojsons/george_vi.geojson,AIS_2018-19_george_vi
ATL03_20181206175452_10550112_005_01.h5,geojsons/george_vi.geojson,AIS_2018-19_george_vi
ATL03_20181210045849_11080110_005_01.h5,geojsons/george_vi.geojson,AIS_2018-19_george_vi
ATL03_20181210174632_11160112_005_01.h5,geojsons/george_vi.geojson,AIS_2018-19_george_vi
ATL03_20181214045028_11690110_005_01.h5,geojsons/george_vi.geojson,AIS_2018-19_george_vi
ATL03_20181214173812_11770112_005_01.h5,geojsons/george_vi.geojson,AIS_2018-19_george_vi
ATL03_20181218044211_12300110_005_01.h5,geojsons/george_vi.geojson,AIS_2018-19_george_vi
ATL03_20181218172954_12380112_005_01.h5,geojsons/george_vi.geojson,AIS_2018-19_george_vi
ATL03_20181219041632_12450110_005_01.h5,geojsons/george_vi.geojson,AIS_2018-19_george_vi
ATL03_20181222172135_12990112_005_01.h5,geojsons/george_vi.geojson,AIS_2018-19_george_vi
ATL03_20181223040813_13060110_005_01.h5,geojsons/george_vi.geojson,AIS_2018-19_george_vi
ATL03_20181226171314_13600112_005_01.h5,geojsons/george_vi.geojson,AIS_2018-19_george_vi
ATL03_20181227035952_13670110_005_01.h5,geojsons/george_vi.geojson,AIS_2018-19_george_vi
ATL03_20181227164736_13750112_005_01.h5,geojsons/george_vi.geojson,AIS_2018-19_george_vi
ATL03_20181231035136_00410210_005_01.h5,geojsons/george_vi.geojson,AIS_2018-19_george_vi
ATL03_20181231163920_00490212_005_01.h5,geojsons/george_vi.geojson,AIS_2018-19_george_vi
ATL03_20190104034317_01020210_005_01.h5,geojsons/george_vi.geojson,AIS_2018-19_george_vi
ATL03_20190104163100_01100212_005_01.h5,geojsons/george_vi.geojson,AIS_2018-19_george_vi
ATL03_20190108033456_01630210_005_01.h5,geojsons/george_vi.geojson,AIS_2018-19_george_vi
ATL03_20190108162239_01710212_005_01.h5,geojsons/george_vi.geojson,AIS_2018-19_george_vi
ATL03_20190112032633_02240210_005_01.h5,geojsons/george_vi.geojson,AIS_2018-19_george_vi
ATL03_20190112161416_02320212_005_01.h5,geojsons/george_vi.geojson,AIS_2018-19_george_vi
ATL03_20190116031808_02850210_005_01.h5,geojsons/george_vi.geojson,AIS_2018-19_george_vi
ATL03_20190116160551_02930212_005_01.h5,geojsons/george_vi.geojson,AIS_2018-19_george_vi
ATL03_20190120030952_03460210_005_01.h5,geojsons/george_vi.geojson,AIS_2018-19_george_vi
ATL03_20190120155736_03540212_005_01.h5,geojsons/george_vi.geojson,AIS_2018-19_george_vi
ATL03_20190121024416_03610210_005_01.h5,geojsons/george_vi.geojson,AIS_2018-19_george_vi
ATL03_20190124154924_04150212_005_01.h5,geojsons/george_vi.geojson,AIS_2018-19_george_vi
ATL03_20190125152345_04300212_005_01.h5,geojsons/george_vi.geojson,AIS_2018-19_george_vi
ATL03_20190128154108_04760212_005_01.h5,geojsons/george_vi.geojson,AIS_2018-19_george_vi
ATL03_20190129022746_04830210_005_01.h5,geojsons/george_vi.geojson,AIS_2018-19_george_vi
ATL03_20190129151529_04910212_005_01.h5,geojsons/george_vi.geojson,AIS_2018-19_george_vi
ATL03_20190202021929_05440210_005_01.h5,geojsons/george_vi.geojson,AIS_2018-19_george_vi
ATL03_20190202150712_05520212_005_01.h5,geojsons/george_vi.geojson,AIS_2018-19_george_vi
ATL03_20190206021109_06050210_005_01.h5,geojsons/george_vi.geojson,AIS_2018-19_george_vi
ATL03_20190206145852_06130212_005_01.h5,geojsons/george_vi.geojson,AIS_2018-19_george_vi
ATL03_20190210145029_06740212_005_01.h5,geojsons/george_vi.geojson,AIS_2018-19_george_vi
ATL03_20190214015426_07270210_005_01.h5,geojsons/george_vi.geojson,AIS_2018-19_george_vi
ATL03_20190214144209_07350212_005_01.h5,geojsons/george_vi.geojson,AIS_2018-19_george_vi
ATL03_20190218014605_07880210_005_01.h5,geojsons/george_vi.geojson,AIS_2018-19_george_vi
ATL03_20190218143348_07960212_005_01.h5,geojsons/george_vi.geojson,AIS_2018-19_george_vi
ATL03_20190219012026_08030210_005_01.h5,geojsons/george_vi.geojson,AIS_2018-19_george_vi
ATL03_20190222142529_08570212_005_01.h5,geojsons/george_vi.geojson,AIS_2018-19_george_vi
ATL03_20190223011207_08640210_005_01.h5,geojsons/george_vi.geojson,AIS_2018-19_george_vi
ATL03_20190223135950_08720212_005_01.h5,geojsons/george_vi.geojson,AIS_2018-19_george_vi
ATL03_20190226141710_09180212_005_01.h5,geojsons/george_vi.geojson,AIS_2018-19_george_vi
ATL03_20190227010348_09250210_005_01.h5,geojsons/george_vi.geojson,AIS_2018-19_george_vi
ATL03_20190227135131_09330212_005_01.h5,geojsons/george_vi.geojson,AIS_2018-19_george_vi
ATL03_20190303005529_09860210_005_01.h5,geojsons/george_vi.geojson,AIS_2018-19_george_vi
ATL03_20190303134312_09940212_005_01.h5,geojsons/george_vi.geojson,AIS_2018-19_george_vi
ATL03_20190307004709_10470210_005_01.h5,geojsons/george_vi.geojson,AIS_2018-19_george_vi
ATL03_20190307133452_10550212_005_01.h5,geojsons/george_vi.geojson,AIS_2018-19_george_vi
ATL03_20190311003848_11080210_005_01.h5,geojsons/george_vi.geojson,AIS_2018-19_george_vi
ATL03_20190311132631_11160212_005_01.h5,geojsons/george_vi.geojson,AIS_2018-19_george_vi
