ATL03_20211101133647_06121311_005_01.h5,geojsons/waismeltregions_filchner.geojson,AIS_2021-22_waismeltregions_filchner
ATL03_20211101134230_06121312_005_01.h5,geojsons/waismeltregions_filchner.geojson,AIS_2021-22_waismeltregions_filchner
ATL03_20211102131110_06271311_005_01.h5,geojsons/waismeltregions_filchner.geojson,AIS_2021-22_waismeltregions_filchner
ATL03_20211102131653_06271312_005_01.h5,geojsons/waismeltregions_filchner.geojson,AIS_2021-22_waismeltregions_filchner
ATL03_20211103000331_06341310_005_01.h5,geojsons/waismeltregions_filchner.geojson,AIS_2021-22_waismeltregions_filchner
ATL03_20211103001111_06341311_005_01.h5,geojsons/waismeltregions_filchner.geojson,AIS_2021-22_waismeltregions_filchner
ATL03_20211103124530_06421311_005_01.h5,geojsons/waismeltregions_filchner.geojson,AIS_2021-22_waismeltregions_filchner
ATL03_20211103125114_06421312_005_01.h5,geojsons/waismeltregions_filchner.geojson,AIS_2021-22_waismeltregions_filchner
ATL03_20211103233751_06491310_005_01.h5,geojsons/waismeltregions_filchner.geojson,AIS_2021-22_waismeltregions_filchner
ATL03_20211103234532_06491311_005_01.h5,geojsons/waismeltregions_filchner.geojson,AIS_2021-22_waismeltregions_filchner
ATL03_20211104135408_06581311_005_01.h5,geojsons/waismeltregions_filchner.geojson,AIS_2021-22_waismeltregions_filchner
ATL03_20211104135951_06581312_005_01.h5,geojsons/waismeltregions_filchner.geojson,AIS_2021-22_waismeltregions_filchner
ATL03_20211104231212_06641310_005_01.h5,geojsons/waismeltregions_filchner.geojson,AIS_2021-22_waismeltregions_filchner
ATL03_20211104231953_06641311_005_01.h5,geojsons/waismeltregions_filchner.geojson,AIS_2021-22_waismeltregions_filchner
ATL03_20211105132831_06731311_005_01.h5,geojsons/waismeltregions_filchner.geojson,AIS_2021-22_waismeltregions_filchner
ATL03_20211105133414_06731312_005_01.h5,geojsons/waismeltregions_filchner.geojson,AIS_2021-22_waismeltregions_filchner
ATL03_20211105224635_06791310_005_01.h5,geojsons/waismeltregions_filchner.geojson,AIS_2021-22_waismeltregions_filchner
ATL03_20211105225416_06791311_005_01.h5,geojsons/waismeltregions_filchner.geojson,AIS_2021-22_waismeltregions_filchner
ATL03_20211106130250_06881311_005_01.h5,geojsons/waismeltregions_filchner.geojson,AIS_2021-22_waismeltregions_filchner
ATL03_20211106130833_06881312_005_01.h5,geojsons/waismeltregions_filchner.geojson,AIS_2021-22_waismeltregions_filchner
ATL03_20211106235510_06951310_005_01.h5,geojsons/waismeltregions_filchner.geojson,AIS_2021-22_waismeltregions_filchner
ATL03_20211107000251_06951311_005_01.h5,geojsons/waismeltregions_filchner.geojson,AIS_2021-22_waismeltregions_filchner
ATL03_20211107123709_07031311_005_01.h5,geojsons/waismeltregions_filchner.geojson,AIS_2021-22_waismeltregions_filchner
ATL03_20211107124252_07031312_005_01.h5,geojsons/waismeltregions_filchner.geojson,AIS_2021-22_waismeltregions_filchner
ATL03_20211107232929_07101310_005_01.h5,geojsons/waismeltregions_filchner.geojson,AIS_2021-22_waismeltregions_filchner
ATL03_20211107233710_07101311_005_01.h5,geojsons/waismeltregions_filchner.geojson,AIS_2021-22_waismeltregions_filchner
ATL03_20211108134547_07191311_005_01.h5,geojsons/waismeltregions_filchner.geojson,AIS_2021-22_waismeltregions_filchner
ATL03_20211108135130_07191312_005_01.h5,geojsons/waismeltregions_filchner.geojson,AIS_2021-22_waismeltregions_filchner
ATL03_20211108230351_07251310_005_01.h5,geojsons/waismeltregions_filchner.geojson,AIS_2021-22_waismeltregions_filchner
ATL03_20211108231132_07251311_005_01.h5,geojsons/waismeltregions_filchner.geojson,AIS_2021-22_waismeltregions_filchner
ATL03_20211109132009_07341311_005_01.h5,geojsons/waismeltregions_filchner.geojson,AIS_2021-22_waismeltregions_filchner
ATL03_20211109132552_07341312_005_01.h5,geojsons/waismeltregions_filchner.geojson,AIS_2021-22_waismeltregions_filchner
ATL03_20211109223813_07401310_005_01.h5,geojsons/waismeltregions_filchner.geojson,AIS_2021-22_waismeltregions_filchner
ATL03_20211109224554_07401311_005_01.h5,geojsons/waismeltregions_filchner.geojson,AIS_2021-22_waismeltregions_filchner
ATL03_20211110125430_07491311_005_01.h5,geojsons/waismeltregions_filchner.geojson,AIS_2021-22_waismeltregions_filchner
ATL03_20211110130014_07491312_005_01.h5,geojsons/waismeltregions_filchner.geojson,AIS_2021-22_waismeltregions_filchner
ATL03_20211111122852_07641311_005_01.h5,geojsons/waismeltregions_filchner.geojson,AIS_2021-22_waismeltregions_filchner
ATL03_20211111123435_07641312_005_01.h5,geojsons/waismeltregions_filchner.geojson,AIS_2021-22_waismeltregions_filchner
ATL03_20211111232113_07711310_005_01.h5,geojsons/waismeltregions_filchner.geojson,AIS_2021-22_waismeltregions_filchner
ATL03_20211111232854_07711311_005_01.h5,geojsons/waismeltregions_filchner.geojson,AIS_2021-22_waismeltregions_filchner
ATL03_20211112133731_07801311_005_01.h5,geojsons/waismeltregions_filchner.geojson,AIS_2021-22_waismeltregions_filchner
ATL03_20211112134314_07801312_005_01.h5,geojsons/waismeltregions_filchner.geojson,AIS_2021-22_waismeltregions_filchner
ATL03_20211112225535_07861310_005_01.h5,geojsons/waismeltregions_filchner.geojson,AIS_2021-22_waismeltregions_filchner
ATL03_20211112230315_07861311_005_01.h5,geojsons/waismeltregions_filchner.geojson,AIS_2021-22_waismeltregions_filchner
ATL03_20211113131156_07951311_005_01.h5,geojsons/waismeltregions_filchner.geojson,AIS_2021-22_waismeltregions_filchner
ATL03_20211113131739_07951312_005_01.h5,geojsons/waismeltregions_filchner.geojson,AIS_2021-22_waismeltregions_filchner
ATL03_20211113223000_08011310_005_01.h5,geojsons/waismeltregions_filchner.geojson,AIS_2021-22_waismeltregions_filchner
ATL03_20211113223741_08011311_005_01.h5,geojsons/waismeltregions_filchner.geojson,AIS_2021-22_waismeltregions_filchner
ATL03_20211114124614_08101311_005_01.h5,geojsons/waismeltregions_filchner.geojson,AIS_2021-22_waismeltregions_filchner
ATL03_20211114125157_08101312_005_01.h5,geojsons/waismeltregions_filchner.geojson,AIS_2021-22_waismeltregions_filchner
ATL03_20211115122032_08251311_005_01.h5,geojsons/waismeltregions_filchner.geojson,AIS_2021-22_waismeltregions_filchner
ATL03_20211115122615_08251312_005_01.h5,geojsons/waismeltregions_filchner.geojson,AIS_2021-22_waismeltregions_filchner
ATL03_20211115231253_08321310_005_01.h5,geojsons/waismeltregions_filchner.geojson,AIS_2021-22_waismeltregions_filchner
ATL03_20211115232034_08321311_005_01.h5,geojsons/waismeltregions_filchner.geojson,AIS_2021-22_waismeltregions_filchner
ATL03_20211116115454_08401311_005_01.h5,geojsons/waismeltregions_filchner.geojson,AIS_2021-22_waismeltregions_filchner
ATL03_20211116120037_08401312_005_01.h5,geojsons/waismeltregions_filchner.geojson,AIS_2021-22_waismeltregions_filchner
ATL03_20211116132911_08411311_005_01.h5,geojsons/waismeltregions_filchner.geojson,AIS_2021-22_waismeltregions_filchner
ATL03_20211116133454_08411312_005_01.h5,geojsons/waismeltregions_filchner.geojson,AIS_2021-22_waismeltregions_filchner
ATL03_20211116224715_08471310_005_01.h5,geojsons/waismeltregions_filchner.geojson,AIS_2021-22_waismeltregions_filchner
ATL03_20211116225456_08471311_005_01.h5,geojsons/waismeltregions_filchner.geojson,AIS_2021-22_waismeltregions_filchner
ATL03_20211117130333_08561311_005_01.h5,geojsons/waismeltregions_filchner.geojson,AIS_2021-22_waismeltregions_filchner
ATL03_20211117130916_08561312_005_01.h5,geojsons/waismeltregions_filchner.geojson,AIS_2021-22_waismeltregions_filchner
ATL03_20211117222136_08621310_005_01.h5,geojsons/waismeltregions_filchner.geojson,AIS_2021-22_waismeltregions_filchner
ATL03_20211117222917_08621311_005_01.h5,geojsons/waismeltregions_filchner.geojson,AIS_2021-22_waismeltregions_filchner
ATL03_20211118123753_08711311_005_01.h5,geojsons/waismeltregions_filchner.geojson,AIS_2021-22_waismeltregions_filchner
ATL03_20211118124337_08711312_005_01.h5,geojsons/waismeltregions_filchner.geojson,AIS_2021-22_waismeltregions_filchner
ATL03_20211119121216_08861311_005_01.h5,geojsons/waismeltregions_filchner.geojson,AIS_2021-22_waismeltregions_filchner
ATL03_20211119121759_08861312_005_01.h5,geojsons/waismeltregions_filchner.geojson,AIS_2021-22_waismeltregions_filchner
ATL03_20211119230437_08931310_005_01.h5,geojsons/waismeltregions_filchner.geojson,AIS_2021-22_waismeltregions_filchner
ATL03_20211119231218_08931311_005_01.h5,geojsons/waismeltregions_filchner.geojson,AIS_2021-22_waismeltregions_filchner
ATL03_20211120114634_09011311_005_01.h5,geojsons/waismeltregions_filchner.geojson,AIS_2021-22_waismeltregions_filchner
ATL03_20211120115218_09011312_005_01.h5,geojsons/waismeltregions_filchner.geojson,AIS_2021-22_waismeltregions_filchner
ATL03_20211120132052_09021311_005_01.h5,geojsons/waismeltregions_filchner.geojson,AIS_2021-22_waismeltregions_filchner
ATL03_20211120132635_09021312_005_01.h5,geojsons/waismeltregions_filchner.geojson,AIS_2021-22_waismeltregions_filchner
ATL03_20211120223855_09081310_005_01.h5,geojsons/waismeltregions_filchner.geojson,AIS_2021-22_waismeltregions_filchner
ATL03_20211120224636_09081311_005_01.h5,geojsons/waismeltregions_filchner.geojson,AIS_2021-22_waismeltregions_filchner
ATL03_20211121125512_09171311_005_01.h5,geojsons/waismeltregions_filchner.geojson,AIS_2021-22_waismeltregions_filchner
ATL03_20211121130055_09171312_005_01.h5,geojsons/waismeltregions_filchner.geojson,AIS_2021-22_waismeltregions_filchner
ATL03_20211121221315_09231310_005_01.h5,geojsons/waismeltregions_filchner.geojson,AIS_2021-22_waismeltregions_filchner
ATL03_20211121222056_09231311_005_01.h5,geojsons/waismeltregions_filchner.geojson,AIS_2021-22_waismeltregions_filchner
ATL03_20211122122932_09321311_005_01.h5,geojsons/waismeltregions_filchner.geojson,AIS_2021-22_waismeltregions_filchner
ATL03_20211122123515_09321312_005_01.h5,geojsons/waismeltregions_filchner.geojson,AIS_2021-22_waismeltregions_filchner
ATL03_20211123120353_09471311_005_01.h5,geojsons/waismeltregions_filchner.geojson,AIS_2021-22_waismeltregions_filchner
ATL03_20211123120936_09471312_005_01.h5,geojsons/waismeltregions_filchner.geojson,AIS_2021-22_waismeltregions_filchner
ATL03_20211123225614_09541310_005_01.h5,geojsons/waismeltregions_filchner.geojson,AIS_2021-22_waismeltregions_filchner
ATL03_20211123230355_09541311_005_01.h5,geojsons/waismeltregions_filchner.geojson,AIS_2021-22_waismeltregions_filchner
ATL03_20211124113815_09621311_005_01.h5,geojsons/waismeltregions_filchner.geojson,AIS_2021-22_waismeltregions_filchner
ATL03_20211124114358_09621312_005_01.h5,geojsons/waismeltregions_filchner.geojson,AIS_2021-22_waismeltregions_filchner
ATL03_20211124223036_09691310_005_01.h5,geojsons/waismeltregions_filchner.geojson,AIS_2021-22_waismeltregions_filchner
ATL03_20211124223816_09691311_005_01.h5,geojsons/waismeltregions_filchner.geojson,AIS_2021-22_waismeltregions_filchner
ATL03_20211125124653_09781311_005_01.h5,geojsons/waismeltregions_filchner.geojson,AIS_2021-22_waismeltregions_filchner
ATL03_20211125125236_09781312_005_01.h5,geojsons/waismeltregions_filchner.geojson,AIS_2021-22_waismeltregions_filchner
ATL03_20211125220457_09841310_005_01.h5,geojsons/waismeltregions_filchner.geojson,AIS_2021-22_waismeltregions_filchner
ATL03_20211125221238_09841311_005_01.h5,geojsons/waismeltregions_filchner.geojson,AIS_2021-22_waismeltregions_filchner
ATL03_20211126122111_09931311_005_01.h5,geojsons/waismeltregions_filchner.geojson,AIS_2021-22_waismeltregions_filchner
ATL03_20211126122654_09931312_005_01.h5,geojsons/waismeltregions_filchner.geojson,AIS_2021-22_waismeltregions_filchner
ATL03_20211127115532_10081311_005_01.h5,geojsons/waismeltregions_filchner.geojson,AIS_2021-22_waismeltregions_filchner
ATL03_20211127120115_10081312_005_01.h5,geojsons/waismeltregions_filchner.geojson,AIS_2021-22_waismeltregions_filchner
ATL03_20211127224753_10151310_005_01.h5,geojsons/waismeltregions_filchner.geojson,AIS_2021-22_waismeltregions_filchner
ATL03_20211127225534_10151311_005_01.h5,geojsons/waismeltregions_filchner.geojson,AIS_2021-22_waismeltregions_filchner
ATL03_20211128112953_10231311_005_01.h5,geojsons/waismeltregions_filchner.geojson,AIS_2021-22_waismeltregions_filchner
ATL03_20211128113536_10231312_005_01.h5,geojsons/waismeltregions_filchner.geojson,AIS_2021-22_waismeltregions_filchner
ATL03_20211128222214_10301310_005_01.h5,geojsons/waismeltregions_filchner.geojson,AIS_2021-22_waismeltregions_filchner
ATL03_20211128222955_10301311_005_01.h5,geojsons/waismeltregions_filchner.geojson,AIS_2021-22_waismeltregions_filchner
ATL03_20211129123831_10391311_005_01.h5,geojsons/waismeltregions_filchner.geojson,AIS_2021-22_waismeltregions_filchner
ATL03_20211129124414_10391312_005_01.h5,geojsons/waismeltregions_filchner.geojson,AIS_2021-22_waismeltregions_filchner
ATL03_20211129215635_10451310_005_01.h5,geojsons/waismeltregions_filchner.geojson,AIS_2021-22_waismeltregions_filchner
ATL03_20211129220416_10451311_005_01.h5,geojsons/waismeltregions_filchner.geojson,AIS_2021-22_waismeltregions_filchner
ATL03_20211130121251_10541311_005_01.h5,geojsons/waismeltregions_filchner.geojson,AIS_2021-22_waismeltregions_filchner
ATL03_20211130121834_10541312_005_01.h5,geojsons/waismeltregions_filchner.geojson,AIS_2021-22_waismeltregions_filchner
ATL03_20211201114712_10691311_005_01.h5,geojsons/waismeltregions_filchner.geojson,AIS_2021-22_waismeltregions_filchner
ATL03_20211201115255_10691312_005_01.h5,geojsons/waismeltregions_filchner.geojson,AIS_2021-22_waismeltregions_filchner
ATL03_20211201223933_10761310_005_01.h5,geojsons/waismeltregions_filchner.geojson,AIS_2021-22_waismeltregions_filchner
ATL03_20211201224714_10761311_005_01.h5,geojsons/waismeltregions_filchner.geojson,AIS_2021-22_waismeltregions_filchner
ATL03_20211202112133_10841311_005_01.h5,geojsons/waismeltregions_filchner.geojson,AIS_2021-22_waismeltregions_filchner
ATL03_20211202112716_10841312_005_01.h5,geojsons/waismeltregions_filchner.geojson,AIS_2021-22_waismeltregions_filchner
ATL03_20211202221354_10911310_005_01.h5,geojsons/waismeltregions_filchner.geojson,AIS_2021-22_waismeltregions_filchner
ATL03_20211202222135_10911311_005_01.h5,geojsons/waismeltregions_filchner.geojson,AIS_2021-22_waismeltregions_filchner
ATL03_20211203123011_11001311_005_01.h5,geojsons/waismeltregions_filchner.geojson,AIS_2021-22_waismeltregions_filchner
ATL03_20211203123554_11001312_005_01.h5,geojsons/waismeltregions_filchner.geojson,AIS_2021-22_waismeltregions_filchner
ATL03_20211203215555_11061311_005_01.h5,geojsons/waismeltregions_filchner.geojson,AIS_2021-22_waismeltregions_filchner
ATL03_20211204120431_11151311_005_01.h5,geojsons/waismeltregions_filchner.geojson,AIS_2021-22_waismeltregions_filchner
ATL03_20211204121014_11151312_005_01.h5,geojsons/waismeltregions_filchner.geojson,AIS_2021-22_waismeltregions_filchner
ATL03_20211205113853_11301311_005_01.h5,geojsons/waismeltregions_filchner.geojson,AIS_2021-22_waismeltregions_filchner
ATL03_20211205114437_11301312_005_01.h5,geojsons/waismeltregions_filchner.geojson,AIS_2021-22_waismeltregions_filchner
ATL03_20211205223115_11371310_005_01.h5,geojsons/waismeltregions_filchner.geojson,AIS_2021-22_waismeltregions_filchner
ATL03_20211205223855_11371311_005_01.h5,geojsons/waismeltregions_filchner.geojson,AIS_2021-22_waismeltregions_filchner
ATL03_20211206111314_11451311_005_01.h5,geojsons/waismeltregions_filchner.geojson,AIS_2021-22_waismeltregions_filchner
ATL03_20211206111858_11451312_005_01.h5,geojsons/waismeltregions_filchner.geojson,AIS_2021-22_waismeltregions_filchner
ATL03_20211206220535_11521310_005_01.h5,geojsons/waismeltregions_filchner.geojson,AIS_2021-22_waismeltregions_filchner
ATL03_20211206221316_11521311_005_01.h5,geojsons/waismeltregions_filchner.geojson,AIS_2021-22_waismeltregions_filchner
ATL03_20211207122153_11611311_005_01.h5,geojsons/waismeltregions_filchner.geojson,AIS_2021-22_waismeltregions_filchner
ATL03_20211207122736_11611312_005_01.h5,geojsons/waismeltregions_filchner.geojson,AIS_2021-22_waismeltregions_filchner
ATL03_20211207213957_11671310_005_01.h5,geojsons/waismeltregions_filchner.geojson,AIS_2021-22_waismeltregions_filchner
ATL03_20211207214737_11671311_005_01.h5,geojsons/waismeltregions_filchner.geojson,AIS_2021-22_waismeltregions_filchner
ATL03_20211208115614_11761311_005_01.h5,geojsons/waismeltregions_filchner.geojson,AIS_2021-22_waismeltregions_filchner
ATL03_20211208120157_11761312_005_01.h5,geojsons/waismeltregions_filchner.geojson,AIS_2021-22_waismeltregions_filchner
ATL03_20211208211418_11821310_005_01.h5,geojsons/waismeltregions_filchner.geojson,AIS_2021-22_waismeltregions_filchner
ATL03_20211208212159_11821311_005_01.h5,geojsons/waismeltregions_filchner.geojson,AIS_2021-22_waismeltregions_filchner
ATL03_20211209113036_11911311_005_01.h5,geojsons/waismeltregions_filchner.geojson,AIS_2021-22_waismeltregions_filchner
ATL03_20211209113619_11911312_005_01.h5,geojsons/waismeltregions_filchner.geojson,AIS_2021-22_waismeltregions_filchner
ATL03_20211210110455_12061311_005_01.h5,geojsons/waismeltregions_filchner.geojson,AIS_2021-22_waismeltregions_filchner
ATL03_20211210111038_12061312_005_01.h5,geojsons/waismeltregions_filchner.geojson,AIS_2021-22_waismeltregions_filchner
ATL03_20211210215716_12131310_005_01.h5,geojsons/waismeltregions_filchner.geojson,AIS_2021-22_waismeltregions_filchner
ATL03_20211210220457_12131311_005_01.h5,geojsons/waismeltregions_filchner.geojson,AIS_2021-22_waismeltregions_filchner
ATL03_20211211121333_12221311_005_01.h5,geojsons/waismeltregions_filchner.geojson,AIS_2021-22_waismeltregions_filchner
ATL03_20211211121916_12221312_005_01.h5,geojsons/waismeltregions_filchner.geojson,AIS_2021-22_waismeltregions_filchner
ATL03_20211211213137_12281310_005_01.h5,geojsons/waismeltregions_filchner.geojson,AIS_2021-22_waismeltregions_filchner
ATL03_20211211213917_12281311_005_01.h5,geojsons/waismeltregions_filchner.geojson,AIS_2021-22_waismeltregions_filchner
ATL03_20211212114755_12371311_005_01.h5,geojsons/waismeltregions_filchner.geojson,AIS_2021-22_waismeltregions_filchner
ATL03_20211212115338_12371312_005_01.h5,geojsons/waismeltregions_filchner.geojson,AIS_2021-22_waismeltregions_filchner
ATL03_20211212210558_12431310_005_01.h5,geojsons/waismeltregions_filchner.geojson,AIS_2021-22_waismeltregions_filchner
ATL03_20211212211339_12431311_005_01.h5,geojsons/waismeltregions_filchner.geojson,AIS_2021-22_waismeltregions_filchner
ATL03_20211213112215_12521311_005_01.h5,geojsons/waismeltregions_filchner.geojson,AIS_2021-22_waismeltregions_filchner
ATL03_20211213112758_12521312_005_01.h5,geojsons/waismeltregions_filchner.geojson,AIS_2021-22_waismeltregions_filchner
ATL03_20211214105636_12671311_005_01.h5,geojsons/waismeltregions_filchner.geojson,AIS_2021-22_waismeltregions_filchner
ATL03_20211214110219_12671312_005_01.h5,geojsons/waismeltregions_filchner.geojson,AIS_2021-22_waismeltregions_filchner
ATL03_20211214214857_12741310_005_01.h5,geojsons/waismeltregions_filchner.geojson,AIS_2021-22_waismeltregions_filchner
ATL03_20211214215638_12741311_005_01.h5,geojsons/waismeltregions_filchner.geojson,AIS_2021-22_waismeltregions_filchner
ATL03_20211215103057_12821311_005_01.h5,geojsons/waismeltregions_filchner.geojson,AIS_2021-22_waismeltregions_filchner
ATL03_20211215103640_12821312_005_01.h5,geojsons/waismeltregions_filchner.geojson,AIS_2021-22_waismeltregions_filchner
ATL03_20211215120514_12831311_005_01.h5,geojsons/waismeltregions_filchner.geojson,AIS_2021-22_waismeltregions_filchner
ATL03_20211215121057_12831312_005_01.h5,geojsons/waismeltregions_filchner.geojson,AIS_2021-22_waismeltregions_filchner
ATL03_20211215212318_12891310_005_01.h5,geojsons/waismeltregions_filchner.geojson,AIS_2021-22_waismeltregions_filchner
ATL03_20211215213059_12891311_005_01.h5,geojsons/waismeltregions_filchner.geojson,AIS_2021-22_waismeltregions_filchner
ATL03_20211216113935_12981311_005_01.h5,geojsons/waismeltregions_filchner.geojson,AIS_2021-22_waismeltregions_filchner
ATL03_20211216114518_12981312_005_01.h5,geojsons/waismeltregions_filchner.geojson,AIS_2021-22_waismeltregions_filchner
ATL03_20211216210519_13041311_005_01.h5,geojsons/waismeltregions_filchner.geojson,AIS_2021-22_waismeltregions_filchner
ATL03_20211217111356_13131311_005_01.h5,geojsons/waismeltregions_filchner.geojson,AIS_2021-22_waismeltregions_filchner
ATL03_20211217111939_13131312_005_01.h5,geojsons/waismeltregions_filchner.geojson,AIS_2021-22_waismeltregions_filchner
ATL03_20211218104816_13281311_005_01.h5,geojsons/waismeltregions_filchner.geojson,AIS_2021-22_waismeltregions_filchner
ATL03_20211218105359_13281312_005_01.h5,geojsons/waismeltregions_filchner.geojson,AIS_2021-22_waismeltregions_filchner
ATL03_20211218214037_13351310_005_01.h5,geojsons/waismeltregions_filchner.geojson,AIS_2021-22_waismeltregions_filchner
ATL03_20211218214818_13351311_005_01.h5,geojsons/waismeltregions_filchner.geojson,AIS_2021-22_waismeltregions_filchner
ATL03_20211219102236_13431311_005_01.h5,geojsons/waismeltregions_filchner.geojson,AIS_2021-22_waismeltregions_filchner
ATL03_20211219102820_13431312_005_01.h5,geojsons/waismeltregions_filchner.geojson,AIS_2021-22_waismeltregions_filchner
ATL03_20211219115654_13441311_005_01.h5,geojsons/waismeltregions_filchner.geojson,AIS_2021-22_waismeltregions_filchner
ATL03_20211219120237_13441312_005_01.h5,geojsons/waismeltregions_filchner.geojson,AIS_2021-22_waismeltregions_filchner
ATL03_20211219211457_13501310_005_01.h5,geojsons/waismeltregions_filchner.geojson,AIS_2021-22_waismeltregions_filchner
ATL03_20211219212238_13501311_005_01.h5,geojsons/waismeltregions_filchner.geojson,AIS_2021-22_waismeltregions_filchner
ATL03_20211220113114_13591311_005_01.h5,geojsons/waismeltregions_filchner.geojson,AIS_2021-22_waismeltregions_filchner
ATL03_20211220113657_13591312_005_01.h5,geojsons/waismeltregions_filchner.geojson,AIS_2021-22_waismeltregions_filchner
ATL03_20211220204917_13651310_005_01.h5,geojsons/waismeltregions_filchner.geojson,AIS_2021-22_waismeltregions_filchner
ATL03_20211220205658_13651311_005_01.h5,geojsons/waismeltregions_filchner.geojson,AIS_2021-22_waismeltregions_filchner
ATL03_20211221110534_13741311_005_01.h5,geojsons/waismeltregions_filchner.geojson,AIS_2021-22_waismeltregions_filchner
ATL03_20211221111117_13741312_005_01.h5,geojsons/waismeltregions_filchner.geojson,AIS_2021-22_waismeltregions_filchner
ATL03_20211222103955_00021411_005_01.h5,geojsons/waismeltregions_filchner.geojson,AIS_2021-22_waismeltregions_filchner
ATL03_20211222104538_00021412_005_01.h5,geojsons/waismeltregions_filchner.geojson,AIS_2021-22_waismeltregions_filchner
ATL03_20211222213216_00091410_005_01.h5,geojsons/waismeltregions_filchner.geojson,AIS_2021-22_waismeltregions_filchner
ATL03_20211222213957_00091411_005_01.h5,geojsons/waismeltregions_filchner.geojson,AIS_2021-22_waismeltregions_filchner
ATL03_20211223101415_00171411_005_01.h5,geojsons/waismeltregions_filchner.geojson,AIS_2021-22_waismeltregions_filchner
ATL03_20211223101958_00171412_005_01.h5,geojsons/waismeltregions_filchner.geojson,AIS_2021-22_waismeltregions_filchner
ATL03_20211223114833_00181411_005_01.h5,geojsons/waismeltregions_filchner.geojson,AIS_2021-22_waismeltregions_filchner
ATL03_20211223115416_00181412_005_01.h5,geojsons/waismeltregions_filchner.geojson,AIS_2021-22_waismeltregions_filchner
ATL03_20211223210636_00241410_005_01.h5,geojsons/waismeltregions_filchner.geojson,AIS_2021-22_waismeltregions_filchner
ATL03_20211223211417_00241411_005_01.h5,geojsons/waismeltregions_filchner.geojson,AIS_2021-22_waismeltregions_filchner
ATL03_20211224112253_00331411_005_01.h5,geojsons/waismeltregions_filchner.geojson,AIS_2021-22_waismeltregions_filchner
ATL03_20211224112836_00331412_005_01.h5,geojsons/waismeltregions_filchner.geojson,AIS_2021-22_waismeltregions_filchner
ATL03_20211224204057_00391410_005_01.h5,geojsons/waismeltregions_filchner.geojson,AIS_2021-22_waismeltregions_filchner
ATL03_20211224204838_00391411_005_01.h5,geojsons/waismeltregions_filchner.geojson,AIS_2021-22_waismeltregions_filchner
ATL03_20211225105714_00481411_005_01.h5,geojsons/waismeltregions_filchner.geojson,AIS_2021-22_waismeltregions_filchner
ATL03_20211225110258_00481412_005_01.h5,geojsons/waismeltregions_filchner.geojson,AIS_2021-22_waismeltregions_filchner
ATL03_20211226103135_00631411_005_01.h5,geojsons/waismeltregions_filchner.geojson,AIS_2021-22_waismeltregions_filchner
ATL03_20211226103718_00631412_005_01.h5,geojsons/waismeltregions_filchner.geojson,AIS_2021-22_waismeltregions_filchner
ATL03_20211226212356_00701410_005_01.h5,geojsons/waismeltregions_filchner.geojson,AIS_2021-22_waismeltregions_filchner
ATL03_20211226213137_00701411_005_01.h5,geojsons/waismeltregions_filchner.geojson,AIS_2021-22_waismeltregions_filchner
ATL03_20211227100556_00781411_005_01.h5,geojsons/waismeltregions_filchner.geojson,AIS_2021-22_waismeltregions_filchner
ATL03_20211227101139_00781412_005_01.h5,geojsons/waismeltregions_filchner.geojson,AIS_2021-22_waismeltregions_filchner
ATL03_20211227205817_00851410_005_01.h5,geojsons/waismeltregions_filchner.geojson,AIS_2021-22_waismeltregions_filchner
ATL03_20211227210557_00851411_005_01.h5,geojsons/waismeltregions_filchner.geojson,AIS_2021-22_waismeltregions_filchner
ATL03_20211228111433_00941411_005_01.h5,geojsons/waismeltregions_filchner.geojson,AIS_2021-22_waismeltregions_filchner
ATL03_20211228112017_00941412_005_01.h5,geojsons/waismeltregions_filchner.geojson,AIS_2021-22_waismeltregions_filchner
ATL03_20211228203237_01001410_005_01.h5,geojsons/waismeltregions_filchner.geojson,AIS_2021-22_waismeltregions_filchner
ATL03_20211228204018_01001411_005_01.h5,geojsons/waismeltregions_filchner.geojson,AIS_2021-22_waismeltregions_filchner
ATL03_20211229104854_01091411_005_01.h5,geojsons/waismeltregions_filchner.geojson,AIS_2021-22_waismeltregions_filchner
ATL03_20211229105437_01091412_005_01.h5,geojsons/waismeltregions_filchner.geojson,AIS_2021-22_waismeltregions_filchner
ATL03_20211230102314_01241411_005_01.h5,geojsons/waismeltregions_filchner.geojson,AIS_2021-22_waismeltregions_filchner
ATL03_20211230102857_01241412_005_01.h5,geojsons/waismeltregions_filchner.geojson,AIS_2021-22_waismeltregions_filchner
ATL03_20211230211535_01311410_005_01.h5,geojsons/waismeltregions_filchner.geojson,AIS_2021-22_waismeltregions_filchner
ATL03_20211230212316_01311411_005_01.h5,geojsons/waismeltregions_filchner.geojson,AIS_2021-22_waismeltregions_filchner
ATL03_20211231095735_01391411_005_01.h5,geojsons/waismeltregions_filchner.geojson,AIS_2021-22_waismeltregions_filchner
ATL03_20211231100319_01391412_005_01.h5,geojsons/waismeltregions_filchner.geojson,AIS_2021-22_waismeltregions_filchner
ATL03_20211231204957_01461410_005_01.h5,geojsons/waismeltregions_filchner.geojson,AIS_2021-22_waismeltregions_filchner
ATL03_20211231205737_01461411_005_01.h5,geojsons/waismeltregions_filchner.geojson,AIS_2021-22_waismeltregions_filchner
ATL03_20220101110614_01551411_005_01.h5,geojsons/waismeltregions_filchner.geojson,AIS_2021-22_waismeltregions_filchner
ATL03_20220101111157_01551412_005_01.h5,geojsons/waismeltregions_filchner.geojson,AIS_2021-22_waismeltregions_filchner
ATL03_20220101202417_01611410_005_01.h5,geojsons/waismeltregions_filchner.geojson,AIS_2021-22_waismeltregions_filchner
ATL03_20220101203158_01611411_005_01.h5,geojsons/waismeltregions_filchner.geojson,AIS_2021-22_waismeltregions_filchner
ATL03_20220102104035_01701411_005_01.h5,geojsons/waismeltregions_filchner.geojson,AIS_2021-22_waismeltregions_filchner
ATL03_20220102104618_01701412_005_01.h5,geojsons/waismeltregions_filchner.geojson,AIS_2021-22_waismeltregions_filchner
ATL03_20220103101456_01851411_005_01.h5,geojsons/waismeltregions_filchner.geojson,AIS_2021-22_waismeltregions_filchner
ATL03_20220103102039_01851412_005_01.h5,geojsons/waismeltregions_filchner.geojson,AIS_2021-22_waismeltregions_filchner
ATL03_20220103210716_01921410_005_01.h5,geojsons/waismeltregions_filchner.geojson,AIS_2021-22_waismeltregions_filchner
ATL03_20220103211457_01921411_005_01.h5,geojsons/waismeltregions_filchner.geojson,AIS_2021-22_waismeltregions_filchner
ATL03_20220104094916_02001411_005_01.h5,geojsons/waismeltregions_filchner.geojson,AIS_2021-22_waismeltregions_filchner
ATL03_20220104095500_02001412_005_01.h5,geojsons/waismeltregions_filchner.geojson,AIS_2021-22_waismeltregions_filchner
ATL03_20220104204137_02071410_005_01.h5,geojsons/waismeltregions_filchner.geojson,AIS_2021-22_waismeltregions_filchner
ATL03_20220104204918_02071411_005_01.h5,geojsons/waismeltregions_filchner.geojson,AIS_2021-22_waismeltregions_filchner
ATL03_20220105105752_02161411_005_01.h5,geojsons/waismeltregions_filchner.geojson,AIS_2021-22_waismeltregions_filchner
ATL03_20220105110336_02161412_005_01.h5,geojsons/waismeltregions_filchner.geojson,AIS_2021-22_waismeltregions_filchner
ATL03_20220105201556_02221410_005_01.h5,geojsons/waismeltregions_filchner.geojson,AIS_2021-22_waismeltregions_filchner
ATL03_20220105202336_02221411_005_01.h5,geojsons/waismeltregions_filchner.geojson,AIS_2021-22_waismeltregions_filchner
ATL03_20220106103215_02311411_005_01.h5,geojsons/waismeltregions_filchner.geojson,AIS_2021-22_waismeltregions_filchner
ATL03_20220106103758_02311412_005_01.h5,geojsons/waismeltregions_filchner.geojson,AIS_2021-22_waismeltregions_filchner
ATL03_20220106195019_02371410_005_01.h5,geojsons/waismeltregions_filchner.geojson,AIS_2021-22_waismeltregions_filchner
ATL03_20220106195800_02371411_005_01.h5,geojsons/waismeltregions_filchner.geojson,AIS_2021-22_waismeltregions_filchner
ATL03_20220107100636_02461411_005_01.h5,geojsons/waismeltregions_filchner.geojson,AIS_2021-22_waismeltregions_filchner
ATL03_20220107101219_02461412_005_01.h5,geojsons/waismeltregions_filchner.geojson,AIS_2021-22_waismeltregions_filchner
ATL03_20220107205857_02531410_005_01.h5,geojsons/waismeltregions_filchner.geojson,AIS_2021-22_waismeltregions_filchner
ATL03_20220107210638_02531411_005_01.h5,geojsons/waismeltregions_filchner.geojson,AIS_2021-22_waismeltregions_filchner
ATL03_20220108094057_02611411_005_01.h5,geojsons/waismeltregions_filchner.geojson,AIS_2021-22_waismeltregions_filchner
ATL03_20220108094640_02611412_005_01.h5,geojsons/waismeltregions_filchner.geojson,AIS_2021-22_waismeltregions_filchner
ATL03_20220108203318_02681410_005_01.h5,geojsons/waismeltregions_filchner.geojson,AIS_2021-22_waismeltregions_filchner
ATL03_20220108204059_02681411_005_01.h5,geojsons/waismeltregions_filchner.geojson,AIS_2021-22_waismeltregions_filchner
ATL03_20220109104935_02771411_005_01.h5,geojsons/waismeltregions_filchner.geojson,AIS_2021-22_waismeltregions_filchner
ATL03_20220109105519_02771412_005_01.h5,geojsons/waismeltregions_filchner.geojson,AIS_2021-22_waismeltregions_filchner
ATL03_20220109200739_02831410_005_01.h5,geojsons/waismeltregions_filchner.geojson,AIS_2021-22_waismeltregions_filchner
ATL03_20220109201520_02831411_005_01.h5,geojsons/waismeltregions_filchner.geojson,AIS_2021-22_waismeltregions_filchner
ATL03_20220110102356_02921411_005_01.h5,geojsons/waismeltregions_filchner.geojson,AIS_2021-22_waismeltregions_filchner
ATL03_20220110102940_02921412_005_01.h5,geojsons/waismeltregions_filchner.geojson,AIS_2021-22_waismeltregions_filchner
ATL03_20220110194200_02981410_005_01.h5,geojsons/waismeltregions_filchner.geojson,AIS_2021-22_waismeltregions_filchner
ATL03_20220110194941_02981411_005_01.h5,geojsons/waismeltregions_filchner.geojson,AIS_2021-22_waismeltregions_filchner
ATL03_20220111095817_03071411_005_01.h5,geojsons/waismeltregions_filchner.geojson,AIS_2021-22_waismeltregions_filchner
ATL03_20220111100400_03071412_005_01.h5,geojsons/waismeltregions_filchner.geojson,AIS_2021-22_waismeltregions_filchner
ATL03_20220112093238_03221411_005_01.h5,geojsons/waismeltregions_filchner.geojson,AIS_2021-22_waismeltregions_filchner
ATL03_20220112093821_03221412_005_01.h5,geojsons/waismeltregions_filchner.geojson,AIS_2021-22_waismeltregions_filchner
ATL03_20220112202459_03291410_005_01.h5,geojsons/waismeltregions_filchner.geojson,AIS_2021-22_waismeltregions_filchner
ATL03_20220112203239_03291411_005_01.h5,geojsons/waismeltregions_filchner.geojson,AIS_2021-22_waismeltregions_filchner
ATL03_20220113090658_03371411_005_01.h5,geojsons/waismeltregions_filchner.geojson,AIS_2021-22_waismeltregions_filchner
ATL03_20220113091241_03371412_005_01.h5,geojsons/waismeltregions_filchner.geojson,AIS_2021-22_waismeltregions_filchner
ATL03_20220113104116_03381411_005_01.h5,geojsons/waismeltregions_filchner.geojson,AIS_2021-22_waismeltregions_filchner
ATL03_20220113104659_03381412_005_01.h5,geojsons/waismeltregions_filchner.geojson,AIS_2021-22_waismeltregions_filchner
ATL03_20220113195919_03441410_005_01.h5,geojsons/waismeltregions_filchner.geojson,AIS_2021-22_waismeltregions_filchner
ATL03_20220113200700_03441411_005_01.h5,geojsons/waismeltregions_filchner.geojson,AIS_2021-22_waismeltregions_filchner
ATL03_20220114101537_03531411_005_01.h5,geojsons/waismeltregions_filchner.geojson,AIS_2021-22_waismeltregions_filchner
ATL03_20220114102120_03531412_005_01.h5,geojsons/waismeltregions_filchner.geojson,AIS_2021-22_waismeltregions_filchner
ATL03_20220114193341_03591410_005_01.h5,geojsons/waismeltregions_filchner.geojson,AIS_2021-22_waismeltregions_filchner
ATL03_20220114194122_03591411_005_01.h5,geojsons/waismeltregions_filchner.geojson,AIS_2021-22_waismeltregions_filchner
ATL03_20220115094958_03681411_005_01.h5,geojsons/waismeltregions_filchner.geojson,AIS_2021-22_waismeltregions_filchner
ATL03_20220115095541_03681412_005_01.h5,geojsons/waismeltregions_filchner.geojson,AIS_2021-22_waismeltregions_filchner
ATL03_20220116092419_03831411_005_01.h5,geojsons/waismeltregions_filchner.geojson,AIS_2021-22_waismeltregions_filchner
ATL03_20220116093002_03831412_005_01.h5,geojsons/waismeltregions_filchner.geojson,AIS_2021-22_waismeltregions_filchner
ATL03_20220116201640_03901410_005_01.h5,geojsons/waismeltregions_filchner.geojson,AIS_2021-22_waismeltregions_filchner
ATL03_20220116202421_03901411_005_01.h5,geojsons/waismeltregions_filchner.geojson,AIS_2021-22_waismeltregions_filchner
ATL03_20220117085840_03981411_005_01.h5,geojsons/waismeltregions_filchner.geojson,AIS_2021-22_waismeltregions_filchner
ATL03_20220117090423_03981412_005_01.h5,geojsons/waismeltregions_filchner.geojson,AIS_2021-22_waismeltregions_filchner
ATL03_20220117103257_03991411_005_01.h5,geojsons/waismeltregions_filchner.geojson,AIS_2021-22_waismeltregions_filchner
ATL03_20220117103840_03991412_005_01.h5,geojsons/waismeltregions_filchner.geojson,AIS_2021-22_waismeltregions_filchner
ATL03_20220117195101_04051410_005_01.h5,geojsons/waismeltregions_filchner.geojson,AIS_2021-22_waismeltregions_filchner
ATL03_20220117195842_04051411_005_01.h5,geojsons/waismeltregions_filchner.geojson,AIS_2021-22_waismeltregions_filchner
ATL03_20220118100718_04141411_005_01.h5,geojsons/waismeltregions_filchner.geojson,AIS_2021-22_waismeltregions_filchner
ATL03_20220118101301_04141412_005_01.h5,geojsons/waismeltregions_filchner.geojson,AIS_2021-22_waismeltregions_filchner
ATL03_20220118192521_04201410_005_01.h5,geojsons/waismeltregions_filchner.geojson,AIS_2021-22_waismeltregions_filchner
ATL03_20220118193302_04201411_005_01.h5,geojsons/waismeltregions_filchner.geojson,AIS_2021-22_waismeltregions_filchner
ATL03_20220119094138_04291411_005_01.h5,geojsons/waismeltregions_filchner.geojson,AIS_2021-22_waismeltregions_filchner
ATL03_20220119094721_04291412_005_01.h5,geojsons/waismeltregions_filchner.geojson,AIS_2021-22_waismeltregions_filchner
ATL03_20220120091558_04441411_005_01.h5,geojsons/waismeltregions_filchner.geojson,AIS_2021-22_waismeltregions_filchner
ATL03_20220120092142_04441412_005_01.h5,geojsons/waismeltregions_filchner.geojson,AIS_2021-22_waismeltregions_filchner
ATL03_20220120200819_04511410_005_01.h5,geojsons/waismeltregions_filchner.geojson,AIS_2021-22_waismeltregions_filchner
ATL03_20220120201600_04511411_005_01.h5,geojsons/waismeltregions_filchner.geojson,AIS_2021-22_waismeltregions_filchner
ATL03_20220121085019_04591411_005_01.h5,geojsons/waismeltregions_filchner.geojson,AIS_2021-22_waismeltregions_filchner
ATL03_20220121085602_04591412_005_01.h5,geojsons/waismeltregions_filchner.geojson,AIS_2021-22_waismeltregions_filchner
ATL03_20220121102436_04601411_005_01.h5,geojsons/waismeltregions_filchner.geojson,AIS_2021-22_waismeltregions_filchner
ATL03_20220121103019_04601412_005_01.h5,geojsons/waismeltregions_filchner.geojson,AIS_2021-22_waismeltregions_filchner
ATL03_20220121194240_04661410_005_01.h5,geojsons/waismeltregions_filchner.geojson,AIS_2021-22_waismeltregions_filchner
ATL03_20220121195021_04661411_005_01.h5,geojsons/waismeltregions_filchner.geojson,AIS_2021-22_waismeltregions_filchner
ATL03_20220122095857_04751411_005_01.h5,geojsons/waismeltregions_filchner.geojson,AIS_2021-22_waismeltregions_filchner
ATL03_20220122100440_04751412_005_01.h5,geojsons/waismeltregions_filchner.geojson,AIS_2021-22_waismeltregions_filchner
ATL03_20220122191701_04811410_005_01.h5,geojsons/waismeltregions_filchner.geojson,AIS_2021-22_waismeltregions_filchner
ATL03_20220122192442_04811411_005_01.h5,geojsons/waismeltregions_filchner.geojson,AIS_2021-22_waismeltregions_filchner
ATL03_20220123093318_04901411_005_01.h5,geojsons/waismeltregions_filchner.geojson,AIS_2021-22_waismeltregions_filchner
ATL03_20220123093901_04901412_005_01.h5,geojsons/waismeltregions_filchner.geojson,AIS_2021-22_waismeltregions_filchner
ATL03_20220124090738_05051411_005_01.h5,geojsons/waismeltregions_filchner.geojson,AIS_2021-22_waismeltregions_filchner
ATL03_20220124091322_05051412_005_01.h5,geojsons/waismeltregions_filchner.geojson,AIS_2021-22_waismeltregions_filchner
ATL03_20220124195959_05121410_005_01.h5,geojsons/waismeltregions_filchner.geojson,AIS_2021-22_waismeltregions_filchner
ATL03_20220124200740_05121411_005_01.h5,geojsons/waismeltregions_filchner.geojson,AIS_2021-22_waismeltregions_filchner
ATL03_20220125084159_05201411_005_01.h5,geojsons/waismeltregions_filchner.geojson,AIS_2021-22_waismeltregions_filchner
ATL03_20220125084742_05201412_005_01.h5,geojsons/waismeltregions_filchner.geojson,AIS_2021-22_waismeltregions_filchner
ATL03_20220125193420_05271410_005_01.h5,geojsons/waismeltregions_filchner.geojson,AIS_2021-22_waismeltregions_filchner
ATL03_20220125194201_05271411_005_01.h5,geojsons/waismeltregions_filchner.geojson,AIS_2021-22_waismeltregions_filchner
ATL03_20220126095037_05361411_005_01.h5,geojsons/waismeltregions_filchner.geojson,AIS_2021-22_waismeltregions_filchner
ATL03_20220126095620_05361412_005_01.h5,geojsons/waismeltregions_filchner.geojson,AIS_2021-22_waismeltregions_filchner
ATL03_20220126190840_05421410_005_01.h5,geojsons/waismeltregions_filchner.geojson,AIS_2021-22_waismeltregions_filchner
ATL03_20220126191621_05421411_005_01.h5,geojsons/waismeltregions_filchner.geojson,AIS_2021-22_waismeltregions_filchner
ATL03_20220127092457_05511411_005_01.h5,geojsons/waismeltregions_filchner.geojson,AIS_2021-22_waismeltregions_filchner
ATL03_20220127093040_05511412_005_01.h5,geojsons/waismeltregions_filchner.geojson,AIS_2021-22_waismeltregions_filchner
ATL03_20220128085918_05661411_005_01.h5,geojsons/waismeltregions_filchner.geojson,AIS_2021-22_waismeltregions_filchner
ATL03_20220128090501_05661412_005_01.h5,geojsons/waismeltregions_filchner.geojson,AIS_2021-22_waismeltregions_filchner
ATL03_20220128195139_05731410_005_01.h5,geojsons/waismeltregions_filchner.geojson,AIS_2021-22_waismeltregions_filchner
ATL03_20220128195920_05731411_005_01.h5,geojsons/waismeltregions_filchner.geojson,AIS_2021-22_waismeltregions_filchner
ATL03_20220129083339_05811411_005_01.h5,geojsons/waismeltregions_filchner.geojson,AIS_2021-22_waismeltregions_filchner
ATL03_20220129083922_05811412_005_01.h5,geojsons/waismeltregions_filchner.geojson,AIS_2021-22_waismeltregions_filchner
ATL03_20220129192600_05881410_005_01.h5,geojsons/waismeltregions_filchner.geojson,AIS_2021-22_waismeltregions_filchner
ATL03_20220129193341_05881411_005_01.h5,geojsons/waismeltregions_filchner.geojson,AIS_2021-22_waismeltregions_filchner
ATL03_20220130094217_05971411_005_01.h5,geojsons/waismeltregions_filchner.geojson,AIS_2021-22_waismeltregions_filchner
ATL03_20220130094800_05971412_005_01.h5,geojsons/waismeltregions_filchner.geojson,AIS_2021-22_waismeltregions_filchner
ATL03_20220130190021_06031410_005_01.h5,geojsons/waismeltregions_filchner.geojson,AIS_2021-22_waismeltregions_filchner
ATL03_20220130190802_06031411_005_01.h5,geojsons/waismeltregions_filchner.geojson,AIS_2021-22_waismeltregions_filchner
ATL03_20220131091638_06121411_005_01.h5,geojsons/waismeltregions_filchner.geojson,AIS_2021-22_waismeltregions_filchner
ATL03_20220131092221_06121412_005_01.h5,geojsons/waismeltregions_filchner.geojson,AIS_2021-22_waismeltregions_filchner
ATL03_20220201085058_06271411_005_01.h5,geojsons/waismeltregions_filchner.geojson,AIS_2021-22_waismeltregions_filchner
ATL03_20220201085641_06271412_005_01.h5,geojsons/waismeltregions_filchner.geojson,AIS_2021-22_waismeltregions_filchner
ATL03_20220201194319_06341410_005_01.h5,geojsons/waismeltregions_filchner.geojson,AIS_2021-22_waismeltregions_filchner
ATL03_20220201195100_06341411_005_01.h5,geojsons/waismeltregions_filchner.geojson,AIS_2021-22_waismeltregions_filchner
ATL03_20220202082519_06421411_005_01.h5,geojsons/waismeltregions_filchner.geojson,AIS_2021-22_waismeltregions_filchner
ATL03_20220202083102_06421412_005_01.h5,geojsons/waismeltregions_filchner.geojson,AIS_2021-22_waismeltregions_filchner
ATL03_20220202191739_06491410_005_01.h5,geojsons/waismeltregions_filchner.geojson,AIS_2021-22_waismeltregions_filchner
ATL03_20220202192520_06491411_005_01.h5,geojsons/waismeltregions_filchner.geojson,AIS_2021-22_waismeltregions_filchner
ATL03_20220203093356_06581411_005_01.h5,geojsons/waismeltregions_filchner.geojson,AIS_2021-22_waismeltregions_filchner
ATL03_20220203093939_06581412_005_01.h5,geojsons/waismeltregions_filchner.geojson,AIS_2021-22_waismeltregions_filchner
ATL03_20220203185200_06641410_005_01.h5,geojsons/waismeltregions_filchner.geojson,AIS_2021-22_waismeltregions_filchner
ATL03_20220203185941_06641411_005_01.h5,geojsons/waismeltregions_filchner.geojson,AIS_2021-22_waismeltregions_filchner
ATL03_20220204090817_06731411_005_01.h5,geojsons/waismeltregions_filchner.geojson,AIS_2021-22_waismeltregions_filchner
ATL03_20220204091400_06731412_005_01.h5,geojsons/waismeltregions_filchner.geojson,AIS_2021-22_waismeltregions_filchner
ATL03_20220204182621_06791410_005_01.h5,geojsons/waismeltregions_filchner.geojson,AIS_2021-22_waismeltregions_filchner
ATL03_20220204183401_06791411_005_01.h5,geojsons/waismeltregions_filchner.geojson,AIS_2021-22_waismeltregions_filchner
ATL03_20220205084238_06881411_005_01.h5,geojsons/waismeltregions_filchner.geojson,AIS_2021-22_waismeltregions_filchner
ATL03_20220205084821_06881412_005_01.h5,geojsons/waismeltregions_filchner.geojson,AIS_2021-22_waismeltregions_filchner
ATL03_20220205193459_06951410_005_01.h5,geojsons/waismeltregions_filchner.geojson,AIS_2021-22_waismeltregions_filchner
ATL03_20220205194240_06951411_005_01.h5,geojsons/waismeltregions_filchner.geojson,AIS_2021-22_waismeltregions_filchner
ATL03_20220206081659_07031411_005_01.h5,geojsons/waismeltregions_filchner.geojson,AIS_2021-22_waismeltregions_filchner
ATL03_20220206082242_07031412_005_01.h5,geojsons/waismeltregions_filchner.geojson,AIS_2021-22_waismeltregions_filchner
ATL03_20220206190920_07101410_005_01.h5,geojsons/waismeltregions_filchner.geojson,AIS_2021-22_waismeltregions_filchner
ATL03_20220206191701_07101411_005_01.h5,geojsons/waismeltregions_filchner.geojson,AIS_2021-22_waismeltregions_filchner
ATL03_20220207092537_07191411_005_01.h5,geojsons/waismeltregions_filchner.geojson,AIS_2021-22_waismeltregions_filchner
ATL03_20220207093120_07191412_005_01.h5,geojsons/waismeltregions_filchner.geojson,AIS_2021-22_waismeltregions_filchner
ATL03_20220207184340_07251410_005_01.h5,geojsons/waismeltregions_filchner.geojson,AIS_2021-22_waismeltregions_filchner
ATL03_20220207185121_07251411_005_01.h5,geojsons/waismeltregions_filchner.geojson,AIS_2021-22_waismeltregions_filchner
ATL03_20220208085957_07341411_005_01.h5,geojsons/waismeltregions_filchner.geojson,AIS_2021-22_waismeltregions_filchner
ATL03_20220208090540_07341412_005_01.h5,geojsons/waismeltregions_filchner.geojson,AIS_2021-22_waismeltregions_filchner
ATL03_20220208181801_07401410_005_01.h5,geojsons/waismeltregions_filchner.geojson,AIS_2021-22_waismeltregions_filchner
ATL03_20220208182541_07401411_005_01.h5,geojsons/waismeltregions_filchner.geojson,AIS_2021-22_waismeltregions_filchner
ATL03_20220209083417_07491411_005_01.h5,geojsons/waismeltregions_filchner.geojson,AIS_2021-22_waismeltregions_filchner
ATL03_20220209084000_07491412_005_01.h5,geojsons/waismeltregions_filchner.geojson,AIS_2021-22_waismeltregions_filchner
ATL03_20220210080837_07641411_005_01.h5,geojsons/waismeltregions_filchner.geojson,AIS_2021-22_waismeltregions_filchner
ATL03_20220210081421_07641412_005_01.h5,geojsons/waismeltregions_filchner.geojson,AIS_2021-22_waismeltregions_filchner
ATL03_20220210190058_07711410_005_01.h5,geojsons/waismeltregions_filchner.geojson,AIS_2021-22_waismeltregions_filchner
ATL03_20220210190839_07711411_005_01.h5,geojsons/waismeltregions_filchner.geojson,AIS_2021-22_waismeltregions_filchner
ATL03_20220211091719_07801411_005_01.h5,geojsons/waismeltregions_filchner.geojson,AIS_2021-22_waismeltregions_filchner
ATL03_20220211092302_07801412_005_01.h5,geojsons/waismeltregions_filchner.geojson,AIS_2021-22_waismeltregions_filchner
ATL03_20220211183522_07861410_005_01.h5,geojsons/waismeltregions_filchner.geojson,AIS_2021-22_waismeltregions_filchner
ATL03_20220211184303_07861411_005_01.h5,geojsons/waismeltregions_filchner.geojson,AIS_2021-22_waismeltregions_filchner
ATL03_20220212085139_07951411_005_01.h5,geojsons/waismeltregions_filchner.geojson,AIS_2021-22_waismeltregions_filchner
ATL03_20220212085722_07951412_005_01.h5,geojsons/waismeltregions_filchner.geojson,AIS_2021-22_waismeltregions_filchner
ATL03_20220212180943_08011410_005_01.h5,geojsons/waismeltregions_filchner.geojson,AIS_2021-22_waismeltregions_filchner
ATL03_20220212181724_08011411_005_01.h5,geojsons/waismeltregions_filchner.geojson,AIS_2021-22_waismeltregions_filchner
ATL03_20220213082600_08101411_005_01.h5,geojsons/waismeltregions_filchner.geojson,AIS_2021-22_waismeltregions_filchner
ATL03_20220213083143_08101412_005_01.h5,geojsons/waismeltregions_filchner.geojson,AIS_2021-22_waismeltregions_filchner
ATL03_20220214080020_08251411_005_01.h5,geojsons/waismeltregions_filchner.geojson,AIS_2021-22_waismeltregions_filchner
ATL03_20220214080603_08251412_005_01.h5,geojsons/waismeltregions_filchner.geojson,AIS_2021-22_waismeltregions_filchner
ATL03_20220214185241_08321410_005_01.h5,geojsons/waismeltregions_filchner.geojson,AIS_2021-22_waismeltregions_filchner
ATL03_20220214190022_08321411_005_01.h5,geojsons/waismeltregions_filchner.geojson,AIS_2021-22_waismeltregions_filchner
ATL03_20220215073440_08401411_005_01.h5,geojsons/waismeltregions_filchner.geojson,AIS_2021-22_waismeltregions_filchner
ATL03_20220215074023_08401412_005_01.h5,geojsons/waismeltregions_filchner.geojson,AIS_2021-22_waismeltregions_filchner
ATL03_20220215090857_08411411_005_01.h5,geojsons/waismeltregions_filchner.geojson,AIS_2021-22_waismeltregions_filchner
ATL03_20220215091441_08411412_005_01.h5,geojsons/waismeltregions_filchner.geojson,AIS_2021-22_waismeltregions_filchner
ATL03_20220215182701_08471410_005_01.h5,geojsons/waismeltregions_filchner.geojson,AIS_2021-22_waismeltregions_filchner
ATL03_20220215183442_08471411_005_01.h5,geojsons/waismeltregions_filchner.geojson,AIS_2021-22_waismeltregions_filchner
ATL03_20220216084318_08561411_005_01.h5,geojsons/waismeltregions_filchner.geojson,AIS_2021-22_waismeltregions_filchner
ATL03_20220216084901_08561412_005_01.h5,geojsons/waismeltregions_filchner.geojson,AIS_2021-22_waismeltregions_filchner
ATL03_20220216180122_08621410_005_01.h5,geojsons/waismeltregions_filchner.geojson,AIS_2021-22_waismeltregions_filchner
ATL03_20220216180903_08621411_005_01.h5,geojsons/waismeltregions_filchner.geojson,AIS_2021-22_waismeltregions_filchner
ATL03_20220217081739_08711411_005_01.h5,geojsons/waismeltregions_filchner.geojson,AIS_2021-22_waismeltregions_filchner
ATL03_20220217082322_08711412_005_01.h5,geojsons/waismeltregions_filchner.geojson,AIS_2021-22_waismeltregions_filchner
ATL03_20220218075201_08861411_005_01.h5,geojsons/waismeltregions_filchner.geojson,AIS_2021-22_waismeltregions_filchner
ATL03_20220218075745_08861412_005_01.h5,geojsons/waismeltregions_filchner.geojson,AIS_2021-22_waismeltregions_filchner
ATL03_20220218184423_08931410_005_01.h5,geojsons/waismeltregions_filchner.geojson,AIS_2021-22_waismeltregions_filchner
ATL03_20220218185204_08931411_005_01.h5,geojsons/waismeltregions_filchner.geojson,AIS_2021-22_waismeltregions_filchner
ATL03_20220219072624_09011411_005_01.h5,geojsons/waismeltregions_filchner.geojson,AIS_2021-22_waismeltregions_filchner
ATL03_20220219073207_09011412_005_01.h5,geojsons/waismeltregions_filchner.geojson,AIS_2021-22_waismeltregions_filchner
ATL03_20220219090041_09021411_005_01.h5,geojsons/waismeltregions_filchner.geojson,AIS_2021-22_waismeltregions_filchner
ATL03_20220219090624_09021412_005_01.h5,geojsons/waismeltregions_filchner.geojson,AIS_2021-22_waismeltregions_filchner
ATL03_20220219181845_09081410_005_01.h5,geojsons/waismeltregions_filchner.geojson,AIS_2021-22_waismeltregions_filchner
ATL03_20220219182626_09081411_005_01.h5,geojsons/waismeltregions_filchner.geojson,AIS_2021-22_waismeltregions_filchner
ATL03_20220220083501_09171411_005_01.h5,geojsons/waismeltregions_filchner.geojson,AIS_2021-22_waismeltregions_filchner
ATL03_20220220084044_09171412_005_01.h5,geojsons/waismeltregions_filchner.geojson,AIS_2021-22_waismeltregions_filchner
ATL03_20220220175305_09231410_005_01.h5,geojsons/waismeltregions_filchner.geojson,AIS_2021-22_waismeltregions_filchner
ATL03_20220220180046_09231411_005_01.h5,geojsons/waismeltregions_filchner.geojson,AIS_2021-22_waismeltregions_filchner
ATL03_20220221080922_09321411_005_01.h5,geojsons/waismeltregions_filchner.geojson,AIS_2021-22_waismeltregions_filchner
ATL03_20220221081505_09321412_005_01.h5,geojsons/waismeltregions_filchner.geojson,AIS_2021-22_waismeltregions_filchner
ATL03_20220222074343_09471411_005_01.h5,geojsons/waismeltregions_filchner.geojson,AIS_2021-22_waismeltregions_filchner
ATL03_20220222074926_09471412_005_01.h5,geojsons/waismeltregions_filchner.geojson,AIS_2021-22_waismeltregions_filchner
ATL03_20220222183604_09541410_005_01.h5,geojsons/waismeltregions_filchner.geojson,AIS_2021-22_waismeltregions_filchner
ATL03_20220222184344_09541411_005_01.h5,geojsons/waismeltregions_filchner.geojson,AIS_2021-22_waismeltregions_filchner
ATL03_20220223071803_09621411_005_01.h5,geojsons/waismeltregions_filchner.geojson,AIS_2021-22_waismeltregions_filchner
ATL03_20220223072346_09621412_005_01.h5,geojsons/waismeltregions_filchner.geojson,AIS_2021-22_waismeltregions_filchner
ATL03_20220223181024_09691410_005_01.h5,geojsons/waismeltregions_filchner.geojson,AIS_2021-22_waismeltregions_filchner
ATL03_20220223181805_09691411_005_01.h5,geojsons/waismeltregions_filchner.geojson,AIS_2021-22_waismeltregions_filchner
ATL03_20220224082646_09781411_005_01.h5,geojsons/waismeltregions_filchner.geojson,AIS_2021-22_waismeltregions_filchner
ATL03_20220224083229_09781412_005_01.h5,geojsons/waismeltregions_filchner.geojson,AIS_2021-22_waismeltregions_filchner
ATL03_20220224174450_09841410_005_01.h5,geojsons/waismeltregions_filchner.geojson,AIS_2021-22_waismeltregions_filchner
ATL03_20220224175231_09841411_005_01.h5,geojsons/waismeltregions_filchner.geojson,AIS_2021-22_waismeltregions_filchner
ATL03_20220225080102_09931411_005_01.h5,geojsons/waismeltregions_filchner.geojson,AIS_2021-22_waismeltregions_filchner
ATL03_20220225080645_09931412_005_01.h5,geojsons/waismeltregions_filchner.geojson,AIS_2021-22_waismeltregions_filchner
ATL03_20220226073523_10081411_005_01.h5,geojsons/waismeltregions_filchner.geojson,AIS_2021-22_waismeltregions_filchner
ATL03_20220226074106_10081412_005_01.h5,geojsons/waismeltregions_filchner.geojson,AIS_2021-22_waismeltregions_filchner
ATL03_20220226182744_10151410_005_01.h5,geojsons/waismeltregions_filchner.geojson,AIS_2021-22_waismeltregions_filchner
ATL03_20220226183525_10151411_005_01.h5,geojsons/waismeltregions_filchner.geojson,AIS_2021-22_waismeltregions_filchner
ATL03_20220227070944_10231411_005_01.h5,geojsons/waismeltregions_filchner.geojson,AIS_2021-22_waismeltregions_filchner
ATL03_20220227071527_10231412_005_01.h5,geojsons/waismeltregions_filchner.geojson,AIS_2021-22_waismeltregions_filchner
ATL03_20220227180205_10301410_005_01.h5,geojsons/waismeltregions_filchner.geojson,AIS_2021-22_waismeltregions_filchner
ATL03_20220227180946_10301411_005_01.h5,geojsons/waismeltregions_filchner.geojson,AIS_2021-22_waismeltregions_filchner
ATL03_20220228081822_10391411_005_01.h5,geojsons/waismeltregions_filchner.geojson,AIS_2021-22_waismeltregions_filchner
ATL03_20220228082405_10391412_005_01.h5,geojsons/waismeltregions_filchner.geojson,AIS_2021-22_waismeltregions_filchner
ATL03_20220228173626_10451410_005_01.h5,geojsons/waismeltregions_filchner.geojson,AIS_2021-22_waismeltregions_filchner
ATL03_20220228174406_10451411_005_01.h5,geojsons/waismeltregions_filchner.geojson,AIS_2021-22_waismeltregions_filchner
ATL03_20220301075242_10541411_005_01.h5,geojsons/waismeltregions_filchner.geojson,AIS_2021-22_waismeltregions_filchner
ATL03_20220301075826_10541412_005_01.h5,geojsons/waismeltregions_filchner.geojson,AIS_2021-22_waismeltregions_filchner
ATL03_20220302072703_10691411_005_01.h5,geojsons/waismeltregions_filchner.geojson,AIS_2021-22_waismeltregions_filchner
ATL03_20220302073246_10691412_005_01.h5,geojsons/waismeltregions_filchner.geojson,AIS_2021-22_waismeltregions_filchner
ATL03_20220302181923_10761410_005_01.h5,geojsons/waismeltregions_filchner.geojson,AIS_2021-22_waismeltregions_filchner
ATL03_20220302182704_10761411_005_01.h5,geojsons/waismeltregions_filchner.geojson,AIS_2021-22_waismeltregions_filchner
ATL03_20220303070123_10841411_005_01.h5,geojsons/waismeltregions_filchner.geojson,AIS_2021-22_waismeltregions_filchner
ATL03_20220303070706_10841412_005_01.h5,geojsons/waismeltregions_filchner.geojson,AIS_2021-22_waismeltregions_filchner
ATL03_20220303175343_10911410_005_01.h5,geojsons/waismeltregions_filchner.geojson,AIS_2021-22_waismeltregions_filchner
ATL03_20220303180124_10911411_005_01.h5,geojsons/waismeltregions_filchner.geojson,AIS_2021-22_waismeltregions_filchner
ATL03_20220304081001_11001411_005_01.h5,geojsons/waismeltregions_filchner.geojson,AIS_2021-22_waismeltregions_filchner
ATL03_20220304081544_11001412_005_01.h5,geojsons/waismeltregions_filchner.geojson,AIS_2021-22_waismeltregions_filchner
ATL03_20220304172805_11061410_005_01.h5,geojsons/waismeltregions_filchner.geojson,AIS_2021-22_waismeltregions_filchner
ATL03_20220304173546_11061411_005_01.h5,geojsons/waismeltregions_filchner.geojson,AIS_2021-22_waismeltregions_filchner
ATL03_20220305074422_11151411_005_01.h5,geojsons/waismeltregions_filchner.geojson,AIS_2021-22_waismeltregions_filchner
ATL03_20220305075006_11151412_005_01.h5,geojsons/waismeltregions_filchner.geojson,AIS_2021-22_waismeltregions_filchner
ATL03_20220306071844_11301411_005_01.h5,geojsons/waismeltregions_filchner.geojson,AIS_2021-22_waismeltregions_filchner
ATL03_20220306072427_11301412_005_01.h5,geojsons/waismeltregions_filchner.geojson,AIS_2021-22_waismeltregions_filchner
ATL03_20220306181105_11371410_005_01.h5,geojsons/waismeltregions_filchner.geojson,AIS_2021-22_waismeltregions_filchner
ATL03_20220306181846_11371411_005_01.h5,geojsons/waismeltregions_filchner.geojson,AIS_2021-22_waismeltregions_filchner
ATL03_20220307065305_11451411_005_01.h5,geojsons/waismeltregions_filchner.geojson,AIS_2021-22_waismeltregions_filchner
ATL03_20220307065848_11451412_005_01.h5,geojsons/waismeltregions_filchner.geojson,AIS_2021-22_waismeltregions_filchner
ATL03_20220307174526_11521410_005_01.h5,geojsons/waismeltregions_filchner.geojson,AIS_2021-22_waismeltregions_filchner
ATL03_20220307175307_11521411_005_01.h5,geojsons/waismeltregions_filchner.geojson,AIS_2021-22_waismeltregions_filchner
ATL03_20220308080143_11611411_005_01.h5,geojsons/waismeltregions_filchner.geojson,AIS_2021-22_waismeltregions_filchner
ATL03_20220308080726_11611412_005_01.h5,geojsons/waismeltregions_filchner.geojson,AIS_2021-22_waismeltregions_filchner
ATL03_20220308171946_11671410_005_01.h5,geojsons/waismeltregions_filchner.geojson,AIS_2021-22_waismeltregions_filchner
ATL03_20220308172727_11671411_005_01.h5,geojsons/waismeltregions_filchner.geojson,AIS_2021-22_waismeltregions_filchner
ATL03_20220309073603_11761411_005_01.h5,geojsons/waismeltregions_filchner.geojson,AIS_2021-22_waismeltregions_filchner
ATL03_20220309074147_11761412_005_01.h5,geojsons/waismeltregions_filchner.geojson,AIS_2021-22_waismeltregions_filchner
ATL03_20220309165407_11821410_005_01.h5,geojsons/waismeltregions_filchner.geojson,AIS_2021-22_waismeltregions_filchner
ATL03_20220309170148_11821411_005_01.h5,geojsons/waismeltregions_filchner.geojson,AIS_2021-22_waismeltregions_filchner
ATL03_20220310071024_11911411_005_01.h5,geojsons/waismeltregions_filchner.geojson,AIS_2021-22_waismeltregions_filchner
ATL03_20220310071607_11911412_005_01.h5,geojsons/waismeltregions_filchner.geojson,AIS_2021-22_waismeltregions_filchner
ATL03_20220311064444_12061411_005_01.h5,geojsons/waismeltregions_filchner.geojson,AIS_2021-22_waismeltregions_filchner
ATL03_20220311065027_12061412_005_01.h5,geojsons/waismeltregions_filchner.geojson,AIS_2021-22_waismeltregions_filchner
ATL03_20220311173705_12131410_005_01.h5,geojsons/waismeltregions_filchner.geojson,AIS_2021-22_waismeltregions_filchner
ATL03_20220311174446_12131411_005_01.h5,geojsons/waismeltregions_filchner.geojson,AIS_2021-22_waismeltregions_filchner
ATL03_20220312075322_12221411_005_01.h5,geojsons/waismeltregions_filchner.geojson,AIS_2021-22_waismeltregions_filchner
ATL03_20220312075905_12221412_005_01.h5,geojsons/waismeltregions_filchner.geojson,AIS_2021-22_waismeltregions_filchner
ATL03_20220312171126_12281410_005_01.h5,geojsons/waismeltregions_filchner.geojson,AIS_2021-22_waismeltregions_filchner
ATL03_20220312171907_12281411_005_01.h5,geojsons/waismeltregions_filchner.geojson,AIS_2021-22_waismeltregions_filchner
ATL03_20220313072743_12371411_005_01.h5,geojsons/waismeltregions_filchner.geojson,AIS_2021-22_waismeltregions_filchner
ATL03_20220313073326_12371412_005_01.h5,geojsons/waismeltregions_filchner.geojson,AIS_2021-22_waismeltregions_filchner
ATL03_20220313164547_12431410_005_01.h5,geojsons/waismeltregions_filchner.geojson,AIS_2021-22_waismeltregions_filchner
ATL03_20220313165328_12431411_005_01.h5,geojsons/waismeltregions_filchner.geojson,AIS_2021-22_waismeltregions_filchner
ATL03_20220314070204_12521411_005_01.h5,geojsons/waismeltregions_filchner.geojson,AIS_2021-22_waismeltregions_filchner
ATL03_20220314070747_12521412_005_01.h5,geojsons/waismeltregions_filchner.geojson,AIS_2021-22_waismeltregions_filchner
