ATL03_20190501075713_05050303_006_02.h5,geojsons/simplified_GRE_2500_CE.geojson,GrIS_2019_simplified_GRE_2500_CE
ATL03_20190501204205_05130305_006_02.h5,geojsons/simplified_GRE_2500_CE.geojson,GrIS_2019_simplified_GRE_2500_CE
ATL03_20190502073133_05200303_006_02.h5,geojsons/simplified_GRE_2500_CE.geojson,GrIS_2019_simplified_GRE_2500_CE
ATL03_20190502201626_05280305_006_02.h5,geojsons/simplified_GRE_2500_CE.geojson,GrIS_2019_simplified_GRE_2500_CE
ATL03_20190503070553_05350303_006_02.h5,geojsons/simplified_GRE_2500_CE.geojson,GrIS_2019_simplified_GRE_2500_CE
ATL03_20190503195047_05430305_006_02.h5,geojsons/simplified_GRE_2500_CE.geojson,GrIS_2019_simplified_GRE_2500_CE
ATL03_20190505074853_05660303_006_02.h5,geojsons/simplified_GRE_2500_CE.geojson,GrIS_2019_simplified_GRE_2500_CE
ATL03_20190506072313_05810303_006_02.h5,geojsons/simplified_GRE_2500_CE.geojson,GrIS_2019_simplified_GRE_2500_CE
ATL03_20190506200807_05890305_006_02.h5,geojsons/simplified_GRE_2500_CE.geojson,GrIS_2019_simplified_GRE_2500_CE
ATL03_20190507065734_05960303_006_02.h5,geojsons/simplified_GRE_2500_CE.geojson,GrIS_2019_simplified_GRE_2500_CE
ATL03_20190507194227_06040305_006_02.h5,geojsons/simplified_GRE_2500_CE.geojson,GrIS_2019_simplified_GRE_2500_CE
ATL03_20190509074033_06270303_006_02.h5,geojsons/simplified_GRE_2500_CE.geojson,GrIS_2019_simplified_GRE_2500_CE
ATL03_20190510071453_06420303_006_02.h5,geojsons/simplified_GRE_2500_CE.geojson,GrIS_2019_simplified_GRE_2500_CE
ATL03_20190510195947_06500305_006_02.h5,geojsons/simplified_GRE_2500_CE.geojson,GrIS_2019_simplified_GRE_2500_CE
ATL03_20190511064914_06570303_006_02.h5,geojsons/simplified_GRE_2500_CE.geojson,GrIS_2019_simplified_GRE_2500_CE
ATL03_20190511193407_06650305_006_02.h5,geojsons/simplified_GRE_2500_CE.geojson,GrIS_2019_simplified_GRE_2500_CE
ATL03_20190513073212_06880303_006_02.h5,geojsons/simplified_GRE_2500_CE.geojson,GrIS_2019_simplified_GRE_2500_CE
ATL03_20190514070633_07030303_006_02.h5,geojsons/simplified_GRE_2500_CE.geojson,GrIS_2019_simplified_GRE_2500_CE
ATL03_20190514195126_07110305_006_02.h5,geojsons/simplified_GRE_2500_CE.geojson,GrIS_2019_simplified_GRE_2500_CE
ATL03_20190515064053_07180303_006_02.h5,geojsons/simplified_GRE_2500_CE.geojson,GrIS_2019_simplified_GRE_2500_CE
ATL03_20190515192547_07260305_006_02.h5,geojsons/simplified_GRE_2500_CE.geojson,GrIS_2019_simplified_GRE_2500_CE
ATL03_20190517072351_07490303_006_02.h5,geojsons/simplified_GRE_2500_CE.geojson,GrIS_2019_simplified_GRE_2500_CE
ATL03_20190518065811_07640303_006_02.h5,geojsons/simplified_GRE_2500_CE.geojson,GrIS_2019_simplified_GRE_2500_CE
ATL03_20190518194304_07720305_006_02.h5,geojsons/simplified_GRE_2500_CE.geojson,GrIS_2019_simplified_GRE_2500_CE
ATL03_20190519063231_07790303_006_02.h5,geojsons/simplified_GRE_2500_CE.geojson,GrIS_2019_simplified_GRE_2500_CE
ATL03_20190519191724_07870305_006_02.h5,geojsons/simplified_GRE_2500_CE.geojson,GrIS_2019_simplified_GRE_2500_CE
ATL03_20190522064950_08250303_006_02.h5,geojsons/simplified_GRE_2500_CE.geojson,GrIS_2019_simplified_GRE_2500_CE
ATL03_20190522193443_08330305_006_02.h5,geojsons/simplified_GRE_2500_CE.geojson,GrIS_2019_simplified_GRE_2500_CE
ATL03_20190523062411_08400303_006_02.h5,geojsons/simplified_GRE_2500_CE.geojson,GrIS_2019_simplified_GRE_2500_CE
ATL03_20190523190904_08480305_006_02.h5,geojsons/simplified_GRE_2500_CE.geojson,GrIS_2019_simplified_GRE_2500_CE
ATL03_20190526064130_08860303_006_02.h5,geojsons/simplified_GRE_2500_CE.geojson,GrIS_2019_simplified_GRE_2500_CE
ATL03_20190526192623_08940305_006_02.h5,geojsons/simplified_GRE_2500_CE.geojson,GrIS_2019_simplified_GRE_2500_CE
ATL03_20190527061551_09010303_006_02.h5,geojsons/simplified_GRE_2500_CE.geojson,GrIS_2019_simplified_GRE_2500_CE
ATL03_20190527190044_09090305_006_02.h5,geojsons/simplified_GRE_2500_CE.geojson,GrIS_2019_simplified_GRE_2500_CE
ATL03_20190528183505_09240305_006_02.h5,geojsons/simplified_GRE_2500_CE.geojson,GrIS_2019_simplified_GRE_2500_CE
ATL03_20190530063310_09470303_006_02.h5,geojsons/simplified_GRE_2500_CE.geojson,GrIS_2019_simplified_GRE_2500_CE
ATL03_20190530191803_09550305_006_02.h5,geojsons/simplified_GRE_2500_CE.geojson,GrIS_2019_simplified_GRE_2500_CE
ATL03_20190531060731_09620303_006_02.h5,geojsons/simplified_GRE_2500_CE.geojson,GrIS_2019_simplified_GRE_2500_CE
ATL03_20190531185224_09700305_006_02.h5,geojsons/simplified_GRE_2500_CE.geojson,GrIS_2019_simplified_GRE_2500_CE
ATL03_20190601054151_09770303_006_02.h5,geojsons/simplified_GRE_2500_CE.geojson,GrIS_2019_simplified_GRE_2500_CE
ATL03_20190601182644_09850305_006_02.h5,geojsons/simplified_GRE_2500_CE.geojson,GrIS_2019_simplified_GRE_2500_CE
ATL03_20190603062449_10080303_006_02.h5,geojsons/simplified_GRE_2500_CE.geojson,GrIS_2019_simplified_GRE_2500_CE
ATL03_20190603190942_10160305_006_02.h5,geojsons/simplified_GRE_2500_CE.geojson,GrIS_2019_simplified_GRE_2500_CE
ATL03_20190604055910_10230303_006_02.h5,geojsons/simplified_GRE_2500_CE.geojson,GrIS_2019_simplified_GRE_2500_CE
ATL03_20190604184403_10310305_006_02.h5,geojsons/simplified_GRE_2500_CE.geojson,GrIS_2019_simplified_GRE_2500_CE
ATL03_20190605053331_10380303_006_02.h5,geojsons/simplified_GRE_2500_CE.geojson,GrIS_2019_simplified_GRE_2500_CE
ATL03_20190605181824_10460305_006_02.h5,geojsons/simplified_GRE_2500_CE.geojson,GrIS_2019_simplified_GRE_2500_CE
ATL03_20190607061630_10690303_006_02.h5,geojsons/simplified_GRE_2500_CE.geojson,GrIS_2019_simplified_GRE_2500_CE
ATL03_20190608055051_10840303_006_02.h5,geojsons/simplified_GRE_2500_CE.geojson,GrIS_2019_simplified_GRE_2500_CE
ATL03_20190608183544_10920305_006_02.h5,geojsons/simplified_GRE_2500_CE.geojson,GrIS_2019_simplified_GRE_2500_CE
ATL03_20190609052512_10990303_006_02.h5,geojsons/simplified_GRE_2500_CE.geojson,GrIS_2019_simplified_GRE_2500_CE
ATL03_20190609181005_11070305_006_02.h5,geojsons/simplified_GRE_2500_CE.geojson,GrIS_2019_simplified_GRE_2500_CE
ATL03_20190611060811_11300303_006_02.h5,geojsons/simplified_GRE_2500_CE.geojson,GrIS_2019_simplified_GRE_2500_CE
ATL03_20190612054231_11450303_006_02.h5,geojsons/simplified_GRE_2500_CE.geojson,GrIS_2019_simplified_GRE_2500_CE
ATL03_20190612182724_11530305_006_02.h5,geojsons/simplified_GRE_2500_CE.geojson,GrIS_2019_simplified_GRE_2500_CE
ATL03_20190613051652_11600303_006_02.h5,geojsons/simplified_GRE_2500_CE.geojson,GrIS_2019_simplified_GRE_2500_CE
ATL03_20190613180145_11680305_006_02.h5,geojsons/simplified_GRE_2500_CE.geojson,GrIS_2019_simplified_GRE_2500_CE
ATL03_20190615055951_11910303_006_02.h5,geojsons/simplified_GRE_2500_CE.geojson,GrIS_2019_simplified_GRE_2500_CE
ATL03_20190616053411_12060303_006_02.h5,geojsons/simplified_GRE_2500_CE.geojson,GrIS_2019_simplified_GRE_2500_CE
ATL03_20190616181904_12140305_006_02.h5,geojsons/simplified_GRE_2500_CE.geojson,GrIS_2019_simplified_GRE_2500_CE
ATL03_20190617050832_12210303_006_02.h5,geojsons/simplified_GRE_2500_CE.geojson,GrIS_2019_simplified_GRE_2500_CE
ATL03_20190617175325_12290305_006_02.h5,geojsons/simplified_GRE_2500_CE.geojson,GrIS_2019_simplified_GRE_2500_CE
ATL03_20190620052551_12670303_006_02.h5,geojsons/simplified_GRE_2500_CE.geojson,GrIS_2019_simplified_GRE_2500_CE
ATL03_20190620181044_12750305_006_02.h5,geojsons/simplified_GRE_2500_CE.geojson,GrIS_2019_simplified_GRE_2500_CE
ATL03_20190621050012_12820303_006_02.h5,geojsons/simplified_GRE_2500_CE.geojson,GrIS_2019_simplified_GRE_2500_CE
ATL03_20190621174505_12900305_006_02.h5,geojsons/simplified_GRE_2500_CE.geojson,GrIS_2019_simplified_GRE_2500_CE
ATL03_20190624051731_13280303_006_02.h5,geojsons/simplified_GRE_2500_CE.geojson,GrIS_2019_simplified_GRE_2500_CE
ATL03_20190624180224_13360305_006_02.h5,geojsons/simplified_GRE_2500_CE.geojson,GrIS_2019_simplified_GRE_2500_CE
ATL03_20190625045151_13430303_006_02.h5,geojsons/simplified_GRE_2500_CE.geojson,GrIS_2019_simplified_GRE_2500_CE
ATL03_20190625173644_13510305_006_02.h5,geojsons/simplified_GRE_2500_CE.geojson,GrIS_2019_simplified_GRE_2500_CE
ATL03_20190710044400_01850403_006_02.h5,geojsons/simplified_GRE_2500_CE.geojson,GrIS_2019_simplified_GRE_2500_CE
ATL03_20190711041819_02000403_006_02.h5,geojsons/simplified_GRE_2500_CE.geojson,GrIS_2019_simplified_GRE_2500_CE
ATL03_20190711170312_02080405_006_02.h5,geojsons/simplified_GRE_2500_CE.geojson,GrIS_2019_simplified_GRE_2500_CE
ATL03_20190712035242_02150403_006_02.h5,geojsons/simplified_GRE_2500_CE.geojson,GrIS_2019_simplified_GRE_2500_CE
ATL03_20190712163736_02230405_006_02.h5,geojsons/simplified_GRE_2500_CE.geojson,GrIS_2019_simplified_GRE_2500_CE
ATL03_20190714043542_02460403_006_02.h5,geojsons/simplified_GRE_2500_CE.geojson,GrIS_2019_simplified_GRE_2500_CE
ATL03_20190715041003_02610403_006_02.h5,geojsons/simplified_GRE_2500_CE.geojson,GrIS_2019_simplified_GRE_2500_CE
ATL03_20190715165457_02690405_006_02.h5,geojsons/simplified_GRE_2500_CE.geojson,GrIS_2019_simplified_GRE_2500_CE
ATL03_20190716034424_02760403_006_02.h5,geojsons/simplified_GRE_2500_CE.geojson,GrIS_2019_simplified_GRE_2500_CE
ATL03_20190716162917_02840405_006_02.h5,geojsons/simplified_GRE_2500_CE.geojson,GrIS_2019_simplified_GRE_2500_CE
ATL03_20190718042723_03070403_006_02.h5,geojsons/simplified_GRE_2500_CE.geojson,GrIS_2019_simplified_GRE_2500_CE
ATL03_20190719040144_03220403_006_02.h5,geojsons/simplified_GRE_2500_CE.geojson,GrIS_2019_simplified_GRE_2500_CE
ATL03_20190719164637_03300405_006_02.h5,geojsons/simplified_GRE_2500_CE.geojson,GrIS_2019_simplified_GRE_2500_CE
ATL03_20190720033605_03370403_006_02.h5,geojsons/simplified_GRE_2500_CE.geojson,GrIS_2019_simplified_GRE_2500_CE
ATL03_20190720162059_03450405_006_02.h5,geojsons/simplified_GRE_2500_CE.geojson,GrIS_2019_simplified_GRE_2500_CE
ATL03_20190723035328_03830403_006_02.h5,geojsons/simplified_GRE_2500_CE.geojson,GrIS_2019_simplified_GRE_2500_CE
ATL03_20190723163821_03910405_006_02.h5,geojsons/simplified_GRE_2500_CE.geojson,GrIS_2019_simplified_GRE_2500_CE
ATL03_20190724032749_03980403_006_02.h5,geojsons/simplified_GRE_2500_CE.geojson,GrIS_2019_simplified_GRE_2500_CE
ATL03_20190724161242_04060405_006_02.h5,geojsons/simplified_GRE_2500_CE.geojson,GrIS_2019_simplified_GRE_2500_CE
ATL03_20190727034510_04440403_006_02.h5,geojsons/simplified_GRE_2500_CE.geojson,GrIS_2019_simplified_GRE_2500_CE
ATL03_20190727163004_04520405_006_02.h5,geojsons/simplified_GRE_2500_CE.geojson,GrIS_2019_simplified_GRE_2500_CE
ATL03_20190728031932_04590403_006_02.h5,geojsons/simplified_GRE_2500_CE.geojson,GrIS_2019_simplified_GRE_2500_CE
ATL03_20190728160425_04670405_006_02.h5,geojsons/simplified_GRE_2500_CE.geojson,GrIS_2019_simplified_GRE_2500_CE
ATL03_20190729025353_04740403_006_02.h5,geojsons/simplified_GRE_2500_CE.geojson,GrIS_2019_simplified_GRE_2500_CE
ATL03_20190729153846_04820405_006_02.h5,geojsons/simplified_GRE_2500_CE.geojson,GrIS_2019_simplified_GRE_2500_CE
ATL03_20190731033653_05050403_006_02.h5,geojsons/simplified_GRE_2500_CE.geojson,GrIS_2019_simplified_GRE_2500_CE
ATL03_20190731162146_05130405_006_02.h5,geojsons/simplified_GRE_2500_CE.geojson,GrIS_2019_simplified_GRE_2500_CE
ATL03_20190801031114_05200403_006_02.h5,geojsons/simplified_GRE_2500_CE.geojson,GrIS_2019_simplified_GRE_2500_CE
ATL03_20190801155607_05280405_006_02.h5,geojsons/simplified_GRE_2500_CE.geojson,GrIS_2019_simplified_GRE_2500_CE
ATL03_20190802024535_05350403_006_02.h5,geojsons/simplified_GRE_2500_CE.geojson,GrIS_2019_simplified_GRE_2500_CE
ATL03_20190802153028_05430405_006_02.h5,geojsons/simplified_GRE_2500_CE.geojson,GrIS_2019_simplified_GRE_2500_CE
ATL03_20190804032834_05660403_006_02.h5,geojsons/simplified_GRE_2500_CE.geojson,GrIS_2019_simplified_GRE_2500_CE
ATL03_20190805030255_05810403_006_02.h5,geojsons/simplified_GRE_2500_CE.geojson,GrIS_2019_simplified_GRE_2500_CE
ATL03_20190805154748_05890405_006_02.h5,geojsons/simplified_GRE_2500_CE.geojson,GrIS_2019_simplified_GRE_2500_CE
ATL03_20190806023715_05960403_006_02.h5,geojsons/simplified_GRE_2500_CE.geojson,GrIS_2019_simplified_GRE_2500_CE
ATL03_20190806152208_06040405_006_02.h5,geojsons/simplified_GRE_2500_CE.geojson,GrIS_2019_simplified_GRE_2500_CE
ATL03_20190808032014_06270403_006_02.h5,geojsons/simplified_GRE_2500_CE.geojson,GrIS_2019_simplified_GRE_2500_CE
ATL03_20190809025434_06420403_006_02.h5,geojsons/simplified_GRE_2500_CE.geojson,GrIS_2019_simplified_GRE_2500_CE
ATL03_20190809153928_06500405_006_02.h5,geojsons/simplified_GRE_2500_CE.geojson,GrIS_2019_simplified_GRE_2500_CE
ATL03_20190810022855_06570403_006_02.h5,geojsons/simplified_GRE_2500_CE.geojson,GrIS_2019_simplified_GRE_2500_CE
ATL03_20190810151349_06650405_006_02.h5,geojsons/simplified_GRE_2500_CE.geojson,GrIS_2019_simplified_GRE_2500_CE
ATL03_20190812031154_06880403_006_02.h5,geojsons/simplified_GRE_2500_CE.geojson,GrIS_2019_simplified_GRE_2500_CE
ATL03_20190813024615_07030403_006_02.h5,geojsons/simplified_GRE_2500_CE.geojson,GrIS_2019_simplified_GRE_2500_CE
ATL03_20190813153108_07110405_006_02.h5,geojsons/simplified_GRE_2500_CE.geojson,GrIS_2019_simplified_GRE_2500_CE
ATL03_20190814022036_07180403_006_02.h5,geojsons/simplified_GRE_2500_CE.geojson,GrIS_2019_simplified_GRE_2500_CE
ATL03_20190814150529_07260405_006_02.h5,geojsons/simplified_GRE_2500_CE.geojson,GrIS_2019_simplified_GRE_2500_CE
ATL03_20190816030335_07490403_006_02.h5,geojsons/simplified_GRE_2500_CE.geojson,GrIS_2019_simplified_GRE_2500_CE
ATL03_20190817023756_07640403_006_02.h5,geojsons/simplified_GRE_2500_CE.geojson,GrIS_2019_simplified_GRE_2500_CE
ATL03_20190817152250_07720405_006_02.h5,geojsons/simplified_GRE_2500_CE.geojson,GrIS_2019_simplified_GRE_2500_CE
ATL03_20190818021217_07790403_006_02.h5,geojsons/simplified_GRE_2500_CE.geojson,GrIS_2019_simplified_GRE_2500_CE
ATL03_20190818145711_07870405_006_02.h5,geojsons/simplified_GRE_2500_CE.geojson,GrIS_2019_simplified_GRE_2500_CE
ATL03_20190820025517_08100403_006_02.h5,geojsons/simplified_GRE_2500_CE.geojson,GrIS_2019_simplified_GRE_2500_CE
ATL03_20190821022938_08250403_006_02.h5,geojsons/simplified_GRE_2500_CE.geojson,GrIS_2019_simplified_GRE_2500_CE
ATL03_20190821151431_08330405_006_02.h5,geojsons/simplified_GRE_2500_CE.geojson,GrIS_2019_simplified_GRE_2500_CE
ATL03_20190822144852_08480405_006_02.h5,geojsons/simplified_GRE_2500_CE.geojson,GrIS_2019_simplified_GRE_2500_CE
ATL03_20190825022119_08860403_006_02.h5,geojsons/simplified_GRE_2500_CE.geojson,GrIS_2019_simplified_GRE_2500_CE
ATL03_20190825150612_08940405_006_02.h5,geojsons/simplified_GRE_2500_CE.geojson,GrIS_2019_simplified_GRE_2500_CE
ATL03_20190826015540_09010403_006_02.h5,geojsons/simplified_GRE_2500_CE.geojson,GrIS_2019_simplified_GRE_2500_CE
ATL03_20190826144033_09090405_006_02.h5,geojsons/simplified_GRE_2500_CE.geojson,GrIS_2019_simplified_GRE_2500_CE
ATL03_20190827141453_09240405_006_02.h5,geojsons/simplified_GRE_2500_CE.geojson,GrIS_2019_simplified_GRE_2500_CE
ATL03_20190829021259_09470403_006_02.h5,geojsons/simplified_GRE_2500_CE.geojson,GrIS_2019_simplified_GRE_2500_CE
ATL03_20190829145752_09550405_006_02.h5,geojsons/simplified_GRE_2500_CE.geojson,GrIS_2019_simplified_GRE_2500_CE
ATL03_20190830014719_09620403_006_02.h5,geojsons/simplified_GRE_2500_CE.geojson,GrIS_2019_simplified_GRE_2500_CE
ATL03_20190830143213_09700405_006_02.h5,geojsons/simplified_GRE_2500_CE.geojson,GrIS_2019_simplified_GRE_2500_CE
ATL03_20190831012140_09770403_006_02.h5,geojsons/simplified_GRE_2500_CE.geojson,GrIS_2019_simplified_GRE_2500_CE
ATL03_20190831140634_09850405_006_02.h5,geojsons/simplified_GRE_2500_CE.geojson,GrIS_2019_simplified_GRE_2500_CE
ATL03_20190902020439_10080403_006_02.h5,geojsons/simplified_GRE_2500_CE.geojson,GrIS_2019_simplified_GRE_2500_CE
ATL03_20190902144933_10160405_006_02.h5,geojsons/simplified_GRE_2500_CE.geojson,GrIS_2019_simplified_GRE_2500_CE
ATL03_20190903013900_10230403_006_02.h5,geojsons/simplified_GRE_2500_CE.geojson,GrIS_2019_simplified_GRE_2500_CE
ATL03_20190903142353_10310405_006_02.h5,geojsons/simplified_GRE_2500_CE.geojson,GrIS_2019_simplified_GRE_2500_CE
ATL03_20190904011320_10380403_006_02.h5,geojsons/simplified_GRE_2500_CE.geojson,GrIS_2019_simplified_GRE_2500_CE
ATL03_20190904135813_10460405_006_02.h5,geojsons/simplified_GRE_2500_CE.geojson,GrIS_2019_simplified_GRE_2500_CE
ATL03_20190906015619_10690403_006_02.h5,geojsons/simplified_GRE_2500_CE.geojson,GrIS_2019_simplified_GRE_2500_CE
ATL03_20190907013040_10840403_006_02.h5,geojsons/simplified_GRE_2500_CE.geojson,GrIS_2019_simplified_GRE_2500_CE
ATL03_20190907141533_10920405_006_02.h5,geojsons/simplified_GRE_2500_CE.geojson,GrIS_2019_simplified_GRE_2500_CE
ATL03_20190908010501_10990403_006_02.h5,geojsons/simplified_GRE_2500_CE.geojson,GrIS_2019_simplified_GRE_2500_CE
ATL03_20190908134954_11070405_006_02.h5,geojsons/simplified_GRE_2500_CE.geojson,GrIS_2019_simplified_GRE_2500_CE
ATL03_20190910014800_11300403_006_02.h5,geojsons/simplified_GRE_2500_CE.geojson,GrIS_2019_simplified_GRE_2500_CE
ATL03_20190911012221_11450403_006_02.h5,geojsons/simplified_GRE_2500_CE.geojson,GrIS_2019_simplified_GRE_2500_CE
ATL03_20190911140714_11530405_006_02.h5,geojsons/simplified_GRE_2500_CE.geojson,GrIS_2019_simplified_GRE_2500_CE
ATL03_20190912005641_11600403_006_02.h5,geojsons/simplified_GRE_2500_CE.geojson,GrIS_2019_simplified_GRE_2500_CE
ATL03_20190912134134_11680405_006_02.h5,geojsons/simplified_GRE_2500_CE.geojson,GrIS_2019_simplified_GRE_2500_CE
ATL03_20190914013940_11910403_006_02.h5,geojsons/simplified_GRE_2500_CE.geojson,GrIS_2019_simplified_GRE_2500_CE
ATL03_20190915011401_12060403_006_02.h5,geojsons/simplified_GRE_2500_CE.geojson,GrIS_2019_simplified_GRE_2500_CE
ATL03_20190915135855_12140405_006_02.h5,geojsons/simplified_GRE_2500_CE.geojson,GrIS_2019_simplified_GRE_2500_CE
ATL03_20190916004822_12210403_006_02.h5,geojsons/simplified_GRE_2500_CE.geojson,GrIS_2019_simplified_GRE_2500_CE
ATL03_20190916133315_12290405_006_02.h5,geojsons/simplified_GRE_2500_CE.geojson,GrIS_2019_simplified_GRE_2500_CE
ATL03_20190918013122_12520403_006_02.h5,geojsons/simplified_GRE_2500_CE.geojson,GrIS_2019_simplified_GRE_2500_CE
ATL03_20190919010542_12670403_006_02.h5,geojsons/simplified_GRE_2500_CE.geojson,GrIS_2019_simplified_GRE_2500_CE
ATL03_20190919135035_12750405_006_02.h5,geojsons/simplified_GRE_2500_CE.geojson,GrIS_2019_simplified_GRE_2500_CE
ATL03_20190920004003_12820403_006_02.h5,geojsons/simplified_GRE_2500_CE.geojson,GrIS_2019_simplified_GRE_2500_CE
ATL03_20190920132457_12900405_006_02.h5,geojsons/simplified_GRE_2500_CE.geojson,GrIS_2019_simplified_GRE_2500_CE
ATL03_20190923134218_13360405_006_02.h5,geojsons/simplified_GRE_2500_CE.geojson,GrIS_2019_simplified_GRE_2500_CE
ATL03_20190924003145_13430403_006_02.h5,geojsons/simplified_GRE_2500_CE.geojson,GrIS_2019_simplified_GRE_2500_CE
ATL03_20190924131638_13510405_006_02.h5,geojsons/simplified_GRE_2500_CE.geojson,GrIS_2019_simplified_GRE_2500_CE
ATL03_20190925125059_13660405_006_02.h5,geojsons/simplified_GRE_2500_CE.geojson,GrIS_2019_simplified_GRE_2500_CE
ATL03_20190927004905_00020503_006_02.h5,geojsons/simplified_GRE_2500_CE.geojson,GrIS_2019_simplified_GRE_2500_CE
ATL03_20190927133358_00100505_006_02.h5,geojsons/simplified_GRE_2500_CE.geojson,GrIS_2019_simplified_GRE_2500_CE
ATL03_20190928002326_00170503_006_02.h5,geojsons/simplified_GRE_2500_CE.geojson,GrIS_2019_simplified_GRE_2500_CE
ATL03_20190928130819_00250505_006_02.h5,geojsons/simplified_GRE_2500_CE.geojson,GrIS_2019_simplified_GRE_2500_CE
ATL03_20190928235746_00320503_006_02.h5,geojsons/simplified_GRE_2500_CE.geojson,GrIS_2019_simplified_GRE_2500_CE
ATL03_20190929124239_00400505_006_02.h5,geojsons/simplified_GRE_2500_CE.geojson,GrIS_2019_simplified_GRE_2500_CE
ATL03_20200501022953_05430705_006_01.h5,geojsons/simplified_GRE_2500_CE.geojson,GrIS_2020_simplified_GRE_2500_CE
ATL03_20200502142800_05660703_006_01.h5,geojsons/simplified_GRE_2500_CE.geojson,GrIS_2020_simplified_GRE_2500_CE
ATL03_20200503140221_05810703_006_01.h5,geojsons/simplified_GRE_2500_CE.geojson,GrIS_2020_simplified_GRE_2500_CE
ATL03_20200504024714_05890705_006_01.h5,geojsons/simplified_GRE_2500_CE.geojson,GrIS_2020_simplified_GRE_2500_CE
ATL03_20200504133642_05960703_006_01.h5,geojsons/simplified_GRE_2500_CE.geojson,GrIS_2020_simplified_GRE_2500_CE
ATL03_20200505022136_06040705_006_01.h5,geojsons/simplified_GRE_2500_CE.geojson,GrIS_2020_simplified_GRE_2500_CE
ATL03_20200506141941_06270703_006_01.h5,geojsons/simplified_GRE_2500_CE.geojson,GrIS_2020_simplified_GRE_2500_CE
ATL03_20200507135402_06420703_006_01.h5,geojsons/simplified_GRE_2500_CE.geojson,GrIS_2020_simplified_GRE_2500_CE
ATL03_20200508023855_06500705_006_01.h5,geojsons/simplified_GRE_2500_CE.geojson,GrIS_2020_simplified_GRE_2500_CE
ATL03_20200508132823_06570703_006_01.h5,geojsons/simplified_GRE_2500_CE.geojson,GrIS_2020_simplified_GRE_2500_CE
ATL03_20200509021317_06650705_006_01.h5,geojsons/simplified_GRE_2500_CE.geojson,GrIS_2020_simplified_GRE_2500_CE
ATL03_20200510141122_06880703_006_01.h5,geojsons/simplified_GRE_2500_CE.geojson,GrIS_2020_simplified_GRE_2500_CE
ATL03_20200511134543_07030703_006_01.h5,geojsons/simplified_GRE_2500_CE.geojson,GrIS_2020_simplified_GRE_2500_CE
ATL03_20200512023036_07110705_006_01.h5,geojsons/simplified_GRE_2500_CE.geojson,GrIS_2020_simplified_GRE_2500_CE
ATL03_20200512132004_07180703_006_01.h5,geojsons/simplified_GRE_2500_CE.geojson,GrIS_2020_simplified_GRE_2500_CE
ATL03_20200513020457_07260705_006_01.h5,geojsons/simplified_GRE_2500_CE.geojson,GrIS_2020_simplified_GRE_2500_CE
ATL03_20200514140302_07490703_006_01.h5,geojsons/simplified_GRE_2500_CE.geojson,GrIS_2020_simplified_GRE_2500_CE
ATL03_20200515133723_07640703_006_01.h5,geojsons/simplified_GRE_2500_CE.geojson,GrIS_2020_simplified_GRE_2500_CE
ATL03_20200516022217_07720705_006_01.h5,geojsons/simplified_GRE_2500_CE.geojson,GrIS_2020_simplified_GRE_2500_CE
ATL03_20200516131144_07790703_006_01.h5,geojsons/simplified_GRE_2500_CE.geojson,GrIS_2020_simplified_GRE_2500_CE
ATL03_20200517015638_07870705_006_01.h5,geojsons/simplified_GRE_2500_CE.geojson,GrIS_2020_simplified_GRE_2500_CE
ATL03_20200519132904_08250703_006_01.h5,geojsons/simplified_GRE_2500_CE.geojson,GrIS_2020_simplified_GRE_2500_CE
ATL03_20200520021358_08330705_006_01.h5,geojsons/simplified_GRE_2500_CE.geojson,GrIS_2020_simplified_GRE_2500_CE
ATL03_20200520130325_08400703_006_01.h5,geojsons/simplified_GRE_2500_CE.geojson,GrIS_2020_simplified_GRE_2500_CE
ATL03_20200521014818_08480705_006_01.h5,geojsons/simplified_GRE_2500_CE.geojson,GrIS_2020_simplified_GRE_2500_CE
ATL03_20200523132044_08860703_006_01.h5,geojsons/simplified_GRE_2500_CE.geojson,GrIS_2020_simplified_GRE_2500_CE
ATL03_20200524020537_08940705_006_01.h5,geojsons/simplified_GRE_2500_CE.geojson,GrIS_2020_simplified_GRE_2500_CE
ATL03_20200524125505_09010703_006_01.h5,geojsons/simplified_GRE_2500_CE.geojson,GrIS_2020_simplified_GRE_2500_CE
ATL03_20200525013957_09090705_006_01.h5,geojsons/simplified_GRE_2500_CE.geojson,GrIS_2020_simplified_GRE_2500_CE
ATL03_20200526011418_09240705_006_01.h5,geojsons/simplified_GRE_2500_CE.geojson,GrIS_2020_simplified_GRE_2500_CE
ATL03_20200527131223_09470703_006_01.h5,geojsons/simplified_GRE_2500_CE.geojson,GrIS_2020_simplified_GRE_2500_CE
ATL03_20200528015717_09550705_006_01.h5,geojsons/simplified_GRE_2500_CE.geojson,GrIS_2020_simplified_GRE_2500_CE
ATL03_20200528124644_09620703_006_01.h5,geojsons/simplified_GRE_2500_CE.geojson,GrIS_2020_simplified_GRE_2500_CE
ATL03_20200529013137_09700705_006_01.h5,geojsons/simplified_GRE_2500_CE.geojson,GrIS_2020_simplified_GRE_2500_CE
ATL03_20200529122105_09770703_006_01.h5,geojsons/simplified_GRE_2500_CE.geojson,GrIS_2020_simplified_GRE_2500_CE
ATL03_20200530010558_09850705_006_01.h5,geojsons/simplified_GRE_2500_CE.geojson,GrIS_2020_simplified_GRE_2500_CE
ATL03_20200531130404_10080703_006_01.h5,geojsons/simplified_GRE_2500_CE.geojson,GrIS_2020_simplified_GRE_2500_CE
ATL03_20200601014857_10160705_006_01.h5,geojsons/simplified_GRE_2500_CE.geojson,GrIS_2020_simplified_GRE_2500_CE
ATL03_20200601123824_10230703_006_01.h5,geojsons/simplified_GRE_2500_CE.geojson,GrIS_2020_simplified_GRE_2500_CE
ATL03_20200602012317_10310705_006_01.h5,geojsons/simplified_GRE_2500_CE.geojson,GrIS_2020_simplified_GRE_2500_CE
ATL03_20200602121245_10380703_006_01.h5,geojsons/simplified_GRE_2500_CE.geojson,GrIS_2020_simplified_GRE_2500_CE
ATL03_20200603005738_10460705_006_01.h5,geojsons/simplified_GRE_2500_CE.geojson,GrIS_2020_simplified_GRE_2500_CE
ATL03_20200604125543_10690703_006_01.h5,geojsons/simplified_GRE_2500_CE.geojson,GrIS_2020_simplified_GRE_2500_CE
ATL03_20200605123003_10840703_006_01.h5,geojsons/simplified_GRE_2500_CE.geojson,GrIS_2020_simplified_GRE_2500_CE
ATL03_20200606011457_10920705_006_01.h5,geojsons/simplified_GRE_2500_CE.geojson,GrIS_2020_simplified_GRE_2500_CE
ATL03_20200606120424_10990703_006_01.h5,geojsons/simplified_GRE_2500_CE.geojson,GrIS_2020_simplified_GRE_2500_CE
ATL03_20200607004917_11070705_006_01.h5,geojsons/simplified_GRE_2500_CE.geojson,GrIS_2020_simplified_GRE_2500_CE
ATL03_20200608124723_11300703_006_01.h5,geojsons/simplified_GRE_2500_CE.geojson,GrIS_2020_simplified_GRE_2500_CE
ATL03_20200609122143_11450703_006_01.h5,geojsons/simplified_GRE_2500_CE.geojson,GrIS_2020_simplified_GRE_2500_CE
ATL03_20200610010636_11530705_006_01.h5,geojsons/simplified_GRE_2500_CE.geojson,GrIS_2020_simplified_GRE_2500_CE
ATL03_20200610115603_11600703_006_01.h5,geojsons/simplified_GRE_2500_CE.geojson,GrIS_2020_simplified_GRE_2500_CE
ATL03_20200611004056_11680705_006_01.h5,geojsons/simplified_GRE_2500_CE.geojson,GrIS_2020_simplified_GRE_2500_CE
ATL03_20200612123902_11910703_006_01.h5,geojsons/simplified_GRE_2500_CE.geojson,GrIS_2020_simplified_GRE_2500_CE
ATL03_20200613121323_12060703_006_01.h5,geojsons/simplified_GRE_2500_CE.geojson,GrIS_2020_simplified_GRE_2500_CE
ATL03_20200614005816_12140705_006_01.h5,geojsons/simplified_GRE_2500_CE.geojson,GrIS_2020_simplified_GRE_2500_CE
ATL03_20200614114744_12210703_006_01.h5,geojsons/simplified_GRE_2500_CE.geojson,GrIS_2020_simplified_GRE_2500_CE
ATL03_20200615003237_12290705_006_01.h5,geojsons/simplified_GRE_2500_CE.geojson,GrIS_2020_simplified_GRE_2500_CE
ATL03_20200617120504_12670703_006_01.h5,geojsons/simplified_GRE_2500_CE.geojson,GrIS_2020_simplified_GRE_2500_CE
ATL03_20200618004957_12750705_006_01.h5,geojsons/simplified_GRE_2500_CE.geojson,GrIS_2020_simplified_GRE_2500_CE
ATL03_20200618113924_12820703_006_01.h5,geojsons/simplified_GRE_2500_CE.geojson,GrIS_2020_simplified_GRE_2500_CE
ATL03_20200619002417_12900705_006_01.h5,geojsons/simplified_GRE_2500_CE.geojson,GrIS_2020_simplified_GRE_2500_CE
ATL03_20200621115644_13280703_006_01.h5,geojsons/simplified_GRE_2500_CE.geojson,GrIS_2020_simplified_GRE_2500_CE
ATL03_20200622004137_13360705_006_01.h5,geojsons/simplified_GRE_2500_CE.geojson,GrIS_2020_simplified_GRE_2500_CE
ATL03_20200622113105_13430703_006_01.h5,geojsons/simplified_GRE_2500_CE.geojson,GrIS_2020_simplified_GRE_2500_CE
ATL03_20200623001558_13510705_006_01.h5,geojsons/simplified_GRE_2500_CE.geojson,GrIS_2020_simplified_GRE_2500_CE
ATL03_20200623235019_13660705_006_01.h5,geojsons/simplified_GRE_2500_CE.geojson,GrIS_2020_simplified_GRE_2500_CE
ATL03_20200625114824_00020803_006_01.h5,geojsons/simplified_GRE_2500_CE.geojson,GrIS_2020_simplified_GRE_2500_CE
ATL03_20200626003317_00100805_006_01.h5,geojsons/simplified_GRE_2500_CE.geojson,GrIS_2020_simplified_GRE_2500_CE
ATL03_20200626112245_00170803_006_01.h5,geojsons/simplified_GRE_2500_CE.geojson,GrIS_2020_simplified_GRE_2500_CE
ATL03_20200627000738_00250805_006_01.h5,geojsons/simplified_GRE_2500_CE.geojson,GrIS_2020_simplified_GRE_2500_CE
ATL03_20200627105706_00320803_006_01.h5,geojsons/simplified_GRE_2500_CE.geojson,GrIS_2020_simplified_GRE_2500_CE
ATL03_20200627234159_00400805_006_01.h5,geojsons/simplified_GRE_2500_CE.geojson,GrIS_2020_simplified_GRE_2500_CE
ATL03_20200629114004_00630803_006_01.h5,geojsons/simplified_GRE_2500_CE.geojson,GrIS_2020_simplified_GRE_2500_CE
ATL03_20200630002458_00710805_006_01.h5,geojsons/simplified_GRE_2500_CE.geojson,GrIS_2020_simplified_GRE_2500_CE
ATL03_20200630111425_00780803_006_01.h5,geojsons/simplified_GRE_2500_CE.geojson,GrIS_2020_simplified_GRE_2500_CE
ATL03_20200630235918_00860805_006_01.h5,geojsons/simplified_GRE_2500_CE.geojson,GrIS_2020_simplified_GRE_2500_CE
ATL03_20200701104846_00930803_006_01.h5,geojsons/simplified_GRE_2500_CE.geojson,GrIS_2020_simplified_GRE_2500_CE
ATL03_20200701233339_01010805_006_01.h5,geojsons/simplified_GRE_2500_CE.geojson,GrIS_2020_simplified_GRE_2500_CE
ATL03_20200703113144_01240803_006_01.h5,geojsons/simplified_GRE_2500_CE.geojson,GrIS_2020_simplified_GRE_2500_CE
ATL03_20200704110604_01390803_006_01.h5,geojsons/simplified_GRE_2500_CE.geojson,GrIS_2020_simplified_GRE_2500_CE
ATL03_20200704235057_01470805_006_01.h5,geojsons/simplified_GRE_2500_CE.geojson,GrIS_2020_simplified_GRE_2500_CE
ATL03_20200705104024_01540803_006_01.h5,geojsons/simplified_GRE_2500_CE.geojson,GrIS_2020_simplified_GRE_2500_CE
ATL03_20200705232517_01620805_006_01.h5,geojsons/simplified_GRE_2500_CE.geojson,GrIS_2020_simplified_GRE_2500_CE
ATL03_20200707112322_01850803_006_01.h5,geojsons/simplified_GRE_2500_CE.geojson,GrIS_2020_simplified_GRE_2500_CE
ATL03_20200708105743_02000803_006_01.h5,geojsons/simplified_GRE_2500_CE.geojson,GrIS_2020_simplified_GRE_2500_CE
ATL03_20200708234236_02080805_006_01.h5,geojsons/simplified_GRE_2500_CE.geojson,GrIS_2020_simplified_GRE_2500_CE
ATL03_20200709103204_02150803_006_01.h5,geojsons/simplified_GRE_2500_CE.geojson,GrIS_2020_simplified_GRE_2500_CE
ATL03_20200709231657_02230805_006_01.h5,geojsons/simplified_GRE_2500_CE.geojson,GrIS_2020_simplified_GRE_2500_CE
ATL03_20200711111504_02460803_006_01.h5,geojsons/simplified_GRE_2500_CE.geojson,GrIS_2020_simplified_GRE_2500_CE
ATL03_20200712104925_02610803_006_01.h5,geojsons/simplified_GRE_2500_CE.geojson,GrIS_2020_simplified_GRE_2500_CE
ATL03_20200712233418_02690805_006_01.h5,geojsons/simplified_GRE_2500_CE.geojson,GrIS_2020_simplified_GRE_2500_CE
ATL03_20200713102347_02760803_006_01.h5,geojsons/simplified_GRE_2500_CE.geojson,GrIS_2020_simplified_GRE_2500_CE
ATL03_20200713230840_02840805_006_01.h5,geojsons/simplified_GRE_2500_CE.geojson,GrIS_2020_simplified_GRE_2500_CE
ATL03_20200716104107_03220803_006_01.h5,geojsons/simplified_GRE_2500_CE.geojson,GrIS_2020_simplified_GRE_2500_CE
ATL03_20200716232600_03300805_006_01.h5,geojsons/simplified_GRE_2500_CE.geojson,GrIS_2020_simplified_GRE_2500_CE
ATL03_20200717101528_03370803_006_01.h5,geojsons/simplified_GRE_2500_CE.geojson,GrIS_2020_simplified_GRE_2500_CE
ATL03_20200717230021_03450805_006_01.h5,geojsons/simplified_GRE_2500_CE.geojson,GrIS_2020_simplified_GRE_2500_CE
ATL03_20200720103248_03830803_006_01.h5,geojsons/simplified_GRE_2500_CE.geojson,GrIS_2020_simplified_GRE_2500_CE
ATL03_20200720231741_03910805_006_01.h5,geojsons/simplified_GRE_2500_CE.geojson,GrIS_2020_simplified_GRE_2500_CE
ATL03_20200721100708_03980803_006_01.h5,geojsons/simplified_GRE_2500_CE.geojson,GrIS_2020_simplified_GRE_2500_CE
ATL03_20200721225202_04060805_006_01.h5,geojsons/simplified_GRE_2500_CE.geojson,GrIS_2020_simplified_GRE_2500_CE
ATL03_20200724102428_04440803_006_01.h5,geojsons/simplified_GRE_2500_CE.geojson,GrIS_2020_simplified_GRE_2500_CE
ATL03_20200724230921_04520805_006_01.h5,geojsons/simplified_GRE_2500_CE.geojson,GrIS_2020_simplified_GRE_2500_CE
ATL03_20200725095847_04590803_006_01.h5,geojsons/simplified_GRE_2500_CE.geojson,GrIS_2020_simplified_GRE_2500_CE
ATL03_20200725224340_04670805_006_01.h5,geojsons/simplified_GRE_2500_CE.geojson,GrIS_2020_simplified_GRE_2500_CE
ATL03_20200726093309_04740803_006_01.h5,geojsons/simplified_GRE_2500_CE.geojson,GrIS_2020_simplified_GRE_2500_CE
ATL03_20200726221803_04820805_006_01.h5,geojsons/simplified_GRE_2500_CE.geojson,GrIS_2020_simplified_GRE_2500_CE
ATL03_20200728101608_05050803_006_01.h5,geojsons/simplified_GRE_2500_CE.geojson,GrIS_2020_simplified_GRE_2500_CE
ATL03_20200728230101_05130805_006_01.h5,geojsons/simplified_GRE_2500_CE.geojson,GrIS_2020_simplified_GRE_2500_CE
ATL03_20200729095028_05200803_006_01.h5,geojsons/simplified_GRE_2500_CE.geojson,GrIS_2020_simplified_GRE_2500_CE
ATL03_20200729223522_05280805_006_01.h5,geojsons/simplified_GRE_2500_CE.geojson,GrIS_2020_simplified_GRE_2500_CE
ATL03_20200730092449_05350803_006_01.h5,geojsons/simplified_GRE_2500_CE.geojson,GrIS_2020_simplified_GRE_2500_CE
ATL03_20200730220942_05430805_006_01.h5,geojsons/simplified_GRE_2500_CE.geojson,GrIS_2020_simplified_GRE_2500_CE
ATL03_20200801100748_05660803_006_01.h5,geojsons/simplified_GRE_2500_CE.geojson,GrIS_2020_simplified_GRE_2500_CE
ATL03_20200802094208_05810803_006_01.h5,geojsons/simplified_GRE_2500_CE.geojson,GrIS_2020_simplified_GRE_2500_CE
ATL03_20200802222701_05890805_006_01.h5,geojsons/simplified_GRE_2500_CE.geojson,GrIS_2020_simplified_GRE_2500_CE
ATL03_20200803091628_05960803_006_01.h5,geojsons/simplified_GRE_2500_CE.geojson,GrIS_2020_simplified_GRE_2500_CE
ATL03_20200803220122_06040805_006_01.h5,geojsons/simplified_GRE_2500_CE.geojson,GrIS_2020_simplified_GRE_2500_CE
ATL03_20200805095927_06270803_006_01.h5,geojsons/simplified_GRE_2500_CE.geojson,GrIS_2020_simplified_GRE_2500_CE
ATL03_20200806093347_06420803_006_01.h5,geojsons/simplified_GRE_2500_CE.geojson,GrIS_2020_simplified_GRE_2500_CE
ATL03_20200806221840_06500805_006_01.h5,geojsons/simplified_GRE_2500_CE.geojson,GrIS_2020_simplified_GRE_2500_CE
ATL03_20200807090808_06570803_006_01.h5,geojsons/simplified_GRE_2500_CE.geojson,GrIS_2020_simplified_GRE_2500_CE
ATL03_20200807215301_06650805_006_01.h5,geojsons/simplified_GRE_2500_CE.geojson,GrIS_2020_simplified_GRE_2500_CE
ATL03_20200809095107_06880803_006_01.h5,geojsons/simplified_GRE_2500_CE.geojson,GrIS_2020_simplified_GRE_2500_CE
ATL03_20200810092528_07030803_006_01.h5,geojsons/simplified_GRE_2500_CE.geojson,GrIS_2020_simplified_GRE_2500_CE
ATL03_20200810221021_07110805_006_01.h5,geojsons/simplified_GRE_2500_CE.geojson,GrIS_2020_simplified_GRE_2500_CE
ATL03_20200811085949_07180803_006_01.h5,geojsons/simplified_GRE_2500_CE.geojson,GrIS_2020_simplified_GRE_2500_CE
ATL03_20200811214442_07260805_006_01.h5,geojsons/simplified_GRE_2500_CE.geojson,GrIS_2020_simplified_GRE_2500_CE
ATL03_20200813094248_07490803_006_01.h5,geojsons/simplified_GRE_2500_CE.geojson,GrIS_2020_simplified_GRE_2500_CE
ATL03_20200814091709_07640803_006_01.h5,geojsons/simplified_GRE_2500_CE.geojson,GrIS_2020_simplified_GRE_2500_CE
ATL03_20200814220202_07720805_006_01.h5,geojsons/simplified_GRE_2500_CE.geojson,GrIS_2020_simplified_GRE_2500_CE
ATL03_20200815085129_07790803_006_01.h5,geojsons/simplified_GRE_2500_CE.geojson,GrIS_2020_simplified_GRE_2500_CE
ATL03_20200815213623_07870805_006_01.h5,geojsons/simplified_GRE_2500_CE.geojson,GrIS_2020_simplified_GRE_2500_CE
ATL03_20200818090849_08250803_006_01.h5,geojsons/simplified_GRE_2500_CE.geojson,GrIS_2020_simplified_GRE_2500_CE
ATL03_20200818215342_08330805_006_01.h5,geojsons/simplified_GRE_2500_CE.geojson,GrIS_2020_simplified_GRE_2500_CE
ATL03_20200819084310_08400803_006_01.h5,geojsons/simplified_GRE_2500_CE.geojson,GrIS_2020_simplified_GRE_2500_CE
ATL03_20200819212803_08480805_006_01.h5,geojsons/simplified_GRE_2500_CE.geojson,GrIS_2020_simplified_GRE_2500_CE
ATL03_20200822090029_08860803_006_01.h5,geojsons/simplified_GRE_2500_CE.geojson,GrIS_2020_simplified_GRE_2500_CE
ATL03_20200822214522_08940805_006_01.h5,geojsons/simplified_GRE_2500_CE.geojson,GrIS_2020_simplified_GRE_2500_CE
ATL03_20200823083450_09010803_006_01.h5,geojsons/simplified_GRE_2500_CE.geojson,GrIS_2020_simplified_GRE_2500_CE
ATL03_20200823211943_09090805_006_01.h5,geojsons/simplified_GRE_2500_CE.geojson,GrIS_2020_simplified_GRE_2500_CE
ATL03_20200824205404_09240805_006_01.h5,geojsons/simplified_GRE_2500_CE.geojson,GrIS_2020_simplified_GRE_2500_CE
ATL03_20200826085210_09470803_006_01.h5,geojsons/simplified_GRE_2500_CE.geojson,GrIS_2020_simplified_GRE_2500_CE
ATL03_20200826213703_09550805_006_01.h5,geojsons/simplified_GRE_2500_CE.geojson,GrIS_2020_simplified_GRE_2500_CE
ATL03_20200827082630_09620803_006_01.h5,geojsons/simplified_GRE_2500_CE.geojson,GrIS_2020_simplified_GRE_2500_CE
ATL03_20200827211123_09700805_006_01.h5,geojsons/simplified_GRE_2500_CE.geojson,GrIS_2020_simplified_GRE_2500_CE
ATL03_20200828080051_09770803_006_01.h5,geojsons/simplified_GRE_2500_CE.geojson,GrIS_2020_simplified_GRE_2500_CE
ATL03_20200828204544_09850805_006_01.h5,geojsons/simplified_GRE_2500_CE.geojson,GrIS_2020_simplified_GRE_2500_CE
ATL03_20200830084350_10080803_006_01.h5,geojsons/simplified_GRE_2500_CE.geojson,GrIS_2020_simplified_GRE_2500_CE
ATL03_20200830212843_10160805_006_01.h5,geojsons/simplified_GRE_2500_CE.geojson,GrIS_2020_simplified_GRE_2500_CE
ATL03_20200831081811_10230803_006_01.h5,geojsons/simplified_GRE_2500_CE.geojson,GrIS_2020_simplified_GRE_2500_CE
ATL03_20200831210304_10310805_006_01.h5,geojsons/simplified_GRE_2500_CE.geojson,GrIS_2020_simplified_GRE_2500_CE
ATL03_20200901075231_10380803_006_02.h5,geojsons/simplified_GRE_2500_CE.geojson,GrIS_2020_simplified_GRE_2500_CE
ATL03_20200901203724_10460805_006_02.h5,geojsons/simplified_GRE_2500_CE.geojson,GrIS_2020_simplified_GRE_2500_CE
ATL03_20200903083529_10690803_006_02.h5,geojsons/simplified_GRE_2500_CE.geojson,GrIS_2020_simplified_GRE_2500_CE
ATL03_20200904080950_10840803_006_02.h5,geojsons/simplified_GRE_2500_CE.geojson,GrIS_2020_simplified_GRE_2500_CE
ATL03_20200904205443_10920805_006_02.h5,geojsons/simplified_GRE_2500_CE.geojson,GrIS_2020_simplified_GRE_2500_CE
ATL03_20200905074411_10990803_006_02.h5,geojsons/simplified_GRE_2500_CE.geojson,GrIS_2020_simplified_GRE_2500_CE
ATL03_20200905202904_11070805_006_02.h5,geojsons/simplified_GRE_2500_CE.geojson,GrIS_2020_simplified_GRE_2500_CE
ATL03_20200907082710_11300803_006_02.h5,geojsons/simplified_GRE_2500_CE.geojson,GrIS_2020_simplified_GRE_2500_CE
ATL03_20200908080131_11450803_006_02.h5,geojsons/simplified_GRE_2500_CE.geojson,GrIS_2020_simplified_GRE_2500_CE
ATL03_20200908204624_11530805_006_02.h5,geojsons/simplified_GRE_2500_CE.geojson,GrIS_2020_simplified_GRE_2500_CE
ATL03_20200909073552_11600803_006_02.h5,geojsons/simplified_GRE_2500_CE.geojson,GrIS_2020_simplified_GRE_2500_CE
ATL03_20200909202045_11680805_006_02.h5,geojsons/simplified_GRE_2500_CE.geojson,GrIS_2020_simplified_GRE_2500_CE
ATL03_20200911081851_11910803_006_02.h5,geojsons/simplified_GRE_2500_CE.geojson,GrIS_2020_simplified_GRE_2500_CE
ATL03_20200912075311_12060803_006_02.h5,geojsons/simplified_GRE_2500_CE.geojson,GrIS_2020_simplified_GRE_2500_CE
ATL03_20200912203804_12140805_006_02.h5,geojsons/simplified_GRE_2500_CE.geojson,GrIS_2020_simplified_GRE_2500_CE
ATL03_20200913072732_12210803_006_02.h5,geojsons/simplified_GRE_2500_CE.geojson,GrIS_2020_simplified_GRE_2500_CE
ATL03_20200913201225_12290805_006_02.h5,geojsons/simplified_GRE_2500_CE.geojson,GrIS_2020_simplified_GRE_2500_CE
ATL03_20200916074451_12670803_006_02.h5,geojsons/simplified_GRE_2500_CE.geojson,GrIS_2020_simplified_GRE_2500_CE
ATL03_20200916202944_12750805_006_02.h5,geojsons/simplified_GRE_2500_CE.geojson,GrIS_2020_simplified_GRE_2500_CE
ATL03_20200917071912_12820803_006_02.h5,geojsons/simplified_GRE_2500_CE.geojson,GrIS_2020_simplified_GRE_2500_CE
ATL03_20200917200405_12900805_006_02.h5,geojsons/simplified_GRE_2500_CE.geojson,GrIS_2020_simplified_GRE_2500_CE
ATL03_20200920073632_13280803_006_02.h5,geojsons/simplified_GRE_2500_CE.geojson,GrIS_2020_simplified_GRE_2500_CE
ATL03_20200920202125_13360805_006_02.h5,geojsons/simplified_GRE_2500_CE.geojson,GrIS_2020_simplified_GRE_2500_CE
ATL03_20200921071053_13430803_006_02.h5,geojsons/simplified_GRE_2500_CE.geojson,GrIS_2020_simplified_GRE_2500_CE
ATL03_20200921195546_13510805_006_02.h5,geojsons/simplified_GRE_2500_CE.geojson,GrIS_2020_simplified_GRE_2500_CE
ATL03_20200922193007_13660805_006_02.h5,geojsons/simplified_GRE_2500_CE.geojson,GrIS_2020_simplified_GRE_2500_CE
ATL03_20200924072813_00020903_006_02.h5,geojsons/simplified_GRE_2500_CE.geojson,GrIS_2020_simplified_GRE_2500_CE
ATL03_20200924201306_00100905_006_02.h5,geojsons/simplified_GRE_2500_CE.geojson,GrIS_2020_simplified_GRE_2500_CE
ATL03_20200925070234_00170903_006_02.h5,geojsons/simplified_GRE_2500_CE.geojson,GrIS_2020_simplified_GRE_2500_CE
ATL03_20200925194727_00250905_006_02.h5,geojsons/simplified_GRE_2500_CE.geojson,GrIS_2020_simplified_GRE_2500_CE
ATL03_20200926063655_00320903_006_02.h5,geojsons/simplified_GRE_2500_CE.geojson,GrIS_2020_simplified_GRE_2500_CE
ATL03_20200926192148_00400905_006_02.h5,geojsons/simplified_GRE_2500_CE.geojson,GrIS_2020_simplified_GRE_2500_CE
ATL03_20200928071953_00630903_006_02.h5,geojsons/simplified_GRE_2500_CE.geojson,GrIS_2020_simplified_GRE_2500_CE
ATL03_20200928200446_00710905_006_02.h5,geojsons/simplified_GRE_2500_CE.geojson,GrIS_2020_simplified_GRE_2500_CE
ATL03_20200929065414_00780903_006_02.h5,geojsons/simplified_GRE_2500_CE.geojson,GrIS_2020_simplified_GRE_2500_CE
ATL03_20200929193907_00860905_006_02.h5,geojsons/simplified_GRE_2500_CE.geojson,GrIS_2020_simplified_GRE_2500_CE
ATL03_20200930062830_00930903_006_02.h5,geojsons/simplified_GRE_2500_CE.geojson,GrIS_2020_simplified_GRE_2500_CE
ATL03_20200930191322_01010905_006_02.h5,geojsons/simplified_GRE_2500_CE.geojson,GrIS_2020_simplified_GRE_2500_CE
ATL03_20210501204141_05811103_006_01.h5,geojsons/simplified_GRE_2500_CE.geojson,GrIS_2021_simplified_GRE_2500_CE
ATL03_20210502092634_05891105_006_01.h5,geojsons/simplified_GRE_2500_CE.geojson,GrIS_2021_simplified_GRE_2500_CE
ATL03_20210502201602_05961103_006_01.h5,geojsons/simplified_GRE_2500_CE.geojson,GrIS_2021_simplified_GRE_2500_CE
ATL03_20210503090055_06041105_006_01.h5,geojsons/simplified_GRE_2500_CE.geojson,GrIS_2021_simplified_GRE_2500_CE
ATL03_20210504205901_06271103_006_01.h5,geojsons/simplified_GRE_2500_CE.geojson,GrIS_2021_simplified_GRE_2500_CE
ATL03_20210505203321_06421103_006_01.h5,geojsons/simplified_GRE_2500_CE.geojson,GrIS_2021_simplified_GRE_2500_CE
ATL03_20210506091815_06501105_006_01.h5,geojsons/simplified_GRE_2500_CE.geojson,GrIS_2021_simplified_GRE_2500_CE
ATL03_20210506200742_06571103_006_01.h5,geojsons/simplified_GRE_2500_CE.geojson,GrIS_2021_simplified_GRE_2500_CE
ATL03_20210507085236_06651105_006_01.h5,geojsons/simplified_GRE_2500_CE.geojson,GrIS_2021_simplified_GRE_2500_CE
ATL03_20210508205042_06881103_006_01.h5,geojsons/simplified_GRE_2500_CE.geojson,GrIS_2021_simplified_GRE_2500_CE
ATL03_20210509202503_07031103_006_01.h5,geojsons/simplified_GRE_2500_CE.geojson,GrIS_2021_simplified_GRE_2500_CE
ATL03_20210510090956_07111105_006_01.h5,geojsons/simplified_GRE_2500_CE.geojson,GrIS_2021_simplified_GRE_2500_CE
ATL03_20210510195924_07181103_006_01.h5,geojsons/simplified_GRE_2500_CE.geojson,GrIS_2021_simplified_GRE_2500_CE
ATL03_20210511084417_07261105_006_01.h5,geojsons/simplified_GRE_2500_CE.geojson,GrIS_2021_simplified_GRE_2500_CE
ATL03_20210512204223_07491103_006_01.h5,geojsons/simplified_GRE_2500_CE.geojson,GrIS_2021_simplified_GRE_2500_CE
ATL03_20210513201644_07641103_006_01.h5,geojsons/simplified_GRE_2500_CE.geojson,GrIS_2021_simplified_GRE_2500_CE
ATL03_20210514090137_07721105_006_01.h5,geojsons/simplified_GRE_2500_CE.geojson,GrIS_2021_simplified_GRE_2500_CE
ATL03_20210514195104_07791103_006_01.h5,geojsons/simplified_GRE_2500_CE.geojson,GrIS_2021_simplified_GRE_2500_CE
ATL03_20210515083558_07871105_006_01.h5,geojsons/simplified_GRE_2500_CE.geojson,GrIS_2021_simplified_GRE_2500_CE
ATL03_20210517200823_08251103_006_01.h5,geojsons/simplified_GRE_2500_CE.geojson,GrIS_2021_simplified_GRE_2500_CE
ATL03_20210518085317_08331105_006_01.h5,geojsons/simplified_GRE_2500_CE.geojson,GrIS_2021_simplified_GRE_2500_CE
ATL03_20210518194244_08401103_006_01.h5,geojsons/simplified_GRE_2500_CE.geojson,GrIS_2021_simplified_GRE_2500_CE
ATL03_20210519082737_08481105_006_01.h5,geojsons/simplified_GRE_2500_CE.geojson,GrIS_2021_simplified_GRE_2500_CE
ATL03_20210521200004_08861103_006_01.h5,geojsons/simplified_GRE_2500_CE.geojson,GrIS_2021_simplified_GRE_2500_CE
ATL03_20210522084457_08941105_006_01.h5,geojsons/simplified_GRE_2500_CE.geojson,GrIS_2021_simplified_GRE_2500_CE
ATL03_20210522193424_09011103_006_01.h5,geojsons/simplified_GRE_2500_CE.geojson,GrIS_2021_simplified_GRE_2500_CE
ATL03_20210523081918_09091105_006_01.h5,geojsons/simplified_GRE_2500_CE.geojson,GrIS_2021_simplified_GRE_2500_CE
ATL03_20210524075338_09241105_006_01.h5,geojsons/simplified_GRE_2500_CE.geojson,GrIS_2021_simplified_GRE_2500_CE
ATL03_20210525195144_09471103_006_01.h5,geojsons/simplified_GRE_2500_CE.geojson,GrIS_2021_simplified_GRE_2500_CE
ATL03_20210526083637_09551105_006_01.h5,geojsons/simplified_GRE_2500_CE.geojson,GrIS_2021_simplified_GRE_2500_CE
ATL03_20210526192604_09621103_006_01.h5,geojsons/simplified_GRE_2500_CE.geojson,GrIS_2021_simplified_GRE_2500_CE
ATL03_20210527081057_09701105_006_01.h5,geojsons/simplified_GRE_2500_CE.geojson,GrIS_2021_simplified_GRE_2500_CE
ATL03_20210527190025_09771103_006_01.h5,geojsons/simplified_GRE_2500_CE.geojson,GrIS_2021_simplified_GRE_2500_CE
ATL03_20210528074518_09851105_006_01.h5,geojsons/simplified_GRE_2500_CE.geojson,GrIS_2021_simplified_GRE_2500_CE
ATL03_20210529194324_10081103_006_01.h5,geojsons/simplified_GRE_2500_CE.geojson,GrIS_2021_simplified_GRE_2500_CE
ATL03_20210530082817_10161105_006_01.h5,geojsons/simplified_GRE_2500_CE.geojson,GrIS_2021_simplified_GRE_2500_CE
ATL03_20210530191745_10231103_006_01.h5,geojsons/simplified_GRE_2500_CE.geojson,GrIS_2021_simplified_GRE_2500_CE
ATL03_20210531080238_10311105_006_01.h5,geojsons/simplified_GRE_2500_CE.geojson,GrIS_2021_simplified_GRE_2500_CE
ATL03_20210531185205_10381103_006_01.h5,geojsons/simplified_GRE_2500_CE.geojson,GrIS_2021_simplified_GRE_2500_CE
ATL03_20210601073659_10461105_006_01.h5,geojsons/simplified_GRE_2500_CE.geojson,GrIS_2021_simplified_GRE_2500_CE
ATL03_20210602193504_10691103_006_01.h5,geojsons/simplified_GRE_2500_CE.geojson,GrIS_2021_simplified_GRE_2500_CE
ATL03_20210603190925_10841103_006_01.h5,geojsons/simplified_GRE_2500_CE.geojson,GrIS_2021_simplified_GRE_2500_CE
ATL03_20210604075418_10921105_006_01.h5,geojsons/simplified_GRE_2500_CE.geojson,GrIS_2021_simplified_GRE_2500_CE
ATL03_20210604184346_10991103_006_01.h5,geojsons/simplified_GRE_2500_CE.geojson,GrIS_2021_simplified_GRE_2500_CE
ATL03_20210605072839_11071105_006_01.h5,geojsons/simplified_GRE_2500_CE.geojson,GrIS_2021_simplified_GRE_2500_CE
ATL03_20210606192645_11301103_006_01.h5,geojsons/simplified_GRE_2500_CE.geojson,GrIS_2021_simplified_GRE_2500_CE
ATL03_20210607190105_11451103_006_01.h5,geojsons/simplified_GRE_2500_CE.geojson,GrIS_2021_simplified_GRE_2500_CE
ATL03_20210608074559_11531105_006_01.h5,geojsons/simplified_GRE_2500_CE.geojson,GrIS_2021_simplified_GRE_2500_CE
ATL03_20210608183526_11601103_006_01.h5,geojsons/simplified_GRE_2500_CE.geojson,GrIS_2021_simplified_GRE_2500_CE
ATL03_20210609072019_11681105_006_01.h5,geojsons/simplified_GRE_2500_CE.geojson,GrIS_2021_simplified_GRE_2500_CE
ATL03_20210610191825_11911103_006_01.h5,geojsons/simplified_GRE_2500_CE.geojson,GrIS_2021_simplified_GRE_2500_CE
ATL03_20210611185246_12061103_006_01.h5,geojsons/simplified_GRE_2500_CE.geojson,GrIS_2021_simplified_GRE_2500_CE
ATL03_20210612073739_12141105_006_01.h5,geojsons/simplified_GRE_2500_CE.geojson,GrIS_2021_simplified_GRE_2500_CE
ATL03_20210612182706_12211103_006_01.h5,geojsons/simplified_GRE_2500_CE.geojson,GrIS_2021_simplified_GRE_2500_CE
ATL03_20210613071200_12291105_006_01.h5,geojsons/simplified_GRE_2500_CE.geojson,GrIS_2021_simplified_GRE_2500_CE
ATL03_20210615184426_12671103_006_01.h5,geojsons/simplified_GRE_2500_CE.geojson,GrIS_2021_simplified_GRE_2500_CE
ATL03_20210616072919_12751105_006_01.h5,geojsons/simplified_GRE_2500_CE.geojson,GrIS_2021_simplified_GRE_2500_CE
ATL03_20210616181846_12821103_006_01.h5,geojsons/simplified_GRE_2500_CE.geojson,GrIS_2021_simplified_GRE_2500_CE
ATL03_20210617070339_12901105_006_01.h5,geojsons/simplified_GRE_2500_CE.geojson,GrIS_2021_simplified_GRE_2500_CE
ATL03_20210619183606_13281103_006_01.h5,geojsons/simplified_GRE_2500_CE.geojson,GrIS_2021_simplified_GRE_2500_CE
ATL03_20210620072059_13361105_006_01.h5,geojsons/simplified_GRE_2500_CE.geojson,GrIS_2021_simplified_GRE_2500_CE
ATL03_20210620181026_13431103_006_01.h5,geojsons/simplified_GRE_2500_CE.geojson,GrIS_2021_simplified_GRE_2500_CE
ATL03_20210621065520_13511105_006_01.h5,geojsons/simplified_GRE_2500_CE.geojson,GrIS_2021_simplified_GRE_2500_CE
ATL03_20210622062941_13661105_006_01.h5,geojsons/simplified_GRE_2500_CE.geojson,GrIS_2021_simplified_GRE_2500_CE
ATL03_20210623182746_00021203_006_01.h5,geojsons/simplified_GRE_2500_CE.geojson,GrIS_2021_simplified_GRE_2500_CE
ATL03_20210624071239_00101205_006_01.h5,geojsons/simplified_GRE_2500_CE.geojson,GrIS_2021_simplified_GRE_2500_CE
ATL03_20210624180207_00171203_006_01.h5,geojsons/simplified_GRE_2500_CE.geojson,GrIS_2021_simplified_GRE_2500_CE
ATL03_20210625064700_00251205_006_01.h5,geojsons/simplified_GRE_2500_CE.geojson,GrIS_2021_simplified_GRE_2500_CE
ATL03_20210625173628_00321203_006_01.h5,geojsons/simplified_GRE_2500_CE.geojson,GrIS_2021_simplified_GRE_2500_CE
ATL03_20210626062121_00401205_006_01.h5,geojsons/simplified_GRE_2500_CE.geojson,GrIS_2021_simplified_GRE_2500_CE
ATL03_20210627181927_00631203_006_01.h5,geojsons/simplified_GRE_2500_CE.geojson,GrIS_2021_simplified_GRE_2500_CE
ATL03_20210628070420_00711205_006_01.h5,geojsons/simplified_GRE_2500_CE.geojson,GrIS_2021_simplified_GRE_2500_CE
ATL03_20210628175348_00781203_006_01.h5,geojsons/simplified_GRE_2500_CE.geojson,GrIS_2021_simplified_GRE_2500_CE
ATL03_20210629063841_00861205_006_01.h5,geojsons/simplified_GRE_2500_CE.geojson,GrIS_2021_simplified_GRE_2500_CE
ATL03_20210629172808_00931203_006_01.h5,geojsons/simplified_GRE_2500_CE.geojson,GrIS_2021_simplified_GRE_2500_CE
ATL03_20210630061302_01011205_006_01.h5,geojsons/simplified_GRE_2500_CE.geojson,GrIS_2021_simplified_GRE_2500_CE
ATL03_20210701181107_01241203_006_01.h5,geojsons/simplified_GRE_2500_CE.geojson,GrIS_2021_simplified_GRE_2500_CE
ATL03_20210702174528_01391203_006_01.h5,geojsons/simplified_GRE_2500_CE.geojson,GrIS_2021_simplified_GRE_2500_CE
ATL03_20210703063021_01471205_006_01.h5,geojsons/simplified_GRE_2500_CE.geojson,GrIS_2021_simplified_GRE_2500_CE
ATL03_20210703171948_01541203_006_01.h5,geojsons/simplified_GRE_2500_CE.geojson,GrIS_2021_simplified_GRE_2500_CE
ATL03_20210704060441_01621205_006_01.h5,geojsons/simplified_GRE_2500_CE.geojson,GrIS_2021_simplified_GRE_2500_CE
ATL03_20210705180247_01851203_006_01.h5,geojsons/simplified_GRE_2500_CE.geojson,GrIS_2021_simplified_GRE_2500_CE
ATL03_20210706173707_02001203_006_01.h5,geojsons/simplified_GRE_2500_CE.geojson,GrIS_2021_simplified_GRE_2500_CE
ATL03_20210707062200_02081205_006_01.h5,geojsons/simplified_GRE_2500_CE.geojson,GrIS_2021_simplified_GRE_2500_CE
ATL03_20210707171127_02151203_006_01.h5,geojsons/simplified_GRE_2500_CE.geojson,GrIS_2021_simplified_GRE_2500_CE
ATL03_20210708055622_02231205_006_01.h5,geojsons/simplified_GRE_2500_CE.geojson,GrIS_2021_simplified_GRE_2500_CE
ATL03_20210709175428_02461203_006_01.h5,geojsons/simplified_GRE_2500_CE.geojson,GrIS_2021_simplified_GRE_2500_CE
ATL03_20210710172849_02611203_006_01.h5,geojsons/simplified_GRE_2500_CE.geojson,GrIS_2021_simplified_GRE_2500_CE
ATL03_20210711061342_02691205_006_01.h5,geojsons/simplified_GRE_2500_CE.geojson,GrIS_2021_simplified_GRE_2500_CE
ATL03_20210711170310_02761203_006_01.h5,geojsons/simplified_GRE_2500_CE.geojson,GrIS_2021_simplified_GRE_2500_CE
ATL03_20210712054803_02841205_006_01.h5,geojsons/simplified_GRE_2500_CE.geojson,GrIS_2021_simplified_GRE_2500_CE
ATL03_20210714172029_03221203_006_01.h5,geojsons/simplified_GRE_2500_CE.geojson,GrIS_2021_simplified_GRE_2500_CE
ATL03_20210715060523_03301205_006_01.h5,geojsons/simplified_GRE_2500_CE.geojson,GrIS_2021_simplified_GRE_2500_CE
ATL03_20210715165450_03371203_006_01.h5,geojsons/simplified_GRE_2500_CE.geojson,GrIS_2021_simplified_GRE_2500_CE
ATL03_20210716053944_03451205_006_01.h5,geojsons/simplified_GRE_2500_CE.geojson,GrIS_2021_simplified_GRE_2500_CE
ATL03_20210718171211_03831203_006_01.h5,geojsons/simplified_GRE_2500_CE.geojson,GrIS_2021_simplified_GRE_2500_CE
ATL03_20210719055704_03911205_006_01.h5,geojsons/simplified_GRE_2500_CE.geojson,GrIS_2021_simplified_GRE_2500_CE
ATL03_20210719164632_03981203_006_01.h5,geojsons/simplified_GRE_2500_CE.geojson,GrIS_2021_simplified_GRE_2500_CE
ATL03_20210720053125_04061205_006_01.h5,geojsons/simplified_GRE_2500_CE.geojson,GrIS_2021_simplified_GRE_2500_CE
ATL03_20210722170351_04441203_006_01.h5,geojsons/simplified_GRE_2500_CE.geojson,GrIS_2021_simplified_GRE_2500_CE
ATL03_20210723054844_04521205_006_01.h5,geojsons/simplified_GRE_2500_CE.geojson,GrIS_2021_simplified_GRE_2500_CE
ATL03_20210723163812_04591203_006_01.h5,geojsons/simplified_GRE_2500_CE.geojson,GrIS_2021_simplified_GRE_2500_CE
ATL03_20210724052305_04671205_006_01.h5,geojsons/simplified_GRE_2500_CE.geojson,GrIS_2021_simplified_GRE_2500_CE
ATL03_20210724161232_04741203_006_01.h5,geojsons/simplified_GRE_2500_CE.geojson,GrIS_2021_simplified_GRE_2500_CE
ATL03_20210725045725_04821205_006_01.h5,geojsons/simplified_GRE_2500_CE.geojson,GrIS_2021_simplified_GRE_2500_CE
ATL03_20210726165531_05051203_006_01.h5,geojsons/simplified_GRE_2500_CE.geojson,GrIS_2021_simplified_GRE_2500_CE
ATL03_20210727054025_05131205_006_01.h5,geojsons/simplified_GRE_2500_CE.geojson,GrIS_2021_simplified_GRE_2500_CE
ATL03_20210727162953_05201203_006_01.h5,geojsons/simplified_GRE_2500_CE.geojson,GrIS_2021_simplified_GRE_2500_CE
ATL03_20210728051446_05281205_006_01.h5,geojsons/simplified_GRE_2500_CE.geojson,GrIS_2021_simplified_GRE_2500_CE
ATL03_20210728160413_05351203_006_01.h5,geojsons/simplified_GRE_2500_CE.geojson,GrIS_2021_simplified_GRE_2500_CE
ATL03_20210729044908_05431205_006_01.h5,geojsons/simplified_GRE_2500_CE.geojson,GrIS_2021_simplified_GRE_2500_CE
ATL03_20210730164714_05661203_006_01.h5,geojsons/simplified_GRE_2500_CE.geojson,GrIS_2021_simplified_GRE_2500_CE
ATL03_20210731162134_05811203_006_01.h5,geojsons/simplified_GRE_2500_CE.geojson,GrIS_2021_simplified_GRE_2500_CE
ATL03_20210801050626_05891205_006_01.h5,geojsons/simplified_GRE_2500_CE.geojson,GrIS_2021_simplified_GRE_2500_CE
ATL03_20210801155554_05961203_006_01.h5,geojsons/simplified_GRE_2500_CE.geojson,GrIS_2021_simplified_GRE_2500_CE
ATL03_20210802044046_06041205_006_01.h5,geojsons/simplified_GRE_2500_CE.geojson,GrIS_2021_simplified_GRE_2500_CE
ATL03_20210803163851_06271203_006_01.h5,geojsons/simplified_GRE_2500_CE.geojson,GrIS_2021_simplified_GRE_2500_CE
ATL03_20210804161312_06421203_006_01.h5,geojsons/simplified_GRE_2500_CE.geojson,GrIS_2021_simplified_GRE_2500_CE
ATL03_20210805045805_06501205_006_01.h5,geojsons/simplified_GRE_2500_CE.geojson,GrIS_2021_simplified_GRE_2500_CE
ATL03_20210805154732_06571203_006_01.h5,geojsons/simplified_GRE_2500_CE.geojson,GrIS_2021_simplified_GRE_2500_CE
ATL03_20210806043227_06651205_006_01.h5,geojsons/simplified_GRE_2500_CE.geojson,GrIS_2021_simplified_GRE_2500_CE
ATL03_20210807163031_06881203_006_01.h5,geojsons/simplified_GRE_2500_CE.geojson,GrIS_2021_simplified_GRE_2500_CE
ATL03_20210808160453_07031203_006_01.h5,geojsons/simplified_GRE_2500_CE.geojson,GrIS_2021_simplified_GRE_2500_CE
ATL03_20210809044946_07111205_006_01.h5,geojsons/simplified_GRE_2500_CE.geojson,GrIS_2021_simplified_GRE_2500_CE
ATL03_20210809153914_07181203_006_01.h5,geojsons/simplified_GRE_2500_CE.geojson,GrIS_2021_simplified_GRE_2500_CE
ATL03_20210810042408_07261205_006_01.h5,geojsons/simplified_GRE_2500_CE.geojson,GrIS_2021_simplified_GRE_2500_CE
ATL03_20210811162215_07491203_006_01.h5,geojsons/simplified_GRE_2500_CE.geojson,GrIS_2021_simplified_GRE_2500_CE
ATL03_20210812155636_07641203_006_01.h5,geojsons/simplified_GRE_2500_CE.geojson,GrIS_2021_simplified_GRE_2500_CE
ATL03_20210813044129_07721205_006_01.h5,geojsons/simplified_GRE_2500_CE.geojson,GrIS_2021_simplified_GRE_2500_CE
ATL03_20210813153057_07791203_006_01.h5,geojsons/simplified_GRE_2500_CE.geojson,GrIS_2021_simplified_GRE_2500_CE
ATL03_20210814041550_07871205_006_01.h5,geojsons/simplified_GRE_2500_CE.geojson,GrIS_2021_simplified_GRE_2500_CE
ATL03_20210816154816_08251203_006_01.h5,geojsons/simplified_GRE_2500_CE.geojson,GrIS_2021_simplified_GRE_2500_CE
ATL03_20210817152238_08401203_006_01.h5,geojsons/simplified_GRE_2500_CE.geojson,GrIS_2021_simplified_GRE_2500_CE
ATL03_20210818040731_08481205_006_01.h5,geojsons/simplified_GRE_2500_CE.geojson,GrIS_2021_simplified_GRE_2500_CE
ATL03_20210820153957_08861203_006_01.h5,geojsons/simplified_GRE_2500_CE.geojson,GrIS_2021_simplified_GRE_2500_CE
ATL03_20210821042450_08941205_006_01.h5,geojsons/simplified_GRE_2500_CE.geojson,GrIS_2021_simplified_GRE_2500_CE
ATL03_20210821151418_09011203_006_01.h5,geojsons/simplified_GRE_2500_CE.geojson,GrIS_2021_simplified_GRE_2500_CE
ATL03_20210822035912_09091205_006_01.h5,geojsons/simplified_GRE_2500_CE.geojson,GrIS_2021_simplified_GRE_2500_CE
ATL03_20210823033332_09241205_006_01.h5,geojsons/simplified_GRE_2500_CE.geojson,GrIS_2021_simplified_GRE_2500_CE
ATL03_20210824153138_09471203_006_01.h5,geojsons/simplified_GRE_2500_CE.geojson,GrIS_2021_simplified_GRE_2500_CE
ATL03_20210825041631_09551205_006_01.h5,geojsons/simplified_GRE_2500_CE.geojson,GrIS_2021_simplified_GRE_2500_CE
ATL03_20210825150559_09621203_006_01.h5,geojsons/simplified_GRE_2500_CE.geojson,GrIS_2021_simplified_GRE_2500_CE
ATL03_20210826035052_09701205_006_01.h5,geojsons/simplified_GRE_2500_CE.geojson,GrIS_2021_simplified_GRE_2500_CE
ATL03_20210826144019_09771203_006_01.h5,geojsons/simplified_GRE_2500_CE.geojson,GrIS_2021_simplified_GRE_2500_CE
ATL03_20210827032514_09851205_006_01.h5,geojsons/simplified_GRE_2500_CE.geojson,GrIS_2021_simplified_GRE_2500_CE
ATL03_20210828152320_10081203_006_01.h5,geojsons/simplified_GRE_2500_CE.geojson,GrIS_2021_simplified_GRE_2500_CE
ATL03_20210829040811_10161205_006_01.h5,geojsons/simplified_GRE_2500_CE.geojson,GrIS_2021_simplified_GRE_2500_CE
ATL03_20210829145738_10231203_006_01.h5,geojsons/simplified_GRE_2500_CE.geojson,GrIS_2021_simplified_GRE_2500_CE
ATL03_20210830034232_10311205_006_01.h5,geojsons/simplified_GRE_2500_CE.geojson,GrIS_2021_simplified_GRE_2500_CE
ATL03_20210830143159_10381203_006_01.h5,geojsons/simplified_GRE_2500_CE.geojson,GrIS_2021_simplified_GRE_2500_CE
ATL03_20210831031653_10461205_006_01.h5,geojsons/simplified_GRE_2500_CE.geojson,GrIS_2021_simplified_GRE_2500_CE
ATL03_20210901151459_10691203_006_02.h5,geojsons/simplified_GRE_2500_CE.geojson,GrIS_2021_simplified_GRE_2500_CE
ATL03_20210902144920_10841203_006_02.h5,geojsons/simplified_GRE_2500_CE.geojson,GrIS_2021_simplified_GRE_2500_CE
ATL03_20210903033412_10921205_006_02.h5,geojsons/simplified_GRE_2500_CE.geojson,GrIS_2021_simplified_GRE_2500_CE
ATL03_20210903142340_10991203_006_02.h5,geojsons/simplified_GRE_2500_CE.geojson,GrIS_2021_simplified_GRE_2500_CE
ATL03_20210904030833_11071205_006_02.h5,geojsons/simplified_GRE_2500_CE.geojson,GrIS_2021_simplified_GRE_2500_CE
ATL03_20210905150639_11301203_006_02.h5,geojsons/simplified_GRE_2500_CE.geojson,GrIS_2021_simplified_GRE_2500_CE
ATL03_20210906144101_11451203_006_02.h5,geojsons/simplified_GRE_2500_CE.geojson,GrIS_2021_simplified_GRE_2500_CE
ATL03_20210907032555_11531205_006_02.h5,geojsons/simplified_GRE_2500_CE.geojson,GrIS_2021_simplified_GRE_2500_CE
ATL03_20210907141522_11601203_006_02.h5,geojsons/simplified_GRE_2500_CE.geojson,GrIS_2021_simplified_GRE_2500_CE
ATL03_20210908030015_11681205_006_02.h5,geojsons/simplified_GRE_2500_CE.geojson,GrIS_2021_simplified_GRE_2500_CE
ATL03_20210909145820_11911203_006_02.h5,geojsons/simplified_GRE_2500_CE.geojson,GrIS_2021_simplified_GRE_2500_CE
ATL03_20210912025155_12291205_006_02.h5,geojsons/simplified_GRE_2500_CE.geojson,GrIS_2021_simplified_GRE_2500_CE
ATL03_20210914142422_12671203_006_02.h5,geojsons/simplified_GRE_2500_CE.geojson,GrIS_2021_simplified_GRE_2500_CE
ATL03_20210915030915_12751205_006_02.h5,geojsons/simplified_GRE_2500_CE.geojson,GrIS_2021_simplified_GRE_2500_CE
ATL03_20210915135843_12821203_006_02.h5,geojsons/simplified_GRE_2500_CE.geojson,GrIS_2021_simplified_GRE_2500_CE
ATL03_20210916024336_12901205_006_02.h5,geojsons/simplified_GRE_2500_CE.geojson,GrIS_2021_simplified_GRE_2500_CE
ATL03_20210918141603_13281203_006_02.h5,geojsons/simplified_GRE_2500_CE.geojson,GrIS_2021_simplified_GRE_2500_CE
ATL03_20210919030056_13361205_006_02.h5,geojsons/simplified_GRE_2500_CE.geojson,GrIS_2021_simplified_GRE_2500_CE
ATL03_20210919135023_13431203_006_02.h5,geojsons/simplified_GRE_2500_CE.geojson,GrIS_2021_simplified_GRE_2500_CE
ATL03_20210920023516_13511205_006_02.h5,geojsons/simplified_GRE_2500_CE.geojson,GrIS_2021_simplified_GRE_2500_CE
ATL03_20210921020937_13661205_006_02.h5,geojsons/simplified_GRE_2500_CE.geojson,GrIS_2021_simplified_GRE_2500_CE
ATL03_20210922140743_00021303_006_02.h5,geojsons/simplified_GRE_2500_CE.geojson,GrIS_2021_simplified_GRE_2500_CE
ATL03_20210923025236_00101305_006_02.h5,geojsons/simplified_GRE_2500_CE.geojson,GrIS_2021_simplified_GRE_2500_CE
ATL03_20210923134204_00171303_006_02.h5,geojsons/simplified_GRE_2500_CE.geojson,GrIS_2021_simplified_GRE_2500_CE
ATL03_20210924022658_00251305_006_02.h5,geojsons/simplified_GRE_2500_CE.geojson,GrIS_2021_simplified_GRE_2500_CE
ATL03_20210924131626_00321303_006_02.h5,geojsons/simplified_GRE_2500_CE.geojson,GrIS_2021_simplified_GRE_2500_CE
ATL03_20210925020119_00401305_006_02.h5,geojsons/simplified_GRE_2500_CE.geojson,GrIS_2021_simplified_GRE_2500_CE
ATL03_20210926135923_00631303_006_02.h5,geojsons/simplified_GRE_2500_CE.geojson,GrIS_2021_simplified_GRE_2500_CE
ATL03_20210927024417_00711305_006_02.h5,geojsons/simplified_GRE_2500_CE.geojson,GrIS_2021_simplified_GRE_2500_CE
ATL03_20210927133345_00781303_006_02.h5,geojsons/simplified_GRE_2500_CE.geojson,GrIS_2021_simplified_GRE_2500_CE
ATL03_20210928021838_00861305_006_02.h5,geojsons/simplified_GRE_2500_CE.geojson,GrIS_2021_simplified_GRE_2500_CE
ATL03_20210928130805_00931303_006_02.h5,geojsons/simplified_GRE_2500_CE.geojson,GrIS_2021_simplified_GRE_2500_CE
ATL03_20210929015259_01011305_006_02.h5,geojsons/simplified_GRE_2500_CE.geojson,GrIS_2021_simplified_GRE_2500_CE
ATL03_20210930135104_01241303_006_02.h5,geojsons/simplified_GRE_2500_CE.geojson,GrIS_2021_simplified_GRE_2500_CE
ATL03_20220501025534_05961503_006_02.h5,geojsons/simplified_GRE_2500_CE.geojson,GrIS_2022_simplified_GRE_2500_CE
ATL03_20220501154027_06041505_006_01.h5,geojsons/simplified_GRE_2500_CE.geojson,GrIS_2022_simplified_GRE_2500_CE
ATL03_20220503033831_06271503_006_01.h5,geojsons/simplified_GRE_2500_CE.geojson,GrIS_2022_simplified_GRE_2500_CE
ATL03_20220504031254_06421503_006_01.h5,geojsons/simplified_GRE_2500_CE.geojson,GrIS_2022_simplified_GRE_2500_CE
ATL03_20220504155747_06501505_006_01.h5,geojsons/simplified_GRE_2500_CE.geojson,GrIS_2022_simplified_GRE_2500_CE
ATL03_20220505024714_06571503_006_01.h5,geojsons/simplified_GRE_2500_CE.geojson,GrIS_2022_simplified_GRE_2500_CE
ATL03_20220505153207_06651505_006_01.h5,geojsons/simplified_GRE_2500_CE.geojson,GrIS_2022_simplified_GRE_2500_CE
ATL03_20220507033018_06881503_006_01.h5,geojsons/simplified_GRE_2500_CE.geojson,GrIS_2022_simplified_GRE_2500_CE
ATL03_20220508030435_07031503_006_01.h5,geojsons/simplified_GRE_2500_CE.geojson,GrIS_2022_simplified_GRE_2500_CE
ATL03_20220508154927_07111505_006_01.h5,geojsons/simplified_GRE_2500_CE.geojson,GrIS_2022_simplified_GRE_2500_CE
ATL03_20220509023853_07181503_006_01.h5,geojsons/simplified_GRE_2500_CE.geojson,GrIS_2022_simplified_GRE_2500_CE
ATL03_20220509152345_07261505_006_01.h5,geojsons/simplified_GRE_2500_CE.geojson,GrIS_2022_simplified_GRE_2500_CE
ATL03_20220511032157_07491503_006_01.h5,geojsons/simplified_GRE_2500_CE.geojson,GrIS_2022_simplified_GRE_2500_CE
ATL03_20220512025617_07641503_006_01.h5,geojsons/simplified_GRE_2500_CE.geojson,GrIS_2022_simplified_GRE_2500_CE
ATL03_20220512154109_07721505_006_01.h5,geojsons/simplified_GRE_2500_CE.geojson,GrIS_2022_simplified_GRE_2500_CE
ATL03_20220513023040_07791503_006_01.h5,geojsons/simplified_GRE_2500_CE.geojson,GrIS_2022_simplified_GRE_2500_CE
ATL03_20220513151532_07871505_006_01.h5,geojsons/simplified_GRE_2500_CE.geojson,GrIS_2022_simplified_GRE_2500_CE
ATL03_20220516024758_08251503_006_01.h5,geojsons/simplified_GRE_2500_CE.geojson,GrIS_2022_simplified_GRE_2500_CE
ATL03_20220517022218_08401503_006_01.h5,geojsons/simplified_GRE_2500_CE.geojson,GrIS_2022_simplified_GRE_2500_CE
ATL03_20220517150711_08481505_006_01.h5,geojsons/simplified_GRE_2500_CE.geojson,GrIS_2022_simplified_GRE_2500_CE
ATL03_20220520023936_08861503_006_01.h5,geojsons/simplified_GRE_2500_CE.geojson,GrIS_2022_simplified_GRE_2500_CE
ATL03_20220520152428_08941505_006_01.h5,geojsons/simplified_GRE_2500_CE.geojson,GrIS_2022_simplified_GRE_2500_CE
ATL03_20220521021355_09011503_006_01.h5,geojsons/simplified_GRE_2500_CE.geojson,GrIS_2022_simplified_GRE_2500_CE
ATL03_20220521145848_09091505_006_01.h5,geojsons/simplified_GRE_2500_CE.geojson,GrIS_2022_simplified_GRE_2500_CE
ATL03_20220522143308_09241505_006_01.h5,geojsons/simplified_GRE_2500_CE.geojson,GrIS_2022_simplified_GRE_2500_CE
ATL03_20220524151608_09551505_006_01.h5,geojsons/simplified_GRE_2500_CE.geojson,GrIS_2022_simplified_GRE_2500_CE
ATL03_20220525020536_09621503_006_01.h5,geojsons/simplified_GRE_2500_CE.geojson,GrIS_2022_simplified_GRE_2500_CE
ATL03_20220525145029_09701505_006_01.h5,geojsons/simplified_GRE_2500_CE.geojson,GrIS_2022_simplified_GRE_2500_CE
ATL03_20220526013957_09771503_006_01.h5,geojsons/simplified_GRE_2500_CE.geojson,GrIS_2022_simplified_GRE_2500_CE
ATL03_20220526142450_09851505_006_01.h5,geojsons/simplified_GRE_2500_CE.geojson,GrIS_2022_simplified_GRE_2500_CE
ATL03_20220528022258_10081503_006_01.h5,geojsons/simplified_GRE_2500_CE.geojson,GrIS_2022_simplified_GRE_2500_CE
ATL03_20220528150753_10161505_006_01.h5,geojsons/simplified_GRE_2500_CE.geojson,GrIS_2022_simplified_GRE_2500_CE
ATL03_20220529015721_10231503_006_01.h5,geojsons/simplified_GRE_2500_CE.geojson,GrIS_2022_simplified_GRE_2500_CE
ATL03_20220529144215_10311505_006_01.h5,geojsons/simplified_GRE_2500_CE.geojson,GrIS_2022_simplified_GRE_2500_CE
ATL03_20220530013143_10381503_006_01.h5,geojsons/simplified_GRE_2500_CE.geojson,GrIS_2022_simplified_GRE_2500_CE
ATL03_20220530141637_10461505_006_01.h5,geojsons/simplified_GRE_2500_CE.geojson,GrIS_2022_simplified_GRE_2500_CE
ATL03_20220601021444_10691503_006_01.h5,geojsons/simplified_GRE_2500_CE.geojson,GrIS_2022_simplified_GRE_2500_CE
ATL03_20220602014904_10841503_006_01.h5,geojsons/simplified_GRE_2500_CE.geojson,GrIS_2022_simplified_GRE_2500_CE
ATL03_20220602143357_10921505_006_01.h5,geojsons/simplified_GRE_2500_CE.geojson,GrIS_2022_simplified_GRE_2500_CE
ATL03_20220603012325_10991503_006_01.h5,geojsons/simplified_GRE_2500_CE.geojson,GrIS_2022_simplified_GRE_2500_CE
ATL03_20220603140816_11071505_006_01.h5,geojsons/simplified_GRE_2500_CE.geojson,GrIS_2022_simplified_GRE_2500_CE
ATL03_20220605020622_11301503_006_01.h5,geojsons/simplified_GRE_2500_CE.geojson,GrIS_2022_simplified_GRE_2500_CE
ATL03_20220606014043_11451503_006_01.h5,geojsons/simplified_GRE_2500_CE.geojson,GrIS_2022_simplified_GRE_2500_CE
ATL03_20220606142535_11531505_006_01.h5,geojsons/simplified_GRE_2500_CE.geojson,GrIS_2022_simplified_GRE_2500_CE
ATL03_20220607011503_11601503_006_01.h5,geojsons/simplified_GRE_2500_CE.geojson,GrIS_2022_simplified_GRE_2500_CE
ATL03_20220607135957_11681505_006_01.h5,geojsons/simplified_GRE_2500_CE.geojson,GrIS_2022_simplified_GRE_2500_CE
ATL03_20220609015803_11911503_006_01.h5,geojsons/simplified_GRE_2500_CE.geojson,GrIS_2022_simplified_GRE_2500_CE
ATL03_20220610013219_12061503_006_01.h5,geojsons/simplified_GRE_2500_CE.geojson,GrIS_2022_simplified_GRE_2500_CE
ATL03_20220610141711_12141505_006_01.h5,geojsons/simplified_GRE_2500_CE.geojson,GrIS_2022_simplified_GRE_2500_CE
ATL03_20220611010641_12211503_006_01.h5,geojsons/simplified_GRE_2500_CE.geojson,GrIS_2022_simplified_GRE_2500_CE
ATL03_20220611135135_12291505_006_01.h5,geojsons/simplified_GRE_2500_CE.geojson,GrIS_2022_simplified_GRE_2500_CE
ATL03_20220614012401_12671503_006_01.h5,geojsons/simplified_GRE_2500_CE.geojson,GrIS_2022_simplified_GRE_2500_CE
ATL03_20220614140854_12751505_006_01.h5,geojsons/simplified_GRE_2500_CE.geojson,GrIS_2022_simplified_GRE_2500_CE
ATL03_20220615005821_12821503_006_01.h5,geojsons/simplified_GRE_2500_CE.geojson,GrIS_2022_simplified_GRE_2500_CE
ATL03_20220615134315_12901505_006_01.h5,geojsons/simplified_GRE_2500_CE.geojson,GrIS_2022_simplified_GRE_2500_CE
ATL03_20220618011542_13281503_006_01.h5,geojsons/simplified_GRE_2500_CE.geojson,GrIS_2022_simplified_GRE_2500_CE
ATL03_20220618140036_13361505_006_01.h5,geojsons/simplified_GRE_2500_CE.geojson,GrIS_2022_simplified_GRE_2500_CE
ATL03_20220619005004_13431503_006_01.h5,geojsons/simplified_GRE_2500_CE.geojson,GrIS_2022_simplified_GRE_2500_CE
ATL03_20220619133458_13511505_006_01.h5,geojsons/simplified_GRE_2500_CE.geojson,GrIS_2022_simplified_GRE_2500_CE
ATL03_20220620130922_13661505_006_01.h5,geojsons/simplified_GRE_2500_CE.geojson,GrIS_2022_simplified_GRE_2500_CE
ATL03_20220622010729_00021603_006_01.h5,geojsons/simplified_GRE_2500_CE.geojson,GrIS_2022_simplified_GRE_2500_CE
ATL03_20220622135223_00101605_006_01.h5,geojsons/simplified_GRE_2500_CE.geojson,GrIS_2022_simplified_GRE_2500_CE
ATL03_20220623004151_00171603_006_01.h5,geojsons/simplified_GRE_2500_CE.geojson,GrIS_2022_simplified_GRE_2500_CE
ATL03_20220623132645_00251605_006_01.h5,geojsons/simplified_GRE_2500_CE.geojson,GrIS_2022_simplified_GRE_2500_CE
ATL03_20220624001609_00321603_006_01.h5,geojsons/simplified_GRE_2500_CE.geojson,GrIS_2022_simplified_GRE_2500_CE
ATL03_20220624130101_00401605_006_01.h5,geojsons/simplified_GRE_2500_CE.geojson,GrIS_2022_simplified_GRE_2500_CE
ATL03_20220626005906_00631603_006_01.h5,geojsons/simplified_GRE_2500_CE.geojson,GrIS_2022_simplified_GRE_2500_CE
ATL03_20220626134359_00711605_006_01.h5,geojsons/simplified_GRE_2500_CE.geojson,GrIS_2022_simplified_GRE_2500_CE
ATL03_20220627003327_00781603_006_01.h5,geojsons/simplified_GRE_2500_CE.geojson,GrIS_2022_simplified_GRE_2500_CE
ATL03_20220627131820_00861605_006_01.h5,geojsons/simplified_GRE_2500_CE.geojson,GrIS_2022_simplified_GRE_2500_CE
ATL03_20220628000748_00931603_006_01.h5,geojsons/simplified_GRE_2500_CE.geojson,GrIS_2022_simplified_GRE_2500_CE
ATL03_20220628125241_01011605_006_01.h5,geojsons/simplified_GRE_2500_CE.geojson,GrIS_2022_simplified_GRE_2500_CE
ATL03_20220630005050_01241603_006_01.h5,geojsons/simplified_GRE_2500_CE.geojson,GrIS_2022_simplified_GRE_2500_CE
ATL03_20220701002507_01391603_006_02.h5,geojsons/simplified_GRE_2500_CE.geojson,GrIS_2022_simplified_GRE_2500_CE
ATL03_20220701131000_01471605_006_02.h5,geojsons/simplified_GRE_2500_CE.geojson,GrIS_2022_simplified_GRE_2500_CE
ATL03_20220701235928_01541603_006_02.h5,geojsons/simplified_GRE_2500_CE.geojson,GrIS_2022_simplified_GRE_2500_CE
ATL03_20220702124422_01621605_006_02.h5,geojsons/simplified_GRE_2500_CE.geojson,GrIS_2022_simplified_GRE_2500_CE
ATL03_20220704004229_01851603_006_02.h5,geojsons/simplified_GRE_2500_CE.geojson,GrIS_2022_simplified_GRE_2500_CE
ATL03_20220705001651_02001603_006_02.h5,geojsons/simplified_GRE_2500_CE.geojson,GrIS_2022_simplified_GRE_2500_CE
ATL03_20220705130144_02081605_006_02.h5,geojsons/simplified_GRE_2500_CE.geojson,GrIS_2022_simplified_GRE_2500_CE
ATL03_20220705235112_02151603_006_02.h5,geojsons/simplified_GRE_2500_CE.geojson,GrIS_2022_simplified_GRE_2500_CE
ATL03_20220706123604_02231605_006_02.h5,geojsons/simplified_GRE_2500_CE.geojson,GrIS_2022_simplified_GRE_2500_CE
ATL03_20220708003408_02461603_006_02.h5,geojsons/simplified_GRE_2500_CE.geojson,GrIS_2022_simplified_GRE_2500_CE
ATL03_20220709000829_02611603_006_02.h5,geojsons/simplified_GRE_2500_CE.geojson,GrIS_2022_simplified_GRE_2500_CE
ATL03_20220709125323_02691605_006_02.h5,geojsons/simplified_GRE_2500_CE.geojson,GrIS_2022_simplified_GRE_2500_CE
ATL03_20220709234251_02761603_006_02.h5,geojsons/simplified_GRE_2500_CE.geojson,GrIS_2022_simplified_GRE_2500_CE
ATL03_20220710122744_02841605_006_02.h5,geojsons/simplified_GRE_2500_CE.geojson,GrIS_2022_simplified_GRE_2500_CE
ATL03_20220713000004_03221603_006_02.h5,geojsons/simplified_GRE_2500_CE.geojson,GrIS_2022_simplified_GRE_2500_CE
ATL03_20220713124458_03301605_006_02.h5,geojsons/simplified_GRE_2500_CE.geojson,GrIS_2022_simplified_GRE_2500_CE
ATL03_20220713233425_03371603_006_02.h5,geojsons/simplified_GRE_2500_CE.geojson,GrIS_2022_simplified_GRE_2500_CE
ATL03_20220714121923_03451605_006_02.h5,geojsons/simplified_GRE_2500_CE.geojson,GrIS_2022_simplified_GRE_2500_CE
ATL03_20220716235148_03831603_006_02.h5,geojsons/simplified_GRE_2500_CE.geojson,GrIS_2022_simplified_GRE_2500_CE
ATL03_20220717123643_03911605_006_02.h5,geojsons/simplified_GRE_2500_CE.geojson,GrIS_2022_simplified_GRE_2500_CE
ATL03_20220717232611_03981603_006_02.h5,geojsons/simplified_GRE_2500_CE.geojson,GrIS_2022_simplified_GRE_2500_CE
ATL03_20220718121105_04061605_006_02.h5,geojsons/simplified_GRE_2500_CE.geojson,GrIS_2022_simplified_GRE_2500_CE
ATL03_20220720234329_04441603_006_02.h5,geojsons/simplified_GRE_2500_CE.geojson,GrIS_2022_simplified_GRE_2500_CE
ATL03_20220721122821_04521605_006_02.h5,geojsons/simplified_GRE_2500_CE.geojson,GrIS_2022_simplified_GRE_2500_CE
ATL03_20220721231748_04591603_006_02.h5,geojsons/simplified_GRE_2500_CE.geojson,GrIS_2022_simplified_GRE_2500_CE
ATL03_20220722120246_04671605_006_02.h5,geojsons/simplified_GRE_2500_CE.geojson,GrIS_2022_simplified_GRE_2500_CE
ATL03_20220722225214_04741603_006_02.h5,geojsons/simplified_GRE_2500_CE.geojson,GrIS_2022_simplified_GRE_2500_CE
ATL03_20220723113708_04821605_006_02.h5,geojsons/simplified_GRE_2500_CE.geojson,GrIS_2022_simplified_GRE_2500_CE
ATL03_20220724233513_05051603_006_02.h5,geojsons/simplified_GRE_2500_CE.geojson,GrIS_2022_simplified_GRE_2500_CE
ATL03_20220725122008_05131605_006_02.h5,geojsons/simplified_GRE_2500_CE.geojson,GrIS_2022_simplified_GRE_2500_CE
ATL03_20220725230935_05201603_006_02.h5,geojsons/simplified_GRE_2500_CE.geojson,GrIS_2022_simplified_GRE_2500_CE
ATL03_20220726115427_05281605_006_02.h5,geojsons/simplified_GRE_2500_CE.geojson,GrIS_2022_simplified_GRE_2500_CE
ATL03_20220726224354_05351603_006_02.h5,geojsons/simplified_GRE_2500_CE.geojson,GrIS_2022_simplified_GRE_2500_CE
ATL03_20220727112846_05431605_006_02.h5,geojsons/simplified_GRE_2500_CE.geojson,GrIS_2022_simplified_GRE_2500_CE
ATL03_20220728232653_05661603_006_02.h5,geojsons/simplified_GRE_2500_CE.geojson,GrIS_2022_simplified_GRE_2500_CE
ATL03_20220729230120_05811603_006_02.h5,geojsons/simplified_GRE_2500_CE.geojson,GrIS_2022_simplified_GRE_2500_CE
ATL03_20220730223536_05961603_006_02.h5,geojsons/simplified_GRE_2500_CE.geojson,GrIS_2022_simplified_GRE_2500_CE
ATL03_20220731112028_06041605_006_02.h5,geojsons/simplified_GRE_2500_CE.geojson,GrIS_2022_simplified_GRE_2500_CE
ATL03_20220801231832_06271603_006_01.h5,geojsons/simplified_GRE_2500_CE.geojson,GrIS_2022_simplified_GRE_2500_CE
ATL03_20220802225254_06421603_006_01.h5,geojsons/simplified_GRE_2500_CE.geojson,GrIS_2022_simplified_GRE_2500_CE
ATL03_20220803113748_06501605_006_01.h5,geojsons/simplified_GRE_2500_CE.geojson,GrIS_2022_simplified_GRE_2500_CE
ATL03_20220803222716_06571603_006_01.h5,geojsons/simplified_GRE_2500_CE.geojson,GrIS_2022_simplified_GRE_2500_CE
ATL03_20220804111210_06651605_006_01.h5,geojsons/simplified_GRE_2500_CE.geojson,GrIS_2022_simplified_GRE_2500_CE
ATL03_20220805231017_06881603_006_01.h5,geojsons/simplified_GRE_2500_CE.geojson,GrIS_2022_simplified_GRE_2500_CE
ATL03_20220806224438_07031603_006_01.h5,geojsons/simplified_GRE_2500_CE.geojson,GrIS_2022_simplified_GRE_2500_CE
ATL03_20220807112931_07111605_006_01.h5,geojsons/simplified_GRE_2500_CE.geojson,GrIS_2022_simplified_GRE_2500_CE
ATL03_20220807221858_07181603_006_01.h5,geojsons/simplified_GRE_2500_CE.geojson,GrIS_2022_simplified_GRE_2500_CE
ATL03_20220808110350_07261605_006_01.h5,geojsons/simplified_GRE_2500_CE.geojson,GrIS_2022_simplified_GRE_2500_CE
ATL03_20220809230156_07491603_006_01.h5,geojsons/simplified_GRE_2500_CE.geojson,GrIS_2022_simplified_GRE_2500_CE
ATL03_20220810223617_07641603_006_01.h5,geojsons/simplified_GRE_2500_CE.geojson,GrIS_2022_simplified_GRE_2500_CE
ATL03_20220811112110_07721605_006_01.h5,geojsons/simplified_GRE_2500_CE.geojson,GrIS_2022_simplified_GRE_2500_CE
ATL03_20220811221037_07791603_006_01.h5,geojsons/simplified_GRE_2500_CE.geojson,GrIS_2022_simplified_GRE_2500_CE
ATL03_20220812105526_07871605_006_01.h5,geojsons/simplified_GRE_2500_CE.geojson,GrIS_2022_simplified_GRE_2500_CE
ATL03_20220815111248_08331605_006_01.h5,geojsons/simplified_GRE_2500_CE.geojson,GrIS_2022_simplified_GRE_2500_CE
ATL03_20220815220216_08401603_006_01.h5,geojsons/simplified_GRE_2500_CE.geojson,GrIS_2022_simplified_GRE_2500_CE
ATL03_20220816104709_08481605_006_01.h5,geojsons/simplified_GRE_2500_CE.geojson,GrIS_2022_simplified_GRE_2500_CE
ATL03_20220818221935_08861603_006_01.h5,geojsons/simplified_GRE_2500_CE.geojson,GrIS_2022_simplified_GRE_2500_CE
ATL03_20220819110428_08941605_006_01.h5,geojsons/simplified_GRE_2500_CE.geojson,GrIS_2022_simplified_GRE_2500_CE
ATL03_20220819215356_09011603_006_01.h5,geojsons/simplified_GRE_2500_CE.geojson,GrIS_2022_simplified_GRE_2500_CE
ATL03_20220820103849_09091605_006_01.h5,geojsons/simplified_GRE_2500_CE.geojson,GrIS_2022_simplified_GRE_2500_CE
ATL03_20220821101311_09241605_006_01.h5,geojsons/simplified_GRE_2500_CE.geojson,GrIS_2022_simplified_GRE_2500_CE
ATL03_20220822221118_09471603_006_01.h5,geojsons/simplified_GRE_2500_CE.geojson,GrIS_2022_simplified_GRE_2500_CE
ATL03_20220823105612_09551605_006_01.h5,geojsons/simplified_GRE_2500_CE.geojson,GrIS_2022_simplified_GRE_2500_CE
ATL03_20220823214540_09621603_006_01.h5,geojsons/simplified_GRE_2500_CE.geojson,GrIS_2022_simplified_GRE_2500_CE
ATL03_20220824103033_09701605_006_01.h5,geojsons/simplified_GRE_2500_CE.geojson,GrIS_2022_simplified_GRE_2500_CE
ATL03_20220824212001_09771603_006_01.h5,geojsons/simplified_GRE_2500_CE.geojson,GrIS_2022_simplified_GRE_2500_CE
ATL03_20220825100454_09851605_006_01.h5,geojsons/simplified_GRE_2500_CE.geojson,GrIS_2022_simplified_GRE_2500_CE
ATL03_20220826220301_10081603_006_01.h5,geojsons/simplified_GRE_2500_CE.geojson,GrIS_2022_simplified_GRE_2500_CE
ATL03_20220827104754_10161605_006_01.h5,geojsons/simplified_GRE_2500_CE.geojson,GrIS_2022_simplified_GRE_2500_CE
ATL03_20220827213722_10231603_006_01.h5,geojsons/simplified_GRE_2500_CE.geojson,GrIS_2022_simplified_GRE_2500_CE
ATL03_20220828102214_10311605_006_01.h5,geojsons/simplified_GRE_2500_CE.geojson,GrIS_2022_simplified_GRE_2500_CE
ATL03_20220828211142_10381603_006_01.h5,geojsons/simplified_GRE_2500_CE.geojson,GrIS_2022_simplified_GRE_2500_CE
ATL03_20220829095635_10461605_006_01.h5,geojsons/simplified_GRE_2500_CE.geojson,GrIS_2022_simplified_GRE_2500_CE
ATL03_20220830215439_10691603_006_01.h5,geojsons/simplified_GRE_2500_CE.geojson,GrIS_2022_simplified_GRE_2500_CE
ATL03_20220831212859_10841603_006_01.h5,geojsons/simplified_GRE_2500_CE.geojson,GrIS_2022_simplified_GRE_2500_CE
ATL03_20220901101351_10921605_006_01.h5,geojsons/simplified_GRE_2500_CE.geojson,GrIS_2022_simplified_GRE_2500_CE
ATL03_20220901210318_10991603_006_01.h5,geojsons/simplified_GRE_2500_CE.geojson,GrIS_2022_simplified_GRE_2500_CE
ATL03_20220902094811_11071605_006_01.h5,geojsons/simplified_GRE_2500_CE.geojson,GrIS_2022_simplified_GRE_2500_CE
ATL03_20220903214618_11301603_006_01.h5,geojsons/simplified_GRE_2500_CE.geojson,GrIS_2022_simplified_GRE_2500_CE
ATL03_20220904212039_11451603_006_01.h5,geojsons/simplified_GRE_2500_CE.geojson,GrIS_2022_simplified_GRE_2500_CE
ATL03_20220905100533_11531605_006_01.h5,geojsons/simplified_GRE_2500_CE.geojson,GrIS_2022_simplified_GRE_2500_CE
ATL03_20220905205500_11601603_006_01.h5,geojsons/simplified_GRE_2500_CE.geojson,GrIS_2022_simplified_GRE_2500_CE
ATL03_20220906093953_11681605_006_01.h5,geojsons/simplified_GRE_2500_CE.geojson,GrIS_2022_simplified_GRE_2500_CE
ATL03_20220907213758_11911603_006_01.h5,geojsons/simplified_GRE_2500_CE.geojson,GrIS_2022_simplified_GRE_2500_CE
ATL03_20220908211218_12061603_006_01.h5,geojsons/simplified_GRE_2500_CE.geojson,GrIS_2022_simplified_GRE_2500_CE
ATL03_20220909095711_12141605_006_01.h5,geojsons/simplified_GRE_2500_CE.geojson,GrIS_2022_simplified_GRE_2500_CE
ATL03_20220909204639_12211603_006_01.h5,geojsons/simplified_GRE_2500_CE.geojson,GrIS_2022_simplified_GRE_2500_CE
ATL03_20220910093132_12291605_006_01.h5,geojsons/simplified_GRE_2500_CE.geojson,GrIS_2022_simplified_GRE_2500_CE
ATL03_20220912210359_12671603_006_01.h5,geojsons/simplified_GRE_2500_CE.geojson,GrIS_2022_simplified_GRE_2500_CE
ATL03_20220913094852_12751605_006_01.h5,geojsons/simplified_GRE_2500_CE.geojson,GrIS_2022_simplified_GRE_2500_CE
ATL03_20220913203819_12821603_006_01.h5,geojsons/simplified_GRE_2500_CE.geojson,GrIS_2022_simplified_GRE_2500_CE
ATL03_20220914092312_12901605_006_01.h5,geojsons/simplified_GRE_2500_CE.geojson,GrIS_2022_simplified_GRE_2500_CE
ATL03_20220916205537_13281603_006_01.h5,geojsons/simplified_GRE_2500_CE.geojson,GrIS_2022_simplified_GRE_2500_CE
ATL03_20220917094031_13361605_006_01.h5,geojsons/simplified_GRE_2500_CE.geojson,GrIS_2022_simplified_GRE_2500_CE
ATL03_20220917202958_13431603_006_01.h5,geojsons/simplified_GRE_2500_CE.geojson,GrIS_2022_simplified_GRE_2500_CE
ATL03_20220918091452_13511605_006_01.h5,geojsons/simplified_GRE_2500_CE.geojson,GrIS_2022_simplified_GRE_2500_CE
ATL03_20220919084914_13661605_006_01.h5,geojsons/simplified_GRE_2500_CE.geojson,GrIS_2022_simplified_GRE_2500_CE
ATL03_20220920204720_00021703_006_01.h5,geojsons/simplified_GRE_2500_CE.geojson,GrIS_2022_simplified_GRE_2500_CE
ATL03_20220921093213_00101705_006_01.h5,geojsons/simplified_GRE_2500_CE.geojson,GrIS_2022_simplified_GRE_2500_CE
ATL03_20220921202140_00171703_006_01.h5,geojsons/simplified_GRE_2500_CE.geojson,GrIS_2022_simplified_GRE_2500_CE
ATL03_20220922090633_00251705_006_01.h5,geojsons/simplified_GRE_2500_CE.geojson,GrIS_2022_simplified_GRE_2500_CE
ATL03_20220922195601_00321703_006_01.h5,geojsons/simplified_GRE_2500_CE.geojson,GrIS_2022_simplified_GRE_2500_CE
ATL03_20220923084055_00401705_006_01.h5,geojsons/simplified_GRE_2500_CE.geojson,GrIS_2022_simplified_GRE_2500_CE
ATL03_20220924203859_00631703_006_01.h5,geojsons/simplified_GRE_2500_CE.geojson,GrIS_2022_simplified_GRE_2500_CE
ATL03_20220925092352_00711705_006_01.h5,geojsons/simplified_GRE_2500_CE.geojson,GrIS_2022_simplified_GRE_2500_CE
ATL03_20220925201319_00781703_006_01.h5,geojsons/simplified_GRE_2500_CE.geojson,GrIS_2022_simplified_GRE_2500_CE
ATL03_20220926085812_00861705_006_01.h5,geojsons/simplified_GRE_2500_CE.geojson,GrIS_2022_simplified_GRE_2500_CE
ATL03_20220926194739_00931703_006_01.h5,geojsons/simplified_GRE_2500_CE.geojson,GrIS_2022_simplified_GRE_2500_CE
ATL03_20220927083233_01011705_006_01.h5,geojsons/simplified_GRE_2500_CE.geojson,GrIS_2022_simplified_GRE_2500_CE
ATL03_20220928203039_01241703_006_01.h5,geojsons/simplified_GRE_2500_CE.geojson,GrIS_2022_simplified_GRE_2500_CE
ATL03_20220929200500_01391703_006_01.h5,geojsons/simplified_GRE_2500_CE.geojson,GrIS_2022_simplified_GRE_2500_CE
ATL03_20220930084953_01471705_006_01.h5,geojsons/simplified_GRE_2500_CE.geojson,GrIS_2022_simplified_GRE_2500_CE
ATL03_20220930193920_01541703_006_01.h5,geojsons/simplified_GRE_2500_CE.geojson,GrIS_2022_simplified_GRE_2500_CE
